record_id,photo_id,observation_id,source_page_url,source_image_sha256,license_code,license_url,license_url_basis,attribution,changes,publication_review,metadata_checked_at_utc
inaturalist:101712041,101712041,63383199,https://www.inaturalist.org/observations/63383199,b6f6052760ab9624a61e19be59c5f68d9c01600185c1fdf7d1a1d5206935e3f9,cc-by,https://creativecommons.org/licenses/by/4.0/,current_site_code_mapping_not_historical_photo_page_capture,"(c) Gerard Chartier, some rights reserved (CC BY)","Bird detection annotation; resized, cropped, and augmented for model training",platform_terms_reply_pending,2026-09-24T19:44:58.404988+00:00
inaturalist:104701647,104701647,65067033,https://www.inaturalist.org/observations/65067033,47bedb425e9ba9748f4376026ac877e61a205359019fe2055b2d7909410672f1,cc-by,https://creativecommons.org/licenses/by/4.0/,current_site_code_mapping_not_historical_photo_page_capture,"(c) Christoph Moning, some rights reserved (CC BY)","Bird detection annotation; resized, cropped, and augmented for model training",platform_terms_reply_pending,2026-09-24T19:44:58.404988+00:00
inaturalist:104703035,104703035,65067496,https://www.inaturalist.org/observations/65067496,6d526259b783fcd7e14b3f970ce3be2c5b92cfd83616b2ab651243075bcba650,cc-by,https://creativecommons.org/licenses/by/4.0/,current_site_code_mapping_not_historical_photo_page_capture,"(c) Christoph Moning, some rights reserved (CC BY)","Bird detection annotation; resized, cropped, and augmented for model training",platform_terms_reply_pending,2026-09-24T19:44:58.404988+00:00
inaturalist:104703395,104703395,65067520,https://www.inaturalist.org/observations/65067520,f68f6fb1937c3fa0c94b0e48d0410eed71cc0f0d028e59f28e6674e64f0b22a9,cc-by,https://creativecommons.org/licenses/by/4.0/,current_site_code_mapping_not_historical_photo_page_capture,"(c) Christoph Moning, some rights reserved (CC BY)","Bird detection annotation; resized, cropped, and augmented for model training",platform_terms_reply_pending,2026-09-24T19:44:58.404988+00:00
inaturalist:104705022,104705022,65068526,https://www.inaturalist.org/observations/65068526,afe24afda53277b41ba40db10335efc031cd26112fd139e7b3606c9e0cbbccbf,cc-by,https://creativecommons.org/licenses/by/4.0/,current_site_code_mapping_not_historical_photo_page_capture,"(c) Christoph Moning, some rights reserved (CC BY)","Bird detection annotation; resized, cropped, and augmented for model training",platform_terms_reply_pending,2026-09-24T19:44:58.404988+00:00
inaturalist:104706169,104706169,65069097,https://www.inaturalist.org/observations/65069097,a3b8fd8138975616d67286c0e69371eb84107f4b2368183ae0cc264f6a7df936,cc-by,https://creativecommons.org/licenses/by/4.0/,current_site_code_mapping_not_historical_photo_page_capture,"(c) Christoph Moning, some rights reserved (CC BY)","Bird detection annotation; resized, cropped, and augmented for model training",platform_terms_reply_pending,2026-09-24T19:44:58.404988+00:00
inaturalist:104712430,104712430,65072879,https://www.inaturalist.org/observations/65072879,3762cd8b3ac70789d243a283f5f1fcd29a7c09b93dde02ac05d64daff5728f55,cc-by,https://creativecommons.org/licenses/by/4.0/,current_site_code_mapping_not_historical_photo_page_capture,"(c) Christoph Moning, some rights reserved (CC BY)","Bird detection annotation; resized, cropped, and augmented for model training",platform_terms_reply_pending,2026-09-24T19:44:58.404988+00:00
inaturalist:105776757,105776757,65694047,https://www.inaturalist.org/observations/65694047,a9a71af61ba7c3ff6c123bcb32342f38a897a09b89ec3d52eefeb4119f3c9811,cc-by,https://creativecommons.org/licenses/by/4.0/,current_site_code_mapping_not_historical_photo_page_capture,"(c) Christoph Moning, some rights reserved (CC BY)","Bird detection annotation; resized, cropped, and augmented for model training",platform_terms_reply_pending,2026-09-24T19:44:58.404988+00:00
inaturalist:105778545,105778545,65695373,https://www.inaturalist.org/observations/65695373,438a469c2ce76a745f6531a5b2dc0a1394d517d34036a3bc8c8b206322f40bd2,cc-by,https://creativecommons.org/licenses/by/4.0/,current_site_code_mapping_not_historical_photo_page_capture,"(c) Christoph Moning, some rights reserved (CC BY)","Bird detection annotation; resized, cropped, and augmented for model training",platform_terms_reply_pending,2026-09-24T19:44:58.404988+00:00
inaturalist:105778645,105778645,65695379,https://www.inaturalist.org/observations/65695379,756eea35ae8c67e0d4fc2d96fd74a8c379895f69dd195094af1f14174e15bdd9,cc-by,https://creativecommons.org/licenses/by/4.0/,current_site_code_mapping_not_historical_photo_page_capture,"(c) Christoph Moning, some rights reserved (CC BY)","Bird detection annotation; resized, cropped, and augmented for model training",platform_terms_reply_pending,2026-09-24T19:44:58.404988+00:00
inaturalist:105863169,105863169,65742075,https://www.inaturalist.org/observations/65742075,78481dd670f2f1c97b88f7e63a59e95fbe58d8c04e88c03dd3536c08f86f85bc,cc-by,https://creativecommons.org/licenses/by/4.0/,current_site_code_mapping_not_historical_photo_page_capture,"(c) Christoph Moning, some rights reserved (CC BY)","Bird detection annotation; resized, cropped, and augmented for model training",platform_terms_reply_pending,2026-09-24T19:44:58.404988+00:00
inaturalist:105863477,105863477,65742082,https://www.inaturalist.org/observations/65742082,3ad291e36bda9997b85413c2c9c7cbc4a59f6999f01261e5c6f89bf097dbfc2c,cc-by,https://creativecommons.org/licenses/by/4.0/,current_site_code_mapping_not_historical_photo_page_capture,"(c) Christoph Moning, some rights reserved (CC BY)","Bird detection annotation; resized, cropped, and augmented for model training",platform_terms_reply_pending,2026-09-24T19:44:58.404988+00:00
inaturalist:105890266,105890266,65758644,https://www.inaturalist.org/observations/65758644,ac7ba87988399feeba4c62a3f576cf015926b5b983a9c01cc948df1552c0ce5d,cc-by,https://creativecommons.org/licenses/by/4.0/,current_site_code_mapping_not_historical_photo_page_capture,"(c) Christoph Moning, some rights reserved (CC BY)","Bird detection annotation; resized, cropped, and augmented for model training",platform_terms_reply_pending,2026-09-24T19:44:58.404988+00:00
inaturalist:105894362,105894362,65758964,https://www.inaturalist.org/observations/65758964,11a207b12ff7eb019d7fecba8d6d2a742653b13738a4cc7fda77ad7786762e2f,cc-by,https://creativecommons.org/licenses/by/4.0/,current_site_code_mapping_not_historical_photo_page_capture,"(c) Christoph Moning, some rights reserved (CC BY)","Bird detection annotation; resized, cropped, and augmented for model training",platform_terms_reply_pending,2026-09-24T19:44:58.404988+00:00
inaturalist:105895133,105895133,65763918,https://www.inaturalist.org/observations/65763918,94c6e420eb3df9863aa8d008f68a136c4c8360577005d689527594d81624835f,cc-by,https://creativecommons.org/licenses/by/4.0/,current_site_code_mapping_not_historical_photo_page_capture,"(c) Christoph Moning, some rights reserved (CC BY)","Bird detection annotation; resized, cropped, and augmented for model training",platform_terms_reply_pending,2026-09-24T19:44:58.404988+00:00
inaturalist:105897040,105897040,65763930,https://www.inaturalist.org/observations/65763930,e7ec778c5e878c331021ad918cc6601aee2730fa75b046a09fed02c300c4cdf0,cc-by,https://creativecommons.org/licenses/by/4.0/,current_site_code_mapping_not_historical_photo_page_capture,"(c) Christoph Moning, some rights reserved (CC BY)","Bird detection annotation; resized, cropped, and augmented for model training",platform_terms_reply_pending,2026-09-24T19:44:58.404988+00:00
inaturalist:105897170,105897170,65763931,https://www.inaturalist.org/observations/65763931,d87b5db62e186cb2ce834567683d06189ee23bb5d6638e6c18e21e6f03e1c78e,cc-by,https://creativecommons.org/licenses/by/4.0/,current_site_code_mapping_not_historical_photo_page_capture,"(c) Christoph Moning, some rights reserved (CC BY)","Bird detection annotation; resized, cropped, and augmented for model training",platform_terms_reply_pending,2026-09-24T19:44:58.404988+00:00
inaturalist:105897392,105897392,65763933,https://www.inaturalist.org/observations/65763933,5941b3ded45fa1ed2800dd763af3e71f1b5dce13f9242ecb7b1dcc4f981dcfa6,cc-by,https://creativecommons.org/licenses/by/4.0/,current_site_code_mapping_not_historical_photo_page_capture,"(c) Christoph Moning, some rights reserved (CC BY)","Bird detection annotation; resized, cropped, and augmented for model training",platform_terms_reply_pending,2026-09-24T19:44:58.404988+00:00
inaturalist:113676518,113676518,69979651,https://www.inaturalist.org/observations/69979651,e10e44e5510ebc922ef6fe6a6aacb05068429da2de48bf698035dce9e3d180c5,cc-by,https://creativecommons.org/licenses/by/4.0/,current_site_code_mapping_not_historical_photo_page_capture,"(c) Rejoice Gassah, some rights reserved (CC BY)","Bird detection annotation; resized, cropped, and augmented for model training",platform_terms_reply_pending,2026-09-24T19:44:58.404988+00:00
inaturalist:114831453,114831453,70615320,https://www.inaturalist.org/observations/70615320,5a219ae2017f12d6f12b968f49c7001ad129ee228acadfbf9288b624bddd87e1,cc-by,https://creativecommons.org/licenses/by/4.0/,current_site_code_mapping_not_historical_photo_page_capture,"(c) Jan Ebr &amp; Ivana Ebrová, some rights reserved (CC BY)","Bird detection annotation; resized, cropped, and augmented for model training",platform_terms_reply_pending,2026-09-24T19:44:58.404988+00:00
inaturalist:11910062,11910062,8859914,https://www.inaturalist.org/observations/8859914,670cdb9a66b895c04aa0eb39c5aa8aae14db40b05f28025eaf1ad19f53856cac,cc-by,https://creativecommons.org/licenses/by/4.0/,current_site_code_mapping_not_historical_photo_page_capture,"(c) Marco Mussita, some rights reserved (CC BY)","Bird detection annotation; resized, cropped, and augmented for model training",platform_terms_reply_pending,2026-09-24T19:44:58.404988+00:00
inaturalist:11949845,11949845,8884789,https://www.inaturalist.org/observations/8884789,7f45218b27d1cb159a394725b66cbdb769eaf36123cc1ab29f40230b1d94484e,cc-by,https://creativecommons.org/licenses/by/4.0/,current_site_code_mapping_not_historical_photo_page_capture,"(c) Michael Bakker Paiva, some rights reserved (CC BY)","Bird detection annotation; resized, cropped, and augmented for model training",platform_terms_reply_pending,2026-09-24T19:44:58.404988+00:00
inaturalist:11949923,11949923,8884974,https://www.inaturalist.org/observations/8884974,1956189b16985b841b269577a20474591a48205bfee26b2e77402bdf251925e2,cc-by,https://creativecommons.org/licenses/by/4.0/,current_site_code_mapping_not_historical_photo_page_capture,"(c) Michael Bakker Paiva, some rights reserved (CC BY)","Bird detection annotation; resized, cropped, and augmented for model training",platform_terms_reply_pending,2026-09-24T19:44:58.404988+00:00
inaturalist:120752963,120752963,73921015,https://www.inaturalist.org/observations/73921015,3beae0403919cf7d842912e24c71e9e9dd0faa0b1b8af4a710981c5a68ec952b,cc-by,https://creativecommons.org/licenses/by/4.0/,current_site_code_mapping_not_historical_photo_page_capture,"(c) Rejoice Gassah, some rights reserved (CC BY)","Bird detection annotation; resized, cropped, and augmented for model training",platform_terms_reply_pending,2026-09-24T19:44:58.404988+00:00
inaturalist:129254926,129254926,78945918,https://www.inaturalist.org/observations/78945918,a47ca6a4b9a7a445b64caebd000ca450ee20c5e3b8a46f06ca6c0f99edda8ed8,cc-by,https://creativecommons.org/licenses/by/4.0/,current_site_code_mapping_not_historical_photo_page_capture,"(c) Ian Dugdale, some rights reserved (CC BY)","Bird detection annotation; resized, cropped, and augmented for model training",platform_terms_reply_pending,2026-09-24T19:44:58.404988+00:00
inaturalist:13343688,13343688,9748379,https://www.inaturalist.org/observations/9748379,edbf0c3510053271aa7c0e807788e07cc7b993811817b2f31f10011e3109fe27,cc-by,https://creativecommons.org/licenses/by/4.0/,current_site_code_mapping_not_historical_photo_page_capture,"(c) Pauline Carmel Joy Eje, some rights reserved (CC BY)","Bird detection annotation; resized, cropped, and augmented for model training",platform_terms_reply_pending,2026-09-24T19:44:58.404988+00:00
inaturalist:14614485,14614485,10505623,https://www.inaturalist.org/observations/10505623,48516346cee573e9b79cb7200eec7759afe078067bde1eade5ebe289e5c5b1e5,cc-by,https://creativecommons.org/licenses/by/4.0/,current_site_code_mapping_not_historical_photo_page_capture,"(c) Donald Hobern, some rights reserved (CC BY)","Bird detection annotation; resized, cropped, and augmented for model training",platform_terms_reply_pending,2026-09-24T19:44:58.404988+00:00
inaturalist:153939405,153939405,92927748,https://www.inaturalist.org/observations/92927748,85b23d79d9ee6d708ec4c949595fc3d45f5bd4978bb2f59ccf2b58d57bbc3342,cc-by,https://creativecommons.org/licenses/by/4.0/,current_site_code_mapping_not_historical_photo_page_capture,"(c) Rongrong Angkaew, some rights reserved (CC BY)","Bird detection annotation; resized, cropped, and augmented for model training",platform_terms_reply_pending,2026-09-24T19:44:58.404988+00:00
inaturalist:158571092,158571092,95511069,https://www.inaturalist.org/observations/95511069,900d88b45f32e2c45b42f950d9b21527381a10f849b55797d2432736005a6b5d,cc-by,https://creativecommons.org/licenses/by/4.0/,current_site_code_mapping_not_historical_photo_page_capture,"(c) Rejoice Gassah, some rights reserved (CC BY)","Bird detection annotation; resized, cropped, and augmented for model training",platform_terms_reply_pending,2026-09-24T19:44:58.404988+00:00
inaturalist:158779795,158779795,95631421,https://www.inaturalist.org/observations/95631421,ecda0c9a86145cb7fd440fccd42245ab2271c98a089b0dc938a0a146f5fce2d7,cc-by,https://creativecommons.org/licenses/by/4.0/,current_site_code_mapping_not_historical_photo_page_capture,"(c) Rejoice Gassah, some rights reserved (CC BY)","Bird detection annotation; resized, cropped, and augmented for model training",platform_terms_reply_pending,2026-09-24T19:44:58.404988+00:00
inaturalist:158779819,158779819,95631428,https://www.inaturalist.org/observations/95631428,56a7a60db332892c561563f769971a2b413e59a66962106218fbf8bbe847007f,cc-by,https://creativecommons.org/licenses/by/4.0/,current_site_code_mapping_not_historical_photo_page_capture,"(c) Rejoice Gassah, some rights reserved (CC BY)","Bird detection annotation; resized, cropped, and augmented for model training",platform_terms_reply_pending,2026-09-24T19:44:58.404988+00:00
inaturalist:15886348,15886348,11205137,https://www.inaturalist.org/observations/11205137,1ae4654f470604e4b62364c7af6f9bd82f83d1b447b68bc771cfe8be9556910d,cc-by,https://creativecommons.org/licenses/by/4.0/,current_site_code_mapping_not_historical_photo_page_capture,"(c) James Hardcastle, some rights reserved (CC BY)","Bird detection annotation; resized, cropped, and augmented for model training",platform_terms_reply_pending,2026-09-24T19:44:58.404988+00:00
inaturalist:16232192,16232192,11388200,https://www.inaturalist.org/observations/11388200,8310318259cdd5e416156f7c20f81d8f18ffffc1daade343f3bacd53677112be,cc-by,https://creativecommons.org/licenses/by/4.0/,current_site_code_mapping_not_historical_photo_page_capture,"(c) Marco Mussita, some rights reserved (CC BY)","Bird detection annotation; resized, cropped, and augmented for model training",platform_terms_reply_pending,2026-09-24T19:44:58.404988+00:00
inaturalist:17340679,17340679,12090902,https://www.inaturalist.org/observations/12090902,0a20625cf2582cd23ceba7de4d66bb8a6e9978867d967b7a1610a01dd8d50007,cc-by,https://creativecommons.org/licenses/by/4.0/,current_site_code_mapping_not_historical_photo_page_capture,"(c) desertnaturalist, some rights reserved (CC BY)","Bird detection annotation; resized, cropped, and augmented for model training",platform_terms_reply_pending,2026-09-24T19:44:58.404988+00:00
inaturalist:174670645,174670645,104256218,https://www.inaturalist.org/observations/104256218,ae024e1e98a69b8bc1f0aa6e6141c8a7415ea24380f454feb4b3e7a5491be997,cc-by,https://creativecommons.org/licenses/by/4.0/,current_site_code_mapping_not_historical_photo_page_capture,"(c) Jagdish Singh Negi, some rights reserved (CC BY)","Bird detection annotation; resized, cropped, and augmented for model training",platform_terms_reply_pending,2026-09-24T19:44:58.404988+00:00
inaturalist:175578658,175578658,104745667,https://www.inaturalist.org/observations/104745667,bf59786d1cd87ba4de86060098790ac924d1b36d30db710bcc62823a38cdce76,cc-by,https://creativecommons.org/licenses/by/4.0/,current_site_code_mapping_not_historical_photo_page_capture,"(c) Rejoice Gassah, some rights reserved (CC BY)","Bird detection annotation; resized, cropped, and augmented for model training",platform_terms_reply_pending,2026-09-24T19:44:58.404988+00:00
inaturalist:176244750,176244750,105089955,https://www.inaturalist.org/observations/105089955,2c9c824a8e692976904798bb6ce43e9f580e626b9695d7e9250915903d53d2ac,cc-by,https://creativecommons.org/licenses/by/4.0/,current_site_code_mapping_not_historical_photo_page_capture,"(c) Rejoice Gassah, some rights reserved (CC BY)","Bird detection annotation; resized, cropped, and augmented for model training",platform_terms_reply_pending,2026-09-24T19:44:58.404988+00:00
inaturalist:180945544,180945544,107570242,https://www.inaturalist.org/observations/107570242,79c71a70c0073499cecd3a35e0412de1f984c868635a54c89e7e02a4d3c89640,cc-by,https://creativecommons.org/licenses/by/4.0/,current_site_code_mapping_not_historical_photo_page_capture,"(c) Ramnarayan K, some rights reserved (CC BY)","Bird detection annotation; resized, cropped, and augmented for model training",platform_terms_reply_pending,2026-09-24T19:44:58.404988+00:00
inaturalist:186671050,186671050,110631928,https://www.inaturalist.org/observations/110631928,8260918bc97186a6fbe44596afeb41edab6023dde5e9fd40087f0f5174241efb,cc0,https://creativecommons.org/publicdomain/zero/1.0/,current_site_code_mapping_not_historical_photo_page_capture,no rights reserved,"Bird detection annotation; resized, cropped, and augmented for model training",platform_terms_reply_pending,2026-09-24T19:44:58.404988+00:00
inaturalist:187663094,187663094,111191196,https://www.inaturalist.org/observations/111191196,ca6b2941c819f1e490cfe74e2ffde1f4cbd9fa74b7acbb7131528e829e928ded,cc-by,https://creativecommons.org/licenses/by/4.0/,current_site_code_mapping_not_historical_photo_page_capture,"(c) Forest Botial-Jarvis, some rights reserved (CC BY)","Bird detection annotation; resized, cropped, and augmented for model training",platform_terms_reply_pending,2026-09-24T19:44:58.404988+00:00
inaturalist:195918899,195918899,116087511,https://www.inaturalist.org/observations/116087511,659f3790a76471df2b2644dd55e4677d8b181253297d42a4a04d9e852112a676,cc-by,https://creativecommons.org/licenses/by/4.0/,current_site_code_mapping_not_historical_photo_page_capture,"(c) Paulmathi Vinod, some rights reserved (CC BY)","Bird detection annotation; resized, cropped, and augmented for model training",platform_terms_reply_pending,2026-09-24T19:44:58.404988+00:00
inaturalist:196649401,196649401,116496552,https://www.inaturalist.org/observations/116496552,14f2ea41a20ea583675d41338b233bba4c8b21ccae3d7f114057a52611c0c935,cc-by,https://creativecommons.org/licenses/by/4.0/,current_site_code_mapping_not_historical_photo_page_capture,"(c) Paulmathi Vinod, some rights reserved (CC BY)","Bird detection annotation; resized, cropped, and augmented for model training",platform_terms_reply_pending,2026-09-24T19:44:58.404988+00:00
inaturalist:196671828,196671828,116509284,https://www.inaturalist.org/observations/116509284,5237eb9b9298c9294160dab4ce2ea7d5f57f867aee5057f3de5d7e5f835d9525,cc-by,https://creativecommons.org/licenses/by/4.0/,current_site_code_mapping_not_historical_photo_page_capture,"(c) Paulmathi Vinod, some rights reserved (CC BY)","Bird detection annotation; resized, cropped, and augmented for model training",platform_terms_reply_pending,2026-09-24T19:44:58.404988+00:00
inaturalist:199121797,199121797,117884905,https://www.inaturalist.org/observations/117884905,8230c42b7850337bcd18331b487fa613a649d8fdf96a15fcab4929bf922d1cfd,cc-by,https://creativecommons.org/licenses/by/4.0/,current_site_code_mapping_not_historical_photo_page_capture,"(c) Paulmathi Vinod, some rights reserved (CC BY)","Bird detection annotation; resized, cropped, and augmented for model training",platform_terms_reply_pending,2026-09-24T19:44:58.404988+00:00
inaturalist:207020224,207020224,122283395,https://www.inaturalist.org/observations/122283395,f3402968e6d1fa4bd449cceb6c41c6d89a4bc61883052f766399fdbe6a28008b,cc-by,https://creativecommons.org/licenses/by/4.0/,current_site_code_mapping_not_historical_photo_page_capture,"(c) Morten Ross, some rights reserved (CC BY)","Bird detection annotation; resized, cropped, and augmented for model training",platform_terms_reply_pending,2026-09-24T19:44:58.404988+00:00
inaturalist:207842977,207842977,122738757,https://www.inaturalist.org/observations/122738757,5da5aabe1acf2e5b7df0f0b413640c124b31fe8848e83d5e872223cf7d51c9cf,cc-by,https://creativecommons.org/licenses/by/4.0/,current_site_code_mapping_not_historical_photo_page_capture,"(c) Morten Ross, some rights reserved (CC BY)","Bird detection annotation; resized, cropped, and augmented for model training",platform_terms_reply_pending,2026-09-24T19:44:58.404988+00:00
inaturalist:210494817,210494817,124202558,https://www.inaturalist.org/observations/124202558,731649d131a10968a1073da978315e273d9809f689b300cc54241a60d1c2cdda,cc-by,https://creativecommons.org/licenses/by/4.0/,current_site_code_mapping_not_historical_photo_page_capture,"(c) Wang.QG, some rights reserved (CC BY)","Bird detection annotation; resized, cropped, and augmented for model training",platform_terms_reply_pending,2026-09-24T19:44:58.404988+00:00
inaturalist:210504947,210504947,124207936,https://www.inaturalist.org/observations/124207936,47798a6f4eaa01baef2006777525d4e1fb2530762c07a96f5b61f384dc444bc7,cc-by,https://creativecommons.org/licenses/by/4.0/,current_site_code_mapping_not_historical_photo_page_capture,"(c) Wang.QG, some rights reserved (CC BY)","Bird detection annotation; resized, cropped, and augmented for model training",platform_terms_reply_pending,2026-09-24T19:44:58.404988+00:00
inaturalist:220776164,220776164,129881465,https://www.inaturalist.org/observations/129881465,78f0ce81430e33378cc85b9c629a95c420d80a62b0bd41b33547ae2ad3057367,cc-by,https://creativecommons.org/licenses/by/4.0/,current_site_code_mapping_not_historical_photo_page_capture,"(c) Morten Ross, some rights reserved (CC BY)","Bird detection annotation; resized, cropped, and augmented for model training",platform_terms_reply_pending,2026-09-24T19:44:58.404988+00:00
inaturalist:224989791,224989791,132144053,https://www.inaturalist.org/observations/132144053,46e4e1267930b934655aedaa2ea0ad146db6d32c35fdafd20826a6c41e5421ff,cc-by,https://creativecommons.org/licenses/by/4.0/,current_site_code_mapping_not_historical_photo_page_capture,"(c) Wang.QG, some rights reserved (CC BY)","Bird detection annotation; resized, cropped, and augmented for model training",platform_terms_reply_pending,2026-09-24T19:44:58.404988+00:00
inaturalist:230135578,230135578,134962386,https://www.inaturalist.org/observations/134962386,136270b564f04a40b372f12fa34e48c1b81449f8927b84ed33ed2f46bf318764,cc0,https://creativecommons.org/publicdomain/zero/1.0/,current_site_code_mapping_not_historical_photo_page_capture,no rights reserved,"Bird detection annotation; resized, cropped, and augmented for model training",platform_terms_reply_pending,2026-09-24T19:44:58.404988+00:00
inaturalist:230372429,230372429,135093304,https://www.inaturalist.org/observations/135093304,b16b9c55cbaacf67c277cdec61f19cb88e804494feaa3e75b9363a42a27df93d,cc-by,https://creativecommons.org/licenses/by/4.0/,current_site_code_mapping_not_historical_photo_page_capture,"(c) Wang.QG, some rights reserved (CC BY)","Bird detection annotation; resized, cropped, and augmented for model training",platform_terms_reply_pending,2026-09-24T19:44:58.404988+00:00
inaturalist:231649837,231649837,135785899,https://www.inaturalist.org/observations/135785899,9e0911641361f12c65b5762ae8d3f511c88d1e46f595ababa018d1082356de44,cc-by,https://creativecommons.org/licenses/by/4.0/,current_site_code_mapping_not_historical_photo_page_capture,"(c) 岸本年郎, some rights reserved (CC BY)","Bird detection annotation; resized, cropped, and augmented for model training",platform_terms_reply_pending,2026-09-24T19:44:58.404988+00:00
inaturalist:233414439,233414439,136738159,https://www.inaturalist.org/observations/136738159,aad95c3dfacf3fb262a836fa29c1eae449a0b1e412090ce6f685fe1f5cd005b0,cc-by,https://creativecommons.org/licenses/by/4.0/,current_site_code_mapping_not_historical_photo_page_capture,"(c) wang cai, some rights reserved (CC BY)","Bird detection annotation; resized, cropped, and augmented for model training",platform_terms_reply_pending,2026-09-24T19:44:58.404988+00:00
inaturalist:244197488,244197488,142438555,https://www.inaturalist.org/observations/142438555,6e3a7f94d127a83dcdcac4090a103f06c60951273fe4b84b18bc1b98baa148ca,cc-by,https://creativecommons.org/licenses/by/4.0/,current_site_code_mapping_not_historical_photo_page_capture,"(c) Wang.QG, some rights reserved (CC BY)","Bird detection annotation; resized, cropped, and augmented for model training",platform_terms_reply_pending,2026-09-24T19:44:58.404988+00:00
inaturalist:24442658,24442658,16277522,https://www.inaturalist.org/observations/16277522,7b300f0ef7c45d05246a3e004c89b4971470d926006a739b85b021e7706a1c0f,cc0,https://creativecommons.org/publicdomain/zero/1.0/,current_site_code_mapping_not_historical_photo_page_capture,no rights reserved,"Bird detection annotation; resized, cropped, and augmented for model training",platform_terms_reply_pending,2026-09-24T19:44:58.404988+00:00
inaturalist:245541386,245541386,143186264,https://www.inaturalist.org/observations/143186264,6c728c9e56a4253ff3efcb6d6fe9d6317fe345942d54741fc16147c510fa665e,cc-by,https://creativecommons.org/licenses/by/4.0/,current_site_code_mapping_not_historical_photo_page_capture,"(c) Wang.QG, some rights reserved (CC BY)","Bird detection annotation; resized, cropped, and augmented for model training",platform_terms_reply_pending,2026-09-24T19:44:58.404988+00:00
inaturalist:246071243,246071243,143479819,https://www.inaturalist.org/observations/143479819,9a54e7f05d087b39762299dcd63de5bfece92bbf7a415b05b475571ba76257ff,cc-by,https://creativecommons.org/licenses/by/4.0/,current_site_code_mapping_not_historical_photo_page_capture,"(c) Brodie Cass Talbott, some rights reserved (CC BY)","Bird detection annotation; resized, cropped, and augmented for model training",platform_terms_reply_pending,2026-09-24T19:44:58.404988+00:00
inaturalist:249232267,249232267,145127683,https://www.inaturalist.org/observations/145127683,ef3d5e535e150f63c062cefc51dd5d125fe82cd45e4184686186ae74a2103ff5,cc-by,https://creativecommons.org/licenses/by/4.0/,current_site_code_mapping_not_historical_photo_page_capture,"(c) alexsu, some rights reserved (CC BY)","Bird detection annotation; resized, cropped, and augmented for model training",platform_terms_reply_pending,2026-09-24T19:44:58.404988+00:00
inaturalist:249238686,249238686,145127696,https://www.inaturalist.org/observations/145127696,4eb44dfcd3d241492a2ae9b1b65f5e99b1666130e500aeebe96b7b8a075e8092,cc-by,https://creativecommons.org/licenses/by/4.0/,current_site_code_mapping_not_historical_photo_page_capture,"(c) alexsu, some rights reserved (CC BY)","Bird detection annotation; resized, cropped, and augmented for model training",platform_terms_reply_pending,2026-09-24T19:44:58.404988+00:00
inaturalist:249239044,249239044,145127701,https://www.inaturalist.org/observations/145127701,d9372beab5ab9b9a8a874969124ca1c798d614b53192f5d1465764acebe43eef,cc-by,https://creativecommons.org/licenses/by/4.0/,current_site_code_mapping_not_historical_photo_page_capture,"(c) alexsu, some rights reserved (CC BY)","Bird detection annotation; resized, cropped, and augmented for model training",platform_terms_reply_pending,2026-09-24T19:44:58.404988+00:00
inaturalist:252235548,252235548,146679364,https://www.inaturalist.org/observations/146679364,868b6be50ab868210916cab4cc0d7601e522d62b27a8e35c64e44189b379df14,cc-by,https://creativecommons.org/licenses/by/4.0/,current_site_code_mapping_not_historical_photo_page_capture,"(c) Marco Chan, some rights reserved (CC BY)","Bird detection annotation; resized, cropped, and augmented for model training",platform_terms_reply_pending,2026-09-24T19:44:58.404988+00:00
inaturalist:256022278,256022278,148650445,https://www.inaturalist.org/observations/148650445,813a347b893640cc0abad95e5844011e1153a1dfa5c1706eba5848ab2f45797b,cc-by,https://creativecommons.org/licenses/by/4.0/,current_site_code_mapping_not_historical_photo_page_capture,"(c) Forest Botial-Jarvis, some rights reserved (CC BY)","Bird detection annotation; resized, cropped, and augmented for model training",platform_terms_reply_pending,2026-09-24T19:44:58.404988+00:00
inaturalist:258619177,258619177,150027769,https://www.inaturalist.org/observations/150027769,6a955c6966755a3a0e8566fa880cffac6f888918f52fb999c3b58f438fdb302e,cc-by,https://creativecommons.org/licenses/by/4.0/,current_site_code_mapping_not_historical_photo_page_capture,"(c) Wang.QG, some rights reserved (CC BY)","Bird detection annotation; resized, cropped, and augmented for model training",platform_terms_reply_pending,2026-09-24T19:44:58.404988+00:00
inaturalist:263761339,263761339,152771965,https://www.inaturalist.org/observations/152771965,8a1c1eedc986373284440b8ffb28bf729f3132dd111ec266bca1f15e449910cf,cc-by,https://creativecommons.org/licenses/by/4.0/,current_site_code_mapping_not_historical_photo_page_capture,"(c) luluchouette, some rights reserved (CC BY)","Bird detection annotation; resized, cropped, and augmented for model training",platform_terms_reply_pending,2026-09-24T19:44:58.404988+00:00
inaturalist:264332246,264332246,153072703,https://www.inaturalist.org/observations/153072703,939d3f156d7cd20041beadbcd9b4cedbe2b49682a0ab537687c2672a5fe2ecba,cc-by,https://creativecommons.org/licenses/by/4.0/,current_site_code_mapping_not_historical_photo_page_capture,"(c) Pål A. Olsvik, some rights reserved (CC BY)","Bird detection annotation; resized, cropped, and augmented for model training",platform_terms_reply_pending,2026-09-24T19:44:58.404988+00:00
inaturalist:27107250,27107250,17769740,https://www.inaturalist.org/observations/17769740,4378f8fad8f17afac74fb535f826da816dafe2df50f7eb93abb2f3399a06e3b4,cc-by,https://creativecommons.org/licenses/by/4.0/,current_site_code_mapping_not_historical_photo_page_capture,"(c) Subir B. Shakya, some rights reserved (CC BY)","Bird detection annotation; resized, cropped, and augmented for model training",platform_terms_reply_pending,2026-09-24T19:44:58.404988+00:00
inaturalist:272879375,272879375,157856523,https://www.inaturalist.org/observations/157856523,f19b3cc0583cf53176740f8bfdfaf9445e47831092b147ce1cbac7f6e1ccfb52,cc-by,https://creativecommons.org/licenses/by/4.0/,current_site_code_mapping_not_historical_photo_page_capture,"(c) avocat, some rights reserved (CC BY)","Bird detection annotation; resized, cropped, and augmented for model training",platform_terms_reply_pending,2026-09-24T19:44:58.404988+00:00
inaturalist:272958073,272958073,157902016,https://www.inaturalist.org/observations/157902016,7841ed5628f48022cde49d0abaca0acda27800cda983ab00ce31bc3ff93aab1f,cc-by,https://creativecommons.org/licenses/by/4.0/,current_site_code_mapping_not_historical_photo_page_capture,"(c) avocat, some rights reserved (CC BY)","Bird detection annotation; resized, cropped, and augmented for model training",platform_terms_reply_pending,2026-09-24T19:44:58.404988+00:00
inaturalist:283690884,283690884,163986367,https://www.inaturalist.org/observations/163986367,dcb1c5f0efc4d059c3c707eb5a4def77c513c55d051358eba4b24d69324399bf,cc-by,https://creativecommons.org/licenses/by/4.0/,current_site_code_mapping_not_historical_photo_page_capture,"(c) Wang.QG, some rights reserved (CC BY)","Bird detection annotation; resized, cropped, and augmented for model training",platform_terms_reply_pending,2026-09-24T19:44:58.404988+00:00
inaturalist:284810075,284810075,164596095,https://www.inaturalist.org/observations/164596095,b2c21953aacff865a76d5fd7c5e71a3152d7e5943946bea2392dadebadd38c60,cc-by,https://creativecommons.org/licenses/by/4.0/,current_site_code_mapping_not_historical_photo_page_capture,"(c) Нурхайдарова Татьяна, some rights reserved (CC BY)","Bird detection annotation; resized, cropped, and augmented for model training",platform_terms_reply_pending,2026-09-24T19:44:58.404988+00:00
inaturalist:287380089,287380089,165980800,https://www.inaturalist.org/observations/165980800,047c461b41eeafd732e26baf657e262fbe697b8ce9cbdd91365d962d7fb4e3a5,cc-by,https://creativecommons.org/licenses/by/4.0/,current_site_code_mapping_not_historical_photo_page_capture,"(c) desertnaturalist, some rights reserved (CC BY)","Bird detection annotation; resized, cropped, and augmented for model training",platform_terms_reply_pending,2026-09-24T19:44:58.404988+00:00
inaturalist:289900418,289900418,167351773,https://www.inaturalist.org/observations/167351773,4cd992e7fca5e8ad56e5669f5690937f19bb8e1f18d06074e206d44edade40c5,cc-by,https://creativecommons.org/licenses/by/4.0/,current_site_code_mapping_not_historical_photo_page_capture,"(c) Se Lena, some rights reserved (CC BY)","Bird detection annotation; resized, cropped, and augmented for model training",platform_terms_reply_pending,2026-09-24T19:44:58.404988+00:00
inaturalist:29001448,29001448,18920836,https://www.inaturalist.org/observations/18920836,5f11450252625758025853b4d59a96f858474e28de94fc51f4bd5972b65e4ef2,cc-by,https://creativecommons.org/licenses/by/4.0/,current_site_code_mapping_not_historical_photo_page_capture,"(c) Mikael Bauer, some rights reserved (CC BY)","Bird detection annotation; resized, cropped, and augmented for model training",platform_terms_reply_pending,2026-09-24T19:44:58.404988+00:00
inaturalist:290517273,290517273,167687463,https://www.inaturalist.org/observations/167687463,9b5ca220ac61f4b21fd448fc1f93b357c02e3b75a384ce050d4af2438b136aa8,cc-by,https://creativecommons.org/licenses/by/4.0/,current_site_code_mapping_not_historical_photo_page_capture,"(c) wang cai, some rights reserved (CC BY)","Bird detection annotation; resized, cropped, and augmented for model training",platform_terms_reply_pending,2026-09-24T19:44:58.404988+00:00
inaturalist:290517419,290517419,167687465,https://www.inaturalist.org/observations/167687465,69e2f094a5250d15a83383373fe653a977fadfd65796ced679ba79918da3feae,cc-by,https://creativecommons.org/licenses/by/4.0/,current_site_code_mapping_not_historical_photo_page_capture,"(c) wang cai, some rights reserved (CC BY)","Bird detection annotation; resized, cropped, and augmented for model training",platform_terms_reply_pending,2026-09-24T19:44:58.404988+00:00
inaturalist:293492602,293492602,169297041,https://www.inaturalist.org/observations/169297041,42de59a87131f12c75131bbdfd878e49885733e1cb9c586a109b6420fb086fe1,cc-by,https://creativecommons.org/licenses/by/4.0/,current_site_code_mapping_not_historical_photo_page_capture,"(c) wang cai, some rights reserved (CC BY)","Bird detection annotation; resized, cropped, and augmented for model training",platform_terms_reply_pending,2026-09-24T19:44:58.404988+00:00
inaturalist:293492991,293492991,169297048,https://www.inaturalist.org/observations/169297048,1843203daf3ec917011c71f6a344b1984e29ea510171b912a52d44d9da6260be,cc-by,https://creativecommons.org/licenses/by/4.0/,current_site_code_mapping_not_historical_photo_page_capture,"(c) wang cai, some rights reserved (CC BY)","Bird detection annotation; resized, cropped, and augmented for model training",platform_terms_reply_pending,2026-09-24T19:44:58.404988+00:00
inaturalist:295526567,295526567,170395720,https://www.inaturalist.org/observations/170395720,8b7d723e79846dbb0239c2b01cd434eb433d2481d21e7ccf9e17266d9590cb0d,cc-by,https://creativecommons.org/licenses/by/4.0/,current_site_code_mapping_not_historical_photo_page_capture,"(c) Andrew Bazdyrev, some rights reserved (CC BY)","Bird detection annotation; resized, cropped, and augmented for model training",platform_terms_reply_pending,2026-09-24T19:44:58.404988+00:00
inaturalist:30050732,30050732,19526767,https://www.inaturalist.org/observations/19526767,9948d64f677633a40fe860a37dbd5ad5c81d89377548319ba292b08580fad488,cc-by,https://creativecommons.org/licenses/by/4.0/,current_site_code_mapping_not_historical_photo_page_capture,"(c) Rejoice Gassah, some rights reserved (CC BY)","Bird detection annotation; resized, cropped, and augmented for model training",platform_terms_reply_pending,2026-09-24T19:44:58.404988+00:00
inaturalist:30050739,30050739,19526770,https://www.inaturalist.org/observations/19526770,d6a4931987eba786eb0735e84a51e0aad659a2857c474fce093bda2c5174d0b4,cc-by,https://creativecommons.org/licenses/by/4.0/,current_site_code_mapping_not_historical_photo_page_capture,"(c) Rejoice Gassah, some rights reserved (CC BY)","Bird detection annotation; resized, cropped, and augmented for model training",platform_terms_reply_pending,2026-09-24T19:44:58.404988+00:00
inaturalist:302680980,302680980,174245123,https://www.inaturalist.org/observations/174245123,624e4e1f0874447595422e282bbc100fed3e0263c585c42ddc51d66e8e2f1a52,cc-by,https://creativecommons.org/licenses/by/4.0/,current_site_code_mapping_not_historical_photo_page_capture,"(c) Marco Mussita, some rights reserved (CC BY)","Bird detection annotation; resized, cropped, and augmented for model training",platform_terms_reply_pending,2026-09-24T19:44:58.404988+00:00
inaturalist:303371067,303371067,174613728,https://www.inaturalist.org/observations/174613728,24e1741271b70323573b2aa110b7c4715ec386a599220e090687467bf1ffdbad,cc-by,https://creativecommons.org/licenses/by/4.0/,current_site_code_mapping_not_historical_photo_page_capture,"(c) Wang.QG, some rights reserved (CC BY)","Bird detection annotation; resized, cropped, and augmented for model training",platform_terms_reply_pending,2026-09-24T19:44:58.404988+00:00
inaturalist:303373246,303373246,174614868,https://www.inaturalist.org/observations/174614868,5a132c806d74db7d8db5f746fa33c3498e41c3e92eb7e4d27084c72de3e8f4b2,cc-by,https://creativecommons.org/licenses/by/4.0/,current_site_code_mapping_not_historical_photo_page_capture,"(c) Wang.QG, some rights reserved (CC BY)","Bird detection annotation; resized, cropped, and augmented for model training",platform_terms_reply_pending,2026-09-24T19:44:58.404988+00:00
inaturalist:303417220,303417220,174638464,https://www.inaturalist.org/observations/174638464,6c9f1c0b303cd7a182f4a19ef48266af3c4fd8fd7702117769c8a51d04e98337,cc-by,https://creativecommons.org/licenses/by/4.0/,current_site_code_mapping_not_historical_photo_page_capture,"(c) Wang.QG, some rights reserved (CC BY)","Bird detection annotation; resized, cropped, and augmented for model training",platform_terms_reply_pending,2026-09-24T19:44:58.404988+00:00
inaturalist:304849179,304849179,175414454,https://www.inaturalist.org/observations/175414454,39685089af087b24f71b20ceccf474e729f4e4292b2ae7bce6d3483b08f10883,cc-by,https://creativecommons.org/licenses/by/4.0/,current_site_code_mapping_not_historical_photo_page_capture,"(c) Jay Pruett, some rights reserved (CC BY)","Bird detection annotation; resized, cropped, and augmented for model training",platform_terms_reply_pending,2026-09-24T19:44:58.404988+00:00
inaturalist:304893072,304893072,175437682,https://www.inaturalist.org/observations/175437682,82da36dc6ec666121bf11c95ea5ae59ada2e9ca242ede450ad02494cd8157373,cc-by,https://creativecommons.org/licenses/by/4.0/,current_site_code_mapping_not_historical_photo_page_capture,"(c) Jay Pruett, some rights reserved (CC BY)","Bird detection annotation; resized, cropped, and augmented for model training",platform_terms_reply_pending,2026-09-24T19:44:58.404988+00:00
inaturalist:305636872,305636872,175843180,https://www.inaturalist.org/observations/175843180,0f6e5001f3822de0e68d6af879fda8dcb11d04965c3d9b23b1fc41530fbd4519,cc-by,https://creativecommons.org/licenses/by/4.0/,current_site_code_mapping_not_historical_photo_page_capture,"(c) Jay Pruett, some rights reserved (CC BY)","Bird detection annotation; resized, cropped, and augmented for model training",platform_terms_reply_pending,2026-09-24T19:44:58.404988+00:00
inaturalist:306030950,306030950,176053490,https://www.inaturalist.org/observations/176053490,0a83cd1511926c089553a0149aefb4c321a2b39b25857c6cda799d910591bf80,cc-by,https://creativecommons.org/licenses/by/4.0/,current_site_code_mapping_not_historical_photo_page_capture,"(c) Jay Pruett, some rights reserved (CC BY)","Bird detection annotation; resized, cropped, and augmented for model training",platform_terms_reply_pending,2026-09-24T19:44:58.404988+00:00
inaturalist:306266432,306266432,176180673,https://www.inaturalist.org/observations/176180673,7b32bf2db26337b5733aaf3b58c49d9b4f8314f2f89568d484a4c47302610774,cc-by,https://creativecommons.org/licenses/by/4.0/,current_site_code_mapping_not_historical_photo_page_capture,"(c) Jay Pruett, some rights reserved (CC BY)","Bird detection annotation; resized, cropped, and augmented for model training",platform_terms_reply_pending,2026-09-24T19:44:58.404988+00:00
inaturalist:308739808,308739808,177509896,https://www.inaturalist.org/observations/177509896,c9348451b83a417ad08c62a0d6bfbdce109b2e50fdb8eb22edbd43c404959383,cc-by,https://creativecommons.org/licenses/by/4.0/,current_site_code_mapping_not_historical_photo_page_capture,"(c) Wang.QG, some rights reserved (CC BY)","Bird detection annotation; resized, cropped, and augmented for model training",platform_terms_reply_pending,2026-09-24T19:44:58.404988+00:00
inaturalist:313771235,313771235,180159569,https://www.inaturalist.org/observations/180159569,9d240dd0557e69bcd3d1ef5223c0e47a8345f78a28565a828cd0699d0d74fc56,cc-by,https://creativecommons.org/licenses/by/4.0/,current_site_code_mapping_not_historical_photo_page_capture,"(c) luluchouette, some rights reserved (CC BY)","Bird detection annotation; resized, cropped, and augmented for model training",platform_terms_reply_pending,2026-09-24T19:44:58.404988+00:00
inaturalist:321609571,321609571,184265206,https://www.inaturalist.org/observations/184265206,7fbb8a34204785f1148a892978c2a1e66a26afec5c7c724e741c64a403ec7cda,cc-by,https://creativecommons.org/licenses/by/4.0/,current_site_code_mapping_not_historical_photo_page_capture,"(c) TonyT, some rights reserved (CC BY)","Bird detection annotation; resized, cropped, and augmented for model training",platform_terms_reply_pending,2026-09-24T19:44:58.404988+00:00
inaturalist:321609767,321609767,184265214,https://www.inaturalist.org/observations/184265214,15720c03c8c556af0c54c41bb704ecd4799246d989c2ade17502b20a06e0e593,cc-by,https://creativecommons.org/licenses/by/4.0/,current_site_code_mapping_not_historical_photo_page_capture,"(c) TonyT, some rights reserved (CC BY)","Bird detection annotation; resized, cropped, and augmented for model training",platform_terms_reply_pending,2026-09-24T19:44:58.404988+00:00
inaturalist:321614939,321614939,184265267,https://www.inaturalist.org/observations/184265267,824c37edd13e892a78026bd14450f190611749f0d93d081abe76a51a2aa56ad5,cc-by,https://creativecommons.org/licenses/by/4.0/,current_site_code_mapping_not_historical_photo_page_capture,"(c) TonyT, some rights reserved (CC BY)","Bird detection annotation; resized, cropped, and augmented for model training",platform_terms_reply_pending,2026-09-24T19:44:58.404988+00:00
inaturalist:321616235,321616235,184265288,https://www.inaturalist.org/observations/184265288,be380105b49e4c05f6ee2d1a89fddd707f634356a03f562f08ff735840eaf95e,cc-by,https://creativecommons.org/licenses/by/4.0/,current_site_code_mapping_not_historical_photo_page_capture,"(c) TonyT, some rights reserved (CC BY)","Bird detection annotation; resized, cropped, and augmented for model training",platform_terms_reply_pending,2026-09-24T19:44:58.404988+00:00
inaturalist:321617303,321617303,184265295,https://www.inaturalist.org/observations/184265295,ac59aa131d84e972ad0b276ee7214e71245c775601a7f2eaf004cd3113fdc3e6,cc-by,https://creativecommons.org/licenses/by/4.0/,current_site_code_mapping_not_historical_photo_page_capture,"(c) TonyT, some rights reserved (CC BY)","Bird detection annotation; resized, cropped, and augmented for model training",platform_terms_reply_pending,2026-09-24T19:44:58.404988+00:00
inaturalist:321819280,321819280,184375077,https://www.inaturalist.org/observations/184375077,62f39bbc92bbb0101400b36af85a5da3def554e270746c0e81c36153d8f3b78d,cc-by,https://creativecommons.org/licenses/by/4.0/,current_site_code_mapping_not_historical_photo_page_capture,"(c) TonyT, some rights reserved (CC BY)","Bird detection annotation; resized, cropped, and augmented for model training",platform_terms_reply_pending,2026-09-24T19:44:58.404988+00:00
inaturalist:321820923,321820923,184375087,https://www.inaturalist.org/observations/184375087,ed66be5e8c596aa66161a799b48333bbec3de42a889643f292092e44553e5865,cc-by,https://creativecommons.org/licenses/by/4.0/,current_site_code_mapping_not_historical_photo_page_capture,"(c) TonyT, some rights reserved (CC BY)","Bird detection annotation; resized, cropped, and augmented for model training",platform_terms_reply_pending,2026-09-24T19:44:58.404988+00:00
inaturalist:321826960,321826960,184375163,https://www.inaturalist.org/observations/184375163,2ca0ad592facf3d48f8ab9f8008a18f38af8b57ac6db15e2ba14b5c6f4c455e1,cc-by,https://creativecommons.org/licenses/by/4.0/,current_site_code_mapping_not_historical_photo_page_capture,"(c) TonyT, some rights reserved (CC BY)","Bird detection annotation; resized, cropped, and augmented for model training",platform_terms_reply_pending,2026-09-24T19:44:58.404988+00:00
inaturalist:321827694,321827694,184375172,https://www.inaturalist.org/observations/184375172,78fd54cb39597e139a0df09b821ed7546b943adbe11a5789adf998b8cfde1ab6,cc-by,https://creativecommons.org/licenses/by/4.0/,current_site_code_mapping_not_historical_photo_page_capture,"(c) TonyT, some rights reserved (CC BY)","Bird detection annotation; resized, cropped, and augmented for model training",platform_terms_reply_pending,2026-09-24T19:44:58.404988+00:00
inaturalist:322043822,322043822,184487556,https://www.inaturalist.org/observations/184487556,ac5839d7f8ec7ea78fa2d7064f593be559a6e8177b3b068ff104079678083531,cc-by,https://creativecommons.org/licenses/by/4.0/,current_site_code_mapping_not_historical_photo_page_capture,"(c) TonyT, some rights reserved (CC BY)","Bird detection annotation; resized, cropped, and augmented for model training",platform_terms_reply_pending,2026-09-24T19:44:58.404988+00:00
inaturalist:322044501,322044501,184487567,https://www.inaturalist.org/observations/184487567,1e97433dbd2fd3bbe94d2e8a98cda9b6c161af7a4638b4044ba0f76500b4ab3a,cc-by,https://creativecommons.org/licenses/by/4.0/,current_site_code_mapping_not_historical_photo_page_capture,"(c) TonyT, some rights reserved (CC BY)","Bird detection annotation; resized, cropped, and augmented for model training",platform_terms_reply_pending,2026-09-24T19:44:58.404988+00:00
inaturalist:322142462,322142462,184546490,https://www.inaturalist.org/observations/184546490,b30262fb1919a241d0d2130da9cd645a48c20d22670a3234ed8992e5eeab5a3b,cc-by,https://creativecommons.org/licenses/by/4.0/,current_site_code_mapping_not_historical_photo_page_capture,"(c) TonyT, some rights reserved (CC BY)","Bird detection annotation; resized, cropped, and augmented for model training",platform_terms_reply_pending,2026-09-24T19:44:58.404988+00:00
inaturalist:324047266,324047266,185534159,https://www.inaturalist.org/observations/185534159,de1beb8bcd12de24fa4ce09fa5220f5392e2a4bb55d1f5e0b4ae63176cc2013a,cc-by,https://creativecommons.org/licenses/by/4.0/,current_site_code_mapping_not_historical_photo_page_capture,"(c) TonyT, some rights reserved (CC BY)","Bird detection annotation; resized, cropped, and augmented for model training",platform_terms_reply_pending,2026-09-24T19:44:58.404988+00:00
inaturalist:326699698,326699698,186796487,https://www.inaturalist.org/observations/186796487,5547075f0ec6428ad798f37ff5280ffc9450ec8179347f3c52f9cdec1b0091c7,cc-by,https://creativecommons.org/licenses/by/4.0/,current_site_code_mapping_not_historical_photo_page_capture,"(c) TonyT, some rights reserved (CC BY)","Bird detection annotation; resized, cropped, and augmented for model training",platform_terms_reply_pending,2026-09-24T19:44:58.404988+00:00
inaturalist:326700494,326700494,186887420,https://www.inaturalist.org/observations/186887420,291ad3c57adcd761a00d84e92e886600435aa14c6b0bea574332bcc7e2771f7b,cc-by,https://creativecommons.org/licenses/by/4.0/,current_site_code_mapping_not_historical_photo_page_capture,"(c) TonyT, some rights reserved (CC BY)","Bird detection annotation; resized, cropped, and augmented for model training",platform_terms_reply_pending,2026-09-24T19:44:58.404988+00:00
inaturalist:332100729,332100729,189556918,https://www.inaturalist.org/observations/189556918,8292b53d722b19114d4fa1344404b5b06d8afda44d255431290eddc0f6955697,cc-by,https://creativecommons.org/licenses/by/4.0/,current_site_code_mapping_not_historical_photo_page_capture,"(c) Andrew Bazdyrev, some rights reserved (CC BY)","Bird detection annotation; resized, cropped, and augmented for model training",platform_terms_reply_pending,2026-09-24T19:44:58.404988+00:00
inaturalist:332297884,332297884,189655806,https://www.inaturalist.org/observations/189655806,cbba6492a41d3d9af4ecad67134bbffe4f3a8892450abae7b6863afaf0c85ca6,cc0,https://creativecommons.org/publicdomain/zero/1.0/,current_site_code_mapping_not_historical_photo_page_capture,no rights reserved,"Bird detection annotation; resized, cropped, and augmented for model training",platform_terms_reply_pending,2026-09-24T19:44:58.404988+00:00
inaturalist:333792769,333792769,190414482,https://www.inaturalist.org/observations/190414482,3603233e78de2abb9f4e265e1ba666704c2426bccb8b06c67c0dbafc9dd104c7,cc-by,https://creativecommons.org/licenses/by/4.0/,current_site_code_mapping_not_historical_photo_page_capture,"(c) Wang.QG, some rights reserved (CC BY)","Bird detection annotation; resized, cropped, and augmented for model training",platform_terms_reply_pending,2026-09-24T19:44:58.404988+00:00
inaturalist:335183633,335183633,191111855,https://www.inaturalist.org/observations/191111855,57136aa9d09adc0ca165025856d703d87883546b88d6e178c3efef673a207e21,cc-by,https://creativecommons.org/licenses/by/4.0/,current_site_code_mapping_not_historical_photo_page_capture,"(c) Andrew Bazdyrev, some rights reserved (CC BY)","Bird detection annotation; resized, cropped, and augmented for model training",platform_terms_reply_pending,2026-09-24T19:44:58.404988+00:00
inaturalist:335319925,335319925,191177975,https://www.inaturalist.org/observations/191177975,93539b297658251577448203e2ea4db9693c6656a2ec6b63cfc3b2a6213016a8,cc-by,https://creativecommons.org/licenses/by/4.0/,current_site_code_mapping_not_historical_photo_page_capture,"(c) egorbirder, some rights reserved (CC BY)","Bird detection annotation; resized, cropped, and augmented for model training",platform_terms_reply_pending,2026-09-24T19:44:58.404988+00:00
inaturalist:337837599,337837599,192447124,https://www.inaturalist.org/observations/192447124,2cd2f19b7c6fd4d356a03f547ffd6de90e4414072a8be84fa899bf1333c1f75d,cc0,https://creativecommons.org/publicdomain/zero/1.0/,current_site_code_mapping_not_historical_photo_page_capture,no rights reserved,"Bird detection annotation; resized, cropped, and augmented for model training",platform_terms_reply_pending,2026-09-24T19:44:58.404988+00:00
inaturalist:337839262,337839262,192448077,https://www.inaturalist.org/observations/192448077,dd6e330a8eba4ee3c8d3e02000c5b265286ba6aad69ffa8e3b0f26c4ab592aba,cc0,https://creativecommons.org/publicdomain/zero/1.0/,current_site_code_mapping_not_historical_photo_page_capture,no rights reserved,"Bird detection annotation; resized, cropped, and augmented for model training",platform_terms_reply_pending,2026-09-24T19:44:58.404988+00:00
inaturalist:338004100,338004100,192530153,https://www.inaturalist.org/observations/192530153,c898d0402da37e48170c9a8346941445cb3dfc2ef4e40762a1953260a707feb6,cc-by,https://creativecommons.org/licenses/by/4.0/,current_site_code_mapping_not_historical_photo_page_capture,"(c) Wang.QG, some rights reserved (CC BY)","Bird detection annotation; resized, cropped, and augmented for model training",platform_terms_reply_pending,2026-09-24T19:44:58.404988+00:00
inaturalist:338968732,338968732,193012671,https://www.inaturalist.org/observations/193012671,8321bf216e975805b47d663fb246655ea613eec54e2dfd05796a62e41fedced9,cc-by,https://creativecommons.org/licenses/by/4.0/,current_site_code_mapping_not_historical_photo_page_capture,"(c) Wang.QG, some rights reserved (CC BY)","Bird detection annotation; resized, cropped, and augmented for model training",platform_terms_reply_pending,2026-09-24T19:44:58.404988+00:00
inaturalist:342168053,342168053,194628586,https://www.inaturalist.org/observations/194628586,1bc53d86431b38b71ec020f12db208e649e7c4182d65a989e58b2b84db51df5e,cc-by,https://creativecommons.org/licenses/by/4.0/,current_site_code_mapping_not_historical_photo_page_capture,"(c) Tristan Jobin, some rights reserved (CC BY)","Bird detection annotation; resized, cropped, and augmented for model training",platform_terms_reply_pending,2026-09-24T19:44:58.404988+00:00
inaturalist:342215339,342215339,194653422,https://www.inaturalist.org/observations/194653422,5bc6af4033e534dc48b5ec43b504416e487213c831a843e7ab566ab1a874dada,cc-by,https://creativecommons.org/licenses/by/4.0/,current_site_code_mapping_not_historical_photo_page_capture,"(c) Tristan Jobin, some rights reserved (CC BY)","Bird detection annotation; resized, cropped, and augmented for model training",platform_terms_reply_pending,2026-09-24T19:44:58.404988+00:00
inaturalist:343930018,343930018,195490132,https://www.inaturalist.org/observations/195490132,e14e2653e325f2cf8d165c79db00776acaf661a224eabfb28c23d3a3f3b7d210,cc-by,https://creativecommons.org/licenses/by/4.0/,current_site_code_mapping_not_historical_photo_page_capture,"(c) Tristan Jobin, some rights reserved (CC BY)","Bird detection annotation; resized, cropped, and augmented for model training",platform_terms_reply_pending,2026-09-24T19:44:58.404988+00:00
inaturalist:344618580,344618580,195832259,https://www.inaturalist.org/observations/195832259,21e7dcea3df8e25f21d014e0913c814420c59c1f73b582a24ba3181e57360c42,cc-by,https://creativecommons.org/licenses/by/4.0/,current_site_code_mapping_not_historical_photo_page_capture,"(c) Forest Botial-Jarvis, some rights reserved (CC BY)","Bird detection annotation; resized, cropped, and augmented for model training",platform_terms_reply_pending,2026-09-24T19:44:58.404988+00:00
inaturalist:344618596,344618596,195832262,https://www.inaturalist.org/observations/195832262,327d0289a229cd856b96db3f2c385f8a352ddfda01fed3fa50747d6c0ec62f76,cc-by,https://creativecommons.org/licenses/by/4.0/,current_site_code_mapping_not_historical_photo_page_capture,"(c) Forest Botial-Jarvis, some rights reserved (CC BY)","Bird detection annotation; resized, cropped, and augmented for model training",platform_terms_reply_pending,2026-09-24T19:44:58.404988+00:00
inaturalist:344618600,344618600,195832260,https://www.inaturalist.org/observations/195832260,f616e7ff4c345554d87cf0205783d9da8dca88e793dafb114420a324e9094ea0,cc-by,https://creativecommons.org/licenses/by/4.0/,current_site_code_mapping_not_historical_photo_page_capture,"(c) Forest Botial-Jarvis, some rights reserved (CC BY)","Bird detection annotation; resized, cropped, and augmented for model training",platform_terms_reply_pending,2026-09-24T19:44:58.404988+00:00
inaturalist:344842519,344842519,195941454,https://www.inaturalist.org/observations/195941454,c183aef521012f00d7e55c17f9f27bbc465d39fcc41b2da788e9193f34e4644b,cc-by,https://creativecommons.org/licenses/by/4.0/,current_site_code_mapping_not_historical_photo_page_capture,"(c) Tristan Jobin, some rights reserved (CC BY)","Bird detection annotation; resized, cropped, and augmented for model training",platform_terms_reply_pending,2026-09-24T19:44:58.404988+00:00
inaturalist:344842595,344842595,195941463,https://www.inaturalist.org/observations/195941463,d188ec4cd591151272ad2795c74d6493d81548760979f354a83e4bcf9314b24e,cc-by,https://creativecommons.org/licenses/by/4.0/,current_site_code_mapping_not_historical_photo_page_capture,"(c) Tristan Jobin, some rights reserved (CC BY)","Bird detection annotation; resized, cropped, and augmented for model training",platform_terms_reply_pending,2026-09-24T19:44:58.404988+00:00
inaturalist:345449336,345449336,196246168,https://www.inaturalist.org/observations/196246168,9917da5afb1241be9724c64560bc1a909a78696e76bfa9d4bd7a9fc163271e56,cc-by,https://creativecommons.org/licenses/by/4.0/,current_site_code_mapping_not_historical_photo_page_capture,"(c) Tristan Jobin, some rights reserved (CC BY)","Bird detection annotation; resized, cropped, and augmented for model training",platform_terms_reply_pending,2026-09-24T19:44:58.404988+00:00
inaturalist:346169813,346169813,196659209,https://www.inaturalist.org/observations/196659209,5185ad026c66fb78c95f508d4085c9da760a20df11b82d8fb32adb2b1891dc67,cc-by,https://creativecommons.org/licenses/by/4.0/,current_site_code_mapping_not_historical_photo_page_capture,"(c) Wang.QG, some rights reserved (CC BY)","Bird detection annotation; resized, cropped, and augmented for model training",platform_terms_reply_pending,2026-09-24T19:44:58.404988+00:00
inaturalist:346332182,346332182,196740856,https://www.inaturalist.org/observations/196740856,0949421eaa33255eab8c328dc61fa644f8e7d6ef33f07c0de1eec31af9c8a703,cc-by,https://creativecommons.org/licenses/by/4.0/,current_site_code_mapping_not_historical_photo_page_capture,"(c) Wang.QG, some rights reserved (CC BY)","Bird detection annotation; resized, cropped, and augmented for model training",platform_terms_reply_pending,2026-09-24T19:44:58.404988+00:00
inaturalist:346356031,346356031,196752395,https://www.inaturalist.org/observations/196752395,ffeb8e4f298f2110b83d08cd8369461a1ea2088d8be68cb88b29e238238a4e20,cc-by,https://creativecommons.org/licenses/by/4.0/,current_site_code_mapping_not_historical_photo_page_capture,"(c) Wang.QG, some rights reserved (CC BY)","Bird detection annotation; resized, cropped, and augmented for model training",platform_terms_reply_pending,2026-09-24T19:44:58.404988+00:00
inaturalist:346588582,346588582,196868823,https://www.inaturalist.org/observations/196868823,9fb032383e13470a3e821259ff7541d2cb9a8a46d86bfba15a2563f3c9a00f14,cc-by,https://creativecommons.org/licenses/by/4.0/,current_site_code_mapping_not_historical_photo_page_capture,"(c) Tristan Jobin, some rights reserved (CC BY)","Bird detection annotation; resized, cropped, and augmented for model training",platform_terms_reply_pending,2026-09-24T19:44:58.404988+00:00
inaturalist:347166661,347166661,197152770,https://www.inaturalist.org/observations/197152770,1e953074ea3073e29d65fa78b63e2612ae32984c9d0343424242885943bdc4a3,cc-by,https://creativecommons.org/licenses/by/4.0/,current_site_code_mapping_not_historical_photo_page_capture,"(c) Jay Pruett, some rights reserved (CC BY)","Bird detection annotation; resized, cropped, and augmented for model training",platform_terms_reply_pending,2026-09-24T19:44:58.404988+00:00
inaturalist:347183472,347183472,197161811,https://www.inaturalist.org/observations/197161811,09c51943bb9a2fa24f78e399fbe7f6a5532821a32742c3c434c414e54d175072,cc-by,https://creativecommons.org/licenses/by/4.0/,current_site_code_mapping_not_historical_photo_page_capture,"(c) Jay Pruett, some rights reserved (CC BY)","Bird detection annotation; resized, cropped, and augmented for model training",platform_terms_reply_pending,2026-09-24T19:44:58.404988+00:00
inaturalist:347216511,347216511,197183081,https://www.inaturalist.org/observations/197183081,d368a65deb0b50677d4cc19ce4b503073e18e0054dcbcf778600f27ae38ad8bd,cc-by,https://creativecommons.org/licenses/by/4.0/,current_site_code_mapping_not_historical_photo_page_capture,"(c) Jay Pruett, some rights reserved (CC BY)","Bird detection annotation; resized, cropped, and augmented for model training",platform_terms_reply_pending,2026-09-24T19:44:58.404988+00:00
inaturalist:347232288,347232288,197186609,https://www.inaturalist.org/observations/197186609,7eed3da1b96e1d5914dcacfbcdbe4c7f5f53554dccc55e608fb1315017b9026e,cc-by,https://creativecommons.org/licenses/by/4.0/,current_site_code_mapping_not_historical_photo_page_capture,"(c) Jay Pruett, some rights reserved (CC BY)","Bird detection annotation; resized, cropped, and augmented for model training",platform_terms_reply_pending,2026-09-24T19:44:58.404988+00:00
inaturalist:347244673,347244673,197197054,https://www.inaturalist.org/observations/197197054,b3f9bc0f06f790512644a3c59fa238cda26469019d737c3e6a746c458be9f72f,cc-by,https://creativecommons.org/licenses/by/4.0/,current_site_code_mapping_not_historical_photo_page_capture,"(c) Jay Pruett, some rights reserved (CC BY)","Bird detection annotation; resized, cropped, and augmented for model training",platform_terms_reply_pending,2026-09-24T19:44:58.404988+00:00
inaturalist:347263983,347263983,197201444,https://www.inaturalist.org/observations/197201444,e899c9528faa8748684a2e481836586264861d105b408e1f0b27e5f425d9d270,cc-by,https://creativecommons.org/licenses/by/4.0/,current_site_code_mapping_not_historical_photo_page_capture,"(c) Jay Pruett, some rights reserved (CC BY)","Bird detection annotation; resized, cropped, and augmented for model training",platform_terms_reply_pending,2026-09-24T19:44:58.404988+00:00
inaturalist:347266190,347266190,197202554,https://www.inaturalist.org/observations/197202554,3bcbad0eb91bb17705e888a5307a264eb048aac34551a213876348a5e8671d17,cc-by,https://creativecommons.org/licenses/by/4.0/,current_site_code_mapping_not_historical_photo_page_capture,"(c) Jay Pruett, some rights reserved (CC BY)","Bird detection annotation; resized, cropped, and augmented for model training",platform_terms_reply_pending,2026-09-24T19:44:58.404988+00:00
inaturalist:347270314,347270314,197247382,https://www.inaturalist.org/observations/197247382,d7c35f675defa05d0d3d2227f4ca849245000fa330509b01f596213776343cd5,cc-by,https://creativecommons.org/licenses/by/4.0/,current_site_code_mapping_not_historical_photo_page_capture,"(c) Jay Pruett, some rights reserved (CC BY)","Bird detection annotation; resized, cropped, and augmented for model training",platform_terms_reply_pending,2026-09-24T19:44:58.404988+00:00
inaturalist:347364684,347364684,197251761,https://www.inaturalist.org/observations/197251761,3fddcacb265afa24f51801db5a8c34576a98161e251b222862e2743d12cd157d,cc-by,https://creativecommons.org/licenses/by/4.0/,current_site_code_mapping_not_historical_photo_page_capture,"(c) Jay Pruett, some rights reserved (CC BY)","Bird detection annotation; resized, cropped, and augmented for model training",platform_terms_reply_pending,2026-09-24T19:44:58.404988+00:00
inaturalist:347365481,347365481,197252225,https://www.inaturalist.org/observations/197252225,3bdd3f891f2672ebd6dd2daa0d1dc7f57cd449e552601bd050921a540c1486b4,cc-by,https://creativecommons.org/licenses/by/4.0/,current_site_code_mapping_not_historical_photo_page_capture,"(c) Jay Pruett, some rights reserved (CC BY)","Bird detection annotation; resized, cropped, and augmented for model training",platform_terms_reply_pending,2026-09-24T19:44:58.404988+00:00
inaturalist:347365741,347365741,197252820,https://www.inaturalist.org/observations/197252820,a83622d2f9061f250fbe635371d5a925589f010b24cbecd85dc0320bd7832368,cc-by,https://creativecommons.org/licenses/by/4.0/,current_site_code_mapping_not_historical_photo_page_capture,"(c) Jay Pruett, some rights reserved (CC BY)","Bird detection annotation; resized, cropped, and augmented for model training",platform_terms_reply_pending,2026-09-24T19:44:58.404988+00:00
inaturalist:347380953,347380953,197260226,https://www.inaturalist.org/observations/197260226,4b45c7bd875601560a8e027742a58d11bc6ec873e4cbb1fff781b64d02d011cd,cc-by,https://creativecommons.org/licenses/by/4.0/,current_site_code_mapping_not_historical_photo_page_capture,"(c) Jay Pruett, some rights reserved (CC BY)","Bird detection annotation; resized, cropped, and augmented for model training",platform_terms_reply_pending,2026-09-24T19:44:58.404988+00:00
inaturalist:347390572,347390572,197264782,https://www.inaturalist.org/observations/197264782,078e767d157846f84c50b04a5068abc15233fe0c1ebfde5232bd4c2be241e02d,cc-by,https://creativecommons.org/licenses/by/4.0/,current_site_code_mapping_not_historical_photo_page_capture,"(c) Jay Pruett, some rights reserved (CC BY)","Bird detection annotation; resized, cropped, and augmented for model training",platform_terms_reply_pending,2026-09-24T19:44:58.404988+00:00
inaturalist:347401714,347401714,197270230,https://www.inaturalist.org/observations/197270230,d6d051a480e374cacb32aed9dbb818909a9524c65ec8e942d589e4b26263634a,cc-by,https://creativecommons.org/licenses/by/4.0/,current_site_code_mapping_not_historical_photo_page_capture,"(c) Jay Pruett, some rights reserved (CC BY)","Bird detection annotation; resized, cropped, and augmented for model training",platform_terms_reply_pending,2026-09-24T19:44:58.404988+00:00
inaturalist:347410419,347410419,197273878,https://www.inaturalist.org/observations/197273878,0305e738113472849d1c0e9b3d8ff7101b8137b418f664f247a42189df1cfac2,cc-by,https://creativecommons.org/licenses/by/4.0/,current_site_code_mapping_not_historical_photo_page_capture,"(c) Jay Pruett, some rights reserved (CC BY)","Bird detection annotation; resized, cropped, and augmented for model training",platform_terms_reply_pending,2026-09-24T19:44:58.404988+00:00
inaturalist:347448686,347448686,197292384,https://www.inaturalist.org/observations/197292384,7bc3c15150b2b3c219c9c79c33d76c28d803dbd34d719e0616e3514d9efb7374,cc-by,https://creativecommons.org/licenses/by/4.0/,current_site_code_mapping_not_historical_photo_page_capture,"(c) Jay Pruett, some rights reserved (CC BY)","Bird detection annotation; resized, cropped, and augmented for model training",platform_terms_reply_pending,2026-09-24T19:44:58.404988+00:00
inaturalist:347449028,347449028,197292480,https://www.inaturalist.org/observations/197292480,d182ca0a2e10364ee5b1f19176375ab3d316b295857ff7e8d7dfe835859f5cfd,cc-by,https://creativecommons.org/licenses/by/4.0/,current_site_code_mapping_not_historical_photo_page_capture,"(c) Jay Pruett, some rights reserved (CC BY)","Bird detection annotation; resized, cropped, and augmented for model training",platform_terms_reply_pending,2026-09-24T19:44:58.404988+00:00
inaturalist:347506099,347506099,197320787,https://www.inaturalist.org/observations/197320787,6a8746664d65315453f3060effe3f52e98c3147d9b1f522054ba804e514c3496,cc-by,https://creativecommons.org/licenses/by/4.0/,current_site_code_mapping_not_historical_photo_page_capture,"(c) Jay Pruett, some rights reserved (CC BY)","Bird detection annotation; resized, cropped, and augmented for model training",platform_terms_reply_pending,2026-09-24T19:44:58.404988+00:00
inaturalist:347527925,347527925,197332106,https://www.inaturalist.org/observations/197332106,216aa743114fa5d279cd8201baa06d18783d4ab5194731facc6cd5b723d5684a,cc-by,https://creativecommons.org/licenses/by/4.0/,current_site_code_mapping_not_historical_photo_page_capture,"(c) Jay Pruett, some rights reserved (CC BY)","Bird detection annotation; resized, cropped, and augmented for model training",platform_terms_reply_pending,2026-09-24T19:44:58.404988+00:00
inaturalist:347528546,347528546,197332406,https://www.inaturalist.org/observations/197332406,53958bee00fa9da019746ab9671a2766068ef56cc03038e61b4367851a109800,cc-by,https://creativecommons.org/licenses/by/4.0/,current_site_code_mapping_not_historical_photo_page_capture,"(c) Jay Pruett, some rights reserved (CC BY)","Bird detection annotation; resized, cropped, and augmented for model training",platform_terms_reply_pending,2026-09-24T19:44:58.404988+00:00
inaturalist:347588087,347588087,197362621,https://www.inaturalist.org/observations/197362621,a08c3c3e3d2b3f792d12b4ba3e0981d9672e9327705a6535206aa8e1f5618a43,cc-by,https://creativecommons.org/licenses/by/4.0/,current_site_code_mapping_not_historical_photo_page_capture,"(c) Jay Pruett, some rights reserved (CC BY)","Bird detection annotation; resized, cropped, and augmented for model training",platform_terms_reply_pending,2026-09-24T19:44:58.404988+00:00
inaturalist:347589413,347589413,197363537,https://www.inaturalist.org/observations/197363537,dbb261dc09a4c299cda556cfcafc6900d18ed0c5e84ead39051d20a2cbf7c53d,cc-by,https://creativecommons.org/licenses/by/4.0/,current_site_code_mapping_not_historical_photo_page_capture,"(c) Jay Pruett, some rights reserved (CC BY)","Bird detection annotation; resized, cropped, and augmented for model training",platform_terms_reply_pending,2026-09-24T19:44:58.404988+00:00
inaturalist:347590792,347590792,197363892,https://www.inaturalist.org/observations/197363892,fc4b14cc18143b8c997480641df3e6fa341640d84251220aa73454215fd49dae,cc-by,https://creativecommons.org/licenses/by/4.0/,current_site_code_mapping_not_historical_photo_page_capture,"(c) Jay Pruett, some rights reserved (CC BY)","Bird detection annotation; resized, cropped, and augmented for model training",platform_terms_reply_pending,2026-09-24T19:44:58.404988+00:00
inaturalist:347602005,347602005,197368776,https://www.inaturalist.org/observations/197368776,8bf47ed9b2ee9d279e9a6a85559cc784abadfa813b41cfa8fac25dba529bd131,cc-by,https://creativecommons.org/licenses/by/4.0/,current_site_code_mapping_not_historical_photo_page_capture,"(c) Jay Pruett, some rights reserved (CC BY)","Bird detection annotation; resized, cropped, and augmented for model training",platform_terms_reply_pending,2026-09-24T19:44:58.404988+00:00
inaturalist:347724347,347724347,197428664,https://www.inaturalist.org/observations/197428664,fcf4a0f4f6a84317d4f2930bf67a9ba25cad443046754191f63fc7f96347867c,cc-by,https://creativecommons.org/licenses/by/4.0/,current_site_code_mapping_not_historical_photo_page_capture,"(c) Jay Pruett, some rights reserved (CC BY)","Bird detection annotation; resized, cropped, and augmented for model training",platform_terms_reply_pending,2026-09-24T19:44:58.404988+00:00
inaturalist:347743576,347743576,197438379,https://www.inaturalist.org/observations/197438379,a044d6d109a0d0eccc237a23c1103577c3aa43e2078e2d706c062f0eb16585b3,cc-by,https://creativecommons.org/licenses/by/4.0/,current_site_code_mapping_not_historical_photo_page_capture,"(c) Jay Pruett, some rights reserved (CC BY)","Bird detection annotation; resized, cropped, and augmented for model training",platform_terms_reply_pending,2026-09-24T19:44:58.404988+00:00
inaturalist:347747576,347747576,197440199,https://www.inaturalist.org/observations/197440199,0813843a5f74f960ae9479d646e22c2624ce852ca9fe813f1ae3a28e42064a48,cc-by,https://creativecommons.org/licenses/by/4.0/,current_site_code_mapping_not_historical_photo_page_capture,"(c) Jay Pruett, some rights reserved (CC BY)","Bird detection annotation; resized, cropped, and augmented for model training",platform_terms_reply_pending,2026-09-24T19:44:58.404988+00:00
inaturalist:347753825,347753825,197442955,https://www.inaturalist.org/observations/197442955,0595ff4ce4188d615420095e9afc2b0f53e7336521a3dd64a6096704ca256597,cc-by,https://creativecommons.org/licenses/by/4.0/,current_site_code_mapping_not_historical_photo_page_capture,"(c) Jay Pruett, some rights reserved (CC BY)","Bird detection annotation; resized, cropped, and augmented for model training",platform_terms_reply_pending,2026-09-24T19:44:58.404988+00:00
inaturalist:347861126,347861126,197498784,https://www.inaturalist.org/observations/197498784,81627284c10c2dd0d9964e5ae0c2dfcad1d1fddd52c09c7d45297c59ae4b7b91,cc-by,https://creativecommons.org/licenses/by/4.0/,current_site_code_mapping_not_historical_photo_page_capture,"(c) Jay Pruett, some rights reserved (CC BY)","Bird detection annotation; resized, cropped, and augmented for model training",platform_terms_reply_pending,2026-09-24T19:44:58.404988+00:00
inaturalist:347867530,347867530,197500326,https://www.inaturalist.org/observations/197500326,2b7a68edc04a237ebfa4ad96c87fa8cd5515a9e5e611027b01f29cc6ecc7bc55,cc-by,https://creativecommons.org/licenses/by/4.0/,current_site_code_mapping_not_historical_photo_page_capture,"(c) Jay Pruett, some rights reserved (CC BY)","Bird detection annotation; resized, cropped, and augmented for model training",platform_terms_reply_pending,2026-09-24T19:44:58.404988+00:00
inaturalist:347877039,347877039,197504464,https://www.inaturalist.org/observations/197504464,b118c950b4f7383ff97b4555abb4cc8e15e33030e7d8048f07f9d8db741bde05,cc-by,https://creativecommons.org/licenses/by/4.0/,current_site_code_mapping_not_historical_photo_page_capture,"(c) Jay Pruett, some rights reserved (CC BY)","Bird detection annotation; resized, cropped, and augmented for model training",platform_terms_reply_pending,2026-09-24T19:44:58.404988+00:00
inaturalist:347883269,347883269,197507411,https://www.inaturalist.org/observations/197507411,fb10538add5e027a462556c8ebe051ef116fa07104f7ac6e2cc86f56a2f265ed,cc-by,https://creativecommons.org/licenses/by/4.0/,current_site_code_mapping_not_historical_photo_page_capture,"(c) Jay Pruett, some rights reserved (CC BY)","Bird detection annotation; resized, cropped, and augmented for model training",platform_terms_reply_pending,2026-09-24T19:44:58.404988+00:00
inaturalist:348202602,348202602,197666614,https://www.inaturalist.org/observations/197666614,c526c5fc0e9459a8d9d8c3a5e03caf2e7837fb1f184103b832823d0b7984e455,cc-by,https://creativecommons.org/licenses/by/4.0/,current_site_code_mapping_not_historical_photo_page_capture,"(c) Jay Pruett, some rights reserved (CC BY)","Bird detection annotation; resized, cropped, and augmented for model training",platform_terms_reply_pending,2026-09-24T19:44:58.404988+00:00
inaturalist:350298561,350298561,198712266,https://www.inaturalist.org/observations/198712266,e9d4e1e9fc98aaa4afef3c5f431ea27d195a95b0a29b171d6f15a0545f62c242,cc0,https://creativecommons.org/publicdomain/zero/1.0/,current_site_code_mapping_not_historical_photo_page_capture,no rights reserved,"Bird detection annotation; resized, cropped, and augmented for model training",platform_terms_reply_pending,2026-09-24T19:44:58.404988+00:00
inaturalist:350420029,350420029,198776651,https://www.inaturalist.org/observations/198776651,396df508f70b45f4d8d120878547e9d2abe878002f0800fc683533123277fd42,cc0,https://creativecommons.org/publicdomain/zero/1.0/,current_site_code_mapping_not_historical_photo_page_capture,no rights reserved,"Bird detection annotation; resized, cropped, and augmented for model training",platform_terms_reply_pending,2026-09-24T19:44:58.404988+00:00
inaturalist:351029932,351029932,199087138,https://www.inaturalist.org/observations/199087138,f0595e22a3cd591a49de00bc456f7590f19d5e1dafa90d1bf275543672e28e78,cc0,https://creativecommons.org/publicdomain/zero/1.0/,current_site_code_mapping_not_historical_photo_page_capture,no rights reserved,"Bird detection annotation; resized, cropped, and augmented for model training",platform_terms_reply_pending,2026-09-24T19:44:58.404988+00:00
inaturalist:358956223,358956223,203187403,https://www.inaturalist.org/observations/203187403,15377103d156386b4f7ba5f7cf41ac8b122811d9d4467acb728c75edaff89a1f,cc0,https://creativecommons.org/publicdomain/zero/1.0/,current_site_code_mapping_not_historical_photo_page_capture,no rights reserved,"Bird detection annotation; resized, cropped, and augmented for model training",platform_terms_reply_pending,2026-09-24T19:44:58.404988+00:00
inaturalist:358956224,358956224,203187401,https://www.inaturalist.org/observations/203187401,f90e4844b7194ead625ec665317529305b7676b229fb0b5a7dc9bce1c5ae2358,cc0,https://creativecommons.org/publicdomain/zero/1.0/,current_site_code_mapping_not_historical_photo_page_capture,no rights reserved,"Bird detection annotation; resized, cropped, and augmented for model training",platform_terms_reply_pending,2026-09-24T19:44:58.404988+00:00
inaturalist:358956296,358956296,203187412,https://www.inaturalist.org/observations/203187412,acad25ac958b11b191d7c50aeaaccafc55fb2647edd3751c416eef5b5a078309,cc0,https://creativecommons.org/publicdomain/zero/1.0/,current_site_code_mapping_not_historical_photo_page_capture,no rights reserved,"Bird detection annotation; resized, cropped, and augmented for model training",platform_terms_reply_pending,2026-09-24T19:44:58.404988+00:00
inaturalist:358956323,358956323,203187414,https://www.inaturalist.org/observations/203187414,e549b1fef61428305b39a259d0e4fab8e85e378be1408c01bed366c1f5c86892,cc0,https://creativecommons.org/publicdomain/zero/1.0/,current_site_code_mapping_not_historical_photo_page_capture,no rights reserved,"Bird detection annotation; resized, cropped, and augmented for model training",platform_terms_reply_pending,2026-09-24T19:44:58.404988+00:00
inaturalist:358965382,358965382,203191668,https://www.inaturalist.org/observations/203191668,80ee67ae837e4b990374ba4d4275106e79fd4568f296b4ba68fc801b50aca1f7,cc0,https://creativecommons.org/publicdomain/zero/1.0/,current_site_code_mapping_not_historical_photo_page_capture,no rights reserved,"Bird detection annotation; resized, cropped, and augmented for model training",platform_terms_reply_pending,2026-09-24T19:44:58.404988+00:00
inaturalist:358965574,358965574,203191672,https://www.inaturalist.org/observations/203191672,e6109c115c476cde8737f5003fe9b61ecc1ec43a7648b547fd440d6b288139f9,cc0,https://creativecommons.org/publicdomain/zero/1.0/,current_site_code_mapping_not_historical_photo_page_capture,no rights reserved,"Bird detection annotation; resized, cropped, and augmented for model training",platform_terms_reply_pending,2026-09-24T19:44:58.404988+00:00
inaturalist:359238986,359238986,203333150,https://www.inaturalist.org/observations/203333150,326ddbbe5bf475284e92aede93c0c38905387e77cca60c4ac7b9aeb6875effbd,cc-by,https://creativecommons.org/licenses/by/4.0/,current_site_code_mapping_not_historical_photo_page_capture,"(c) Wang.QG, some rights reserved (CC BY)","Bird detection annotation; resized, cropped, and augmented for model training",platform_terms_reply_pending,2026-09-24T19:44:58.404988+00:00
inaturalist:359496636,359496636,203467992,https://www.inaturalist.org/observations/203467992,73556c53ebf1cd04181e2af7ed4e20ead25a115deb4438fe2eb5507cde1117e3,cc-by,https://creativecommons.org/licenses/by/4.0/,current_site_code_mapping_not_historical_photo_page_capture,"(c) Wang.QG, some rights reserved (CC BY)","Bird detection annotation; resized, cropped, and augmented for model training",platform_terms_reply_pending,2026-09-24T19:44:58.404988+00:00
inaturalist:361825958,361825958,204686252,https://www.inaturalist.org/observations/204686252,5d0d8e5410c853452e0961af26ecc29084f30c9f189bfbc323eb0a57b5cc82d8,cc0,https://creativecommons.org/publicdomain/zero/1.0/,current_site_code_mapping_not_historical_photo_page_capture,no rights reserved,"Bird detection annotation; resized, cropped, and augmented for model training",platform_terms_reply_pending,2026-09-24T19:44:58.404988+00:00
inaturalist:361888515,361888515,204719315,https://www.inaturalist.org/observations/204719315,df032d676d005c48c08d70b40b871e7b203b893d49da09d3fd2a990b0d116c6a,cc-by,https://creativecommons.org/licenses/by/4.0/,current_site_code_mapping_not_historical_photo_page_capture,"(c) Wang.QG, some rights reserved (CC BY)","Bird detection annotation; resized, cropped, and augmented for model training",platform_terms_reply_pending,2026-09-24T19:44:58.404988+00:00
inaturalist:362869224,362869224,205237899,https://www.inaturalist.org/observations/205237899,7262097da5b3d8488235a8dcba87871c7d342f790a2f443c65794f0031d284d1,cc-by,https://creativecommons.org/licenses/by/4.0/,current_site_code_mapping_not_historical_photo_page_capture,"(c) Wang.QG, some rights reserved (CC BY)","Bird detection annotation; resized, cropped, and augmented for model training",platform_terms_reply_pending,2026-09-24T19:44:58.404988+00:00
inaturalist:364206773,364206773,205948701,https://www.inaturalist.org/observations/205948701,87ff3ab67c39707a63660a2e0ba7fdb2446405f393c72f529db31667b8501ab4,cc-by,https://creativecommons.org/licenses/by/4.0/,current_site_code_mapping_not_historical_photo_page_capture,"(c) Tristan Jobin, some rights reserved (CC BY)","Bird detection annotation; resized, cropped, and augmented for model training",platform_terms_reply_pending,2026-09-24T19:44:58.404988+00:00
inaturalist:364453213,364453213,206077413,https://www.inaturalist.org/observations/206077413,6fa9bae04cc4a79e61ea7b062fc0be3c0ed0798e594d38e23e345d3dbb8fe88b,cc-by,https://creativecommons.org/licenses/by/4.0/,current_site_code_mapping_not_historical_photo_page_capture,"(c) Tristan Jobin, some rights reserved (CC BY)","Bird detection annotation; resized, cropped, and augmented for model training",platform_terms_reply_pending,2026-09-24T19:44:58.404988+00:00
inaturalist:364925003,364925003,206331028,https://www.inaturalist.org/observations/206331028,2c123a4bd931e2388638e0d55be96e3834614a533f8e263b03e86a95dd468897,cc-by,https://creativecommons.org/licenses/by/4.0/,current_site_code_mapping_not_historical_photo_page_capture,"(c) Tristan Jobin, some rights reserved (CC BY)","Bird detection annotation; resized, cropped, and augmented for model training",platform_terms_reply_pending,2026-09-24T19:44:58.404988+00:00
inaturalist:364925060,364925060,206331034,https://www.inaturalist.org/observations/206331034,a76056b94146742c9b812d9260aa0461f6e87438302e8b9f4ff9f7d54a4dd201,cc-by,https://creativecommons.org/licenses/by/4.0/,current_site_code_mapping_not_historical_photo_page_capture,"(c) Tristan Jobin, some rights reserved (CC BY)","Bird detection annotation; resized, cropped, and augmented for model training",platform_terms_reply_pending,2026-09-24T19:44:58.404988+00:00
inaturalist:364950070,364950070,206344140,https://www.inaturalist.org/observations/206344140,774c400c8d77ac4b7e80fcc4ac9dc79fea11f86a9c0601339783a1f661f03959,cc-by,https://creativecommons.org/licenses/by/4.0/,current_site_code_mapping_not_historical_photo_page_capture,"(c) Tristan Jobin, some rights reserved (CC BY)","Bird detection annotation; resized, cropped, and augmented for model training",platform_terms_reply_pending,2026-09-24T19:44:58.404988+00:00
inaturalist:365333971,365333971,206590945,https://www.inaturalist.org/observations/206590945,455b5fd0f7f5644492d40f4934c576422db8ea5289ac87847d08cf20cd36653c,cc-by,https://creativecommons.org/licenses/by/4.0/,current_site_code_mapping_not_historical_photo_page_capture,"(c) Tristan Jobin, some rights reserved (CC BY)","Bird detection annotation; resized, cropped, and augmented for model training",platform_terms_reply_pending,2026-09-24T19:44:58.404988+00:00
inaturalist:365334660,365334660,206591418,https://www.inaturalist.org/observations/206591418,54adba17a4e26e6f8ad3d178e90e668018ec3e7e309a40c2812a0690417806db,cc-by,https://creativecommons.org/licenses/by/4.0/,current_site_code_mapping_not_historical_photo_page_capture,"(c) Tristan Jobin, some rights reserved (CC BY)","Bird detection annotation; resized, cropped, and augmented for model training",platform_terms_reply_pending,2026-09-24T19:44:58.404988+00:00
inaturalist:365336590,365336590,206592849,https://www.inaturalist.org/observations/206592849,50f7cd7cbad414b17b8fc6213502993256112fe6c7881d6f111e851160de8a95,cc-by,https://creativecommons.org/licenses/by/4.0/,current_site_code_mapping_not_historical_photo_page_capture,"(c) Tristan Jobin, some rights reserved (CC BY)","Bird detection annotation; resized, cropped, and augmented for model training",platform_terms_reply_pending,2026-09-24T19:44:58.404988+00:00
inaturalist:365707563,365707563,206792119,https://www.inaturalist.org/observations/206792119,15438a63ac86193b5ad7cf1ce3180d3de268af302e1f9a4e10ee932e8aacd51a,cc-by,https://creativecommons.org/licenses/by/4.0/,current_site_code_mapping_not_historical_photo_page_capture,"(c) Wang.QG, some rights reserved (CC BY)","Bird detection annotation; resized, cropped, and augmented for model training",platform_terms_reply_pending,2026-09-24T19:44:58.404988+00:00
inaturalist:366389723,366389723,207170342,https://www.inaturalist.org/observations/207170342,27dd0a5687ed95948f2c1ca4d5458c45d5ecd5274779547ad3a3c84ab02dfbc5,cc-by,https://creativecommons.org/licenses/by/4.0/,current_site_code_mapping_not_historical_photo_page_capture,"(c) Yi CHEN, some rights reserved (CC BY)","Bird detection annotation; resized, cropped, and augmented for model training",platform_terms_reply_pending,2026-09-24T19:44:58.404988+00:00
inaturalist:367800489,367800489,207907620,https://www.inaturalist.org/observations/207907620,42f53c996a59f0c6e59f7d5908f1f8d9ddc93d20d7aeadc16ef99d651f16dfcc,cc0,https://creativecommons.org/publicdomain/zero/1.0/,current_site_code_mapping_not_historical_photo_page_capture,no rights reserved,"Bird detection annotation; resized, cropped, and augmented for model training",platform_terms_reply_pending,2026-09-24T19:44:58.404988+00:00
inaturalist:367800509,367800509,207907622,https://www.inaturalist.org/observations/207907622,bc1e6c9463bcb41ce6ed352142867070afc73de9f6be8a3914e8b59e761e8899,cc0,https://creativecommons.org/publicdomain/zero/1.0/,current_site_code_mapping_not_historical_photo_page_capture,no rights reserved,"Bird detection annotation; resized, cropped, and augmented for model training",platform_terms_reply_pending,2026-09-24T19:44:58.404988+00:00
inaturalist:367800706,367800706,207907650,https://www.inaturalist.org/observations/207907650,e7da9088555897d864f6132b930475cd5e7ccb843b9b18f7e5a12054d5c38111,cc0,https://creativecommons.org/publicdomain/zero/1.0/,current_site_code_mapping_not_historical_photo_page_capture,no rights reserved,"Bird detection annotation; resized, cropped, and augmented for model training",platform_terms_reply_pending,2026-09-24T19:44:58.404988+00:00
inaturalist:367800762,367800762,207907656,https://www.inaturalist.org/observations/207907656,d23198ca0ee568998f4f8b1d8a18b49b30c837637eff40aabeb252e1d1df3eb8,cc0,https://creativecommons.org/publicdomain/zero/1.0/,current_site_code_mapping_not_historical_photo_page_capture,no rights reserved,"Bird detection annotation; resized, cropped, and augmented for model training",platform_terms_reply_pending,2026-09-24T19:44:58.404988+00:00
inaturalist:367800763,367800763,207907661,https://www.inaturalist.org/observations/207907661,277cf2d463a953964109f2248a1e1e86d32226abdee4f09ad73798568fcd7a8b,cc0,https://creativecommons.org/publicdomain/zero/1.0/,current_site_code_mapping_not_historical_photo_page_capture,no rights reserved,"Bird detection annotation; resized, cropped, and augmented for model training",platform_terms_reply_pending,2026-09-24T19:44:58.404988+00:00
inaturalist:367800897,367800897,207907681,https://www.inaturalist.org/observations/207907681,6fd7515db67d70d4cadb9e37c2c53f1d8886f680a21bfc516756f4ad990ae603,cc0,https://creativecommons.org/publicdomain/zero/1.0/,current_site_code_mapping_not_historical_photo_page_capture,no rights reserved,"Bird detection annotation; resized, cropped, and augmented for model training",platform_terms_reply_pending,2026-09-24T19:44:58.404988+00:00
inaturalist:369810737,369810737,208989494,https://www.inaturalist.org/observations/208989494,d5e3d16ef3afbcaa21b261ee039df7bbf255ff1f71883607bf2d834b541b9ad5,cc-by,https://creativecommons.org/licenses/by/4.0/,current_site_code_mapping_not_historical_photo_page_capture,"(c) Tristan Jobin, some rights reserved (CC BY)","Bird detection annotation; resized, cropped, and augmented for model training",platform_terms_reply_pending,2026-09-24T19:44:58.404988+00:00
inaturalist:369853978,369853978,209011866,https://www.inaturalist.org/observations/209011866,f905216e94174be015d4c59e841eadc412b617cdaf86df9e1733e0871da18410,cc-by,https://creativecommons.org/licenses/by/4.0/,current_site_code_mapping_not_historical_photo_page_capture,"(c) Tristan Jobin, some rights reserved (CC BY)","Bird detection annotation; resized, cropped, and augmented for model training",platform_terms_reply_pending,2026-09-24T19:44:58.404988+00:00
inaturalist:370296185,370296185,209246578,https://www.inaturalist.org/observations/209246578,86928269269aff8bdf170cd5b18b3409fff4c926e983e2e3a8dd9b75d95fb044,cc-by,https://creativecommons.org/licenses/by/4.0/,current_site_code_mapping_not_historical_photo_page_capture,"(c) Maya Lodhiyal, some rights reserved (CC BY)","Bird detection annotation; resized, cropped, and augmented for model training",platform_terms_reply_pending,2026-09-24T19:44:58.404988+00:00
inaturalist:370528404,370528404,209376123,https://www.inaturalist.org/observations/209376123,05a02f7bdd8748b6be69cbfb15c53b63928cf3bb709ac4370ec4d980075bd899,cc-by,https://creativecommons.org/licenses/by/4.0/,current_site_code_mapping_not_historical_photo_page_capture,"(c) Tristan Jobin, some rights reserved (CC BY)","Bird detection annotation; resized, cropped, and augmented for model training",platform_terms_reply_pending,2026-09-24T19:44:58.404988+00:00
inaturalist:372221281,372221281,210449751,https://www.inaturalist.org/observations/210449751,9fe5f21ada7b7ebaf491153d23ded397cc231df157f21f1e6dfd34abada6d8bd,cc-by,https://creativecommons.org/licenses/by/4.0/,current_site_code_mapping_not_historical_photo_page_capture,"(c) Tristan Jobin, some rights reserved (CC BY)","Bird detection annotation; resized, cropped, and augmented for model training",platform_terms_reply_pending,2026-09-24T19:44:58.404988+00:00
inaturalist:375120429,375120429,212265659,https://www.inaturalist.org/observations/212265659,cc5b24347709e424b49bd7f87097f47abe4bfaf14b3b2ad38149279195bbbbbf,cc0,https://creativecommons.org/publicdomain/zero/1.0/,current_site_code_mapping_not_historical_photo_page_capture,no rights reserved,"Bird detection annotation; resized, cropped, and augmented for model training",platform_terms_reply_pending,2026-09-24T19:44:58.404988+00:00
inaturalist:375698367,375698367,212598058,https://www.inaturalist.org/observations/212598058,0a393a949ed43c6b477155dd2e0d2c64fce3ffbb3e06bbeee952c4497c1522d7,cc0,https://creativecommons.org/publicdomain/zero/1.0/,current_site_code_mapping_not_historical_photo_page_capture,no rights reserved,"Bird detection annotation; resized, cropped, and augmented for model training",platform_terms_reply_pending,2026-09-24T19:44:58.404988+00:00
inaturalist:38086726,38086726,24631756,https://www.inaturalist.org/observations/24631756,3ca1221ea668ebfdf0a8b03d172664ea5ce811ec261cc155c4258efb8bdb3d46,cc-by,https://creativecommons.org/licenses/by/4.0/,current_site_code_mapping_not_historical_photo_page_capture,"(c) desertnaturalist, some rights reserved (CC BY)","Bird detection annotation; resized, cropped, and augmented for model training",platform_terms_reply_pending,2026-09-24T19:44:58.404988+00:00
inaturalist:382004709,382004709,216025341,https://www.inaturalist.org/observations/216025341,0fcf17435e47c740e87648ceff7bd43c0b952e5a8e234f622d251ce7b6c78cc4,cc-by,https://creativecommons.org/licenses/by/4.0/,current_site_code_mapping_not_historical_photo_page_capture,"(c) avocat, some rights reserved (CC BY)","Bird detection annotation; resized, cropped, and augmented for model training",platform_terms_reply_pending,2026-09-24T19:44:58.404988+00:00
inaturalist:382009145,382009145,216027575,https://www.inaturalist.org/observations/216027575,af96276c1d0ba82c9a5777586fa1aecd16f9c1efbf6f03502d8414dda37c6922,cc-by,https://creativecommons.org/licenses/by/4.0/,current_site_code_mapping_not_historical_photo_page_capture,"(c) Wang.QG, some rights reserved (CC BY)","Bird detection annotation; resized, cropped, and augmented for model training",platform_terms_reply_pending,2026-09-24T19:44:58.404988+00:00
inaturalist:382012593,382012593,216029245,https://www.inaturalist.org/observations/216029245,134eed8a66d6505adb30d97a79c3bb70438a49331befdea3f1f4d8429a3d2e2c,cc-by,https://creativecommons.org/licenses/by/4.0/,current_site_code_mapping_not_historical_photo_page_capture,"(c) Wang.QG, some rights reserved (CC BY)","Bird detection annotation; resized, cropped, and augmented for model training",platform_terms_reply_pending,2026-09-24T19:44:58.404988+00:00
inaturalist:382020629,382020629,216033517,https://www.inaturalist.org/observations/216033517,55691c16c480c54efee6c6a5fcb422bfe6de02a0610743b71df53014e905d08a,cc-by,https://creativecommons.org/licenses/by/4.0/,current_site_code_mapping_not_historical_photo_page_capture,"(c) Wang.QG, some rights reserved (CC BY)","Bird detection annotation; resized, cropped, and augmented for model training",platform_terms_reply_pending,2026-09-24T19:44:58.404988+00:00
inaturalist:382059557,382059557,216052902,https://www.inaturalist.org/observations/216052902,189f450751e29df27591742c2d985cec38e6bed9d96a965819f7a670b14b2c67,cc-by,https://creativecommons.org/licenses/by/4.0/,current_site_code_mapping_not_historical_photo_page_capture,"(c) avocat, some rights reserved (CC BY)","Bird detection annotation; resized, cropped, and augmented for model training",platform_terms_reply_pending,2026-09-24T19:44:58.404988+00:00
inaturalist:382192498,382192498,216124825,https://www.inaturalist.org/observations/216124825,ca60b819453a1afe58ed63038d63c2c635b50c094389dfe07137ffc188defc01,cc-by,https://creativecommons.org/licenses/by/4.0/,current_site_code_mapping_not_historical_photo_page_capture,"(c) Wang.QG, some rights reserved (CC BY)","Bird detection annotation; resized, cropped, and augmented for model training",platform_terms_reply_pending,2026-09-24T19:44:58.404988+00:00
inaturalist:38341335,38341335,24791610,https://www.inaturalist.org/observations/24791610,2bde3b9aac7f66aa687d67898d03db0d145c5a62cdb7a2249391dc7c88fc8d9f,cc-by,https://creativecommons.org/licenses/by/4.0/,current_site_code_mapping_not_historical_photo_page_capture,"(c) desertnaturalist, some rights reserved (CC BY)","Bird detection annotation; resized, cropped, and augmented for model training",platform_terms_reply_pending,2026-09-24T19:44:58.404988+00:00
inaturalist:384701818,384701818,217455874,https://www.inaturalist.org/observations/217455874,ac25a2129637700cfee7aedd1f07f2f064cf106a07810990b4e4baf50304fef1,cc-by,https://creativecommons.org/licenses/by/4.0/,current_site_code_mapping_not_historical_photo_page_capture,"(c) Wang.QG, some rights reserved (CC BY)","Bird detection annotation; resized, cropped, and augmented for model training",platform_terms_reply_pending,2026-09-24T19:44:58.404988+00:00
inaturalist:385764123,385764123,218029797,https://www.inaturalist.org/observations/218029797,07186e97661e6e348121b75f379464752ba209e6f65b7476f0e0629e90c0cbb7,cc-by,https://creativecommons.org/licenses/by/4.0/,current_site_code_mapping_not_historical_photo_page_capture,"(c) Forest Botial-Jarvis, some rights reserved (CC BY)","Bird detection annotation; resized, cropped, and augmented for model training",platform_terms_reply_pending,2026-09-24T19:44:58.404988+00:00
inaturalist:385987424,385987424,218145006,https://www.inaturalist.org/observations/218145006,3e35192f542aabca8ce6f50dbe16855e898a86f3e508d081359d4f0ab6d12f5a,cc-by,https://creativecommons.org/licenses/by/4.0/,current_site_code_mapping_not_historical_photo_page_capture,"(c) Wang.QG, some rights reserved (CC BY)","Bird detection annotation; resized, cropped, and augmented for model training",platform_terms_reply_pending,2026-09-24T19:44:58.404988+00:00
inaturalist:386231022,386231022,218273705,https://www.inaturalist.org/observations/218273705,ab2d7f80fdad8c3b8daa7ff787c4b8ffc322e6a2d227b8d6a76d71a2f7eabe12,cc-by,https://creativecommons.org/licenses/by/4.0/,current_site_code_mapping_not_historical_photo_page_capture,"(c) Wang.QG, some rights reserved (CC BY)","Bird detection annotation; resized, cropped, and augmented for model training",platform_terms_reply_pending,2026-09-24T19:44:58.404988+00:00
inaturalist:386438454,386438454,218387080,https://www.inaturalist.org/observations/218387080,d34332b4bb9436dd9ec34b162fbf26a2dbe09a19ac3190d6b6a1506b28a9d0cc,cc-by,https://creativecommons.org/licenses/by/4.0/,current_site_code_mapping_not_historical_photo_page_capture,"(c) Wang.QG, some rights reserved (CC BY)","Bird detection annotation; resized, cropped, and augmented for model training",platform_terms_reply_pending,2026-09-24T19:44:58.404988+00:00
inaturalist:386440218,386440218,218388259,https://www.inaturalist.org/observations/218388259,b0e9fb6d18bcb888e9a71c4e19afba80bcff5364a43514c2c68f9cc89a96fe88,cc-by,https://creativecommons.org/licenses/by/4.0/,current_site_code_mapping_not_historical_photo_page_capture,"(c) Wang.QG, some rights reserved (CC BY)","Bird detection annotation; resized, cropped, and augmented for model training",platform_terms_reply_pending,2026-09-24T19:44:58.404988+00:00
inaturalist:386728840,386728840,218541858,https://www.inaturalist.org/observations/218541858,e385499c463dc906e6e97e06935ee04d97b397b0f520e10d0dc5df204ccd0160,cc-by,https://creativecommons.org/licenses/by/4.0/,current_site_code_mapping_not_historical_photo_page_capture,"(c) Wang.QG, some rights reserved (CC BY)","Bird detection annotation; resized, cropped, and augmented for model training",platform_terms_reply_pending,2026-09-24T19:44:58.404988+00:00
inaturalist:386792550,386792550,218573894,https://www.inaturalist.org/observations/218573894,4516f74db0baf5b6b06156e863fce59576b5f4d517bd6ac45953d365641dee83,cc-by,https://creativecommons.org/licenses/by/4.0/,current_site_code_mapping_not_historical_photo_page_capture,"(c) Wang.QG, some rights reserved (CC BY)","Bird detection annotation; resized, cropped, and augmented for model training",platform_terms_reply_pending,2026-09-24T19:44:58.404988+00:00
inaturalist:387766718,387766718,219094011,https://www.inaturalist.org/observations/219094011,3754f7a247ed58d5a4a76f888fcf0c241c0c07ad17ce360db1a55a1a7375b467,cc-by,https://creativecommons.org/licenses/by/4.0/,current_site_code_mapping_not_historical_photo_page_capture,"(c) Wang.QG, some rights reserved (CC BY)","Bird detection annotation; resized, cropped, and augmented for model training",platform_terms_reply_pending,2026-09-24T19:44:58.404988+00:00
inaturalist:387769606,387769606,219095673,https://www.inaturalist.org/observations/219095673,79c82a3617d8b4ada9a1e9cad5de1e1b85fbbe00d9925affbcd96c5f44670aab,cc-by,https://creativecommons.org/licenses/by/4.0/,current_site_code_mapping_not_historical_photo_page_capture,"(c) Wang.QG, some rights reserved (CC BY)","Bird detection annotation; resized, cropped, and augmented for model training",platform_terms_reply_pending,2026-09-24T19:44:58.404988+00:00
inaturalist:388214908,388214908,219335161,https://www.inaturalist.org/observations/219335161,1a6c990ed90e01083dae540ac27a4b46ccfa0e54c85351ebaeff0832aaf0ed17,cc-by,https://creativecommons.org/licenses/by/4.0/,current_site_code_mapping_not_historical_photo_page_capture,"(c) 岸本年郎, some rights reserved (CC BY)","Bird detection annotation; resized, cropped, and augmented for model training",platform_terms_reply_pending,2026-09-24T19:44:58.404988+00:00
inaturalist:388944664,388944664,219723611,https://www.inaturalist.org/observations/219723611,21a0c642d6b15ea3b0ed956ef9a232abd1072015fd9700a210d3f7c00e32eb57,cc-by,https://creativecommons.org/licenses/by/4.0/,current_site_code_mapping_not_historical_photo_page_capture,"(c) Wang.QG, some rights reserved (CC BY)","Bird detection annotation; resized, cropped, and augmented for model training",platform_terms_reply_pending,2026-09-24T19:44:58.404988+00:00
inaturalist:389025225,389025225,219768997,https://www.inaturalist.org/observations/219768997,38058a8d9f5497e20678795fd0cbd5176c35103ef567fda8ef7a356f8a9bb520,cc-by,https://creativecommons.org/licenses/by/4.0/,current_site_code_mapping_not_historical_photo_page_capture,"(c) Wang.QG, some rights reserved (CC BY)","Bird detection annotation; resized, cropped, and augmented for model training",platform_terms_reply_pending,2026-09-24T19:44:58.404988+00:00
inaturalist:389829801,389829801,220195632,https://www.inaturalist.org/observations/220195632,9735b47f63a1aef5d57a620fecd9dafa00d429fd5d9b5a38a186c5f14876dfbe,cc-by,https://creativecommons.org/licenses/by/4.0/,current_site_code_mapping_not_historical_photo_page_capture,"(c) avocat, some rights reserved (CC BY)","Bird detection annotation; resized, cropped, and augmented for model training",platform_terms_reply_pending,2026-09-24T19:44:58.404988+00:00
inaturalist:390309102,390309102,220450791,https://www.inaturalist.org/observations/220450791,5ee1cddbf791bfd65ebff2db5bbd5b81c1744a7b3c8ac7fde1baa9e172512a22,cc-by,https://creativecommons.org/licenses/by/4.0/,current_site_code_mapping_not_historical_photo_page_capture,"(c) Wang.QG, some rights reserved (CC BY)","Bird detection annotation; resized, cropped, and augmented for model training",platform_terms_reply_pending,2026-09-24T19:44:58.404988+00:00
inaturalist:391087981,391087981,220867641,https://www.inaturalist.org/observations/220867641,147006ea8b86f625545a2934a85b156cd1db076c4f827e4c2a56ef8a21362d89,cc-by,https://creativecommons.org/licenses/by/4.0/,current_site_code_mapping_not_historical_photo_page_capture,"(c) Wang.QG, some rights reserved (CC BY)","Bird detection annotation; resized, cropped, and augmented for model training",platform_terms_reply_pending,2026-09-24T19:44:58.404988+00:00
inaturalist:391097173,391097173,220872583,https://www.inaturalist.org/observations/220872583,94b3aab4578272ea90055340f288317ee59a07d5cedc080a52fe0472d4d2843c,cc-by,https://creativecommons.org/licenses/by/4.0/,current_site_code_mapping_not_historical_photo_page_capture,"(c) Wang.QG, some rights reserved (CC BY)","Bird detection annotation; resized, cropped, and augmented for model training",platform_terms_reply_pending,2026-09-24T19:44:58.404988+00:00
inaturalist:391101971,391101971,220875449,https://www.inaturalist.org/observations/220875449,57d2e461fb18258f04e3fd919f5745a1a4f7660bc67dc946731c6ce25418d78d,cc-by,https://creativecommons.org/licenses/by/4.0/,current_site_code_mapping_not_historical_photo_page_capture,"(c) Wang.QG, some rights reserved (CC BY)","Bird detection annotation; resized, cropped, and augmented for model training",platform_terms_reply_pending,2026-09-24T19:44:58.404988+00:00
inaturalist:391110434,391110434,220880686,https://www.inaturalist.org/observations/220880686,065facbfc401055fb2b6e05a014b97fd939f2e955341125563d10190a88f4f98,cc-by,https://creativecommons.org/licenses/by/4.0/,current_site_code_mapping_not_historical_photo_page_capture,"(c) Wang.QG, some rights reserved (CC BY)","Bird detection annotation; resized, cropped, and augmented for model training",platform_terms_reply_pending,2026-09-24T19:44:58.404988+00:00
inaturalist:391414502,391414502,221040594,https://www.inaturalist.org/observations/221040594,7644ebff84d646bf82e0f19139dae4e0efa6327a16f1e7ed081dc78ba2860970,cc-by,https://creativecommons.org/licenses/by/4.0/,current_site_code_mapping_not_historical_photo_page_capture,"(c) avocat, some rights reserved (CC BY)","Bird detection annotation; resized, cropped, and augmented for model training",platform_terms_reply_pending,2026-09-24T19:44:58.404988+00:00
inaturalist:391514169,391514169,221094445,https://www.inaturalist.org/observations/221094445,370eeb3c4eba4efec3112d6e788c6c6cfda24327a7ceebf530e10e0f3abb2117,cc-by,https://creativecommons.org/licenses/by/4.0/,current_site_code_mapping_not_historical_photo_page_capture,"(c) Wang.QG, some rights reserved (CC BY)","Bird detection annotation; resized, cropped, and augmented for model training",platform_terms_reply_pending,2026-09-24T19:44:58.404988+00:00
inaturalist:391519830,391519830,221097531,https://www.inaturalist.org/observations/221097531,2d8980db3f2b6406011f53785518fb3acbae36ec83dcecf8208e90708cca0f50,cc-by,https://creativecommons.org/licenses/by/4.0/,current_site_code_mapping_not_historical_photo_page_capture,"(c) Wang.QG, some rights reserved (CC BY)","Bird detection annotation; resized, cropped, and augmented for model training",platform_terms_reply_pending,2026-09-24T19:44:58.404988+00:00
inaturalist:392592004,392592004,221679065,https://www.inaturalist.org/observations/221679065,7f728e62884995323234661cbd81b8fda8add201fb0f2849d5e9dbad677ff219,cc-by,https://creativecommons.org/licenses/by/4.0/,current_site_code_mapping_not_historical_photo_page_capture,"(c) Norman Kuring, some rights reserved (CC BY)","Bird detection annotation; resized, cropped, and augmented for model training",platform_terms_reply_pending,2026-09-24T19:44:58.404988+00:00
inaturalist:393162072,393162072,221978247,https://www.inaturalist.org/observations/221978247,537311978c79f5090c40da8a81d2f9527554b534b20160d18941884431f918af,cc-by,https://creativecommons.org/licenses/by/4.0/,current_site_code_mapping_not_historical_photo_page_capture,"(c) Jiao Sun (孙娇), some rights reserved (CC BY)","Bird detection annotation; resized, cropped, and augmented for model training",platform_terms_reply_pending,2026-09-24T19:44:58.404988+00:00
inaturalist:393788657,393788657,222313512,https://www.inaturalist.org/observations/222313512,17700b0ac98509b4497ee01bac73dfc6089e8565c6e282a8a2e6c376b4eb4bab,cc-by,https://creativecommons.org/licenses/by/4.0/,current_site_code_mapping_not_historical_photo_page_capture,"(c) 岸本年郎, some rights reserved (CC BY)","Bird detection annotation; resized, cropped, and augmented for model training",platform_terms_reply_pending,2026-09-24T19:44:58.404988+00:00
inaturalist:394096619,394096619,222476891,https://www.inaturalist.org/observations/222476891,0ae46828b0c6b3c82f4820eac4ad2ea7053c9f238481b6578f76a8e0d10a7092,cc-by,https://creativecommons.org/licenses/by/4.0/,current_site_code_mapping_not_historical_photo_page_capture,"(c) Wang.QG, some rights reserved (CC BY)","Bird detection annotation; resized, cropped, and augmented for model training",platform_terms_reply_pending,2026-09-24T19:44:58.404988+00:00
inaturalist:395189464,395189464,223057128,https://www.inaturalist.org/observations/223057128,42ec3648f1e258a033fb77db1e9c715b35313b049bf2249fa132c4fc4ea41e69,cc-by,https://creativecommons.org/licenses/by/4.0/,current_site_code_mapping_not_historical_photo_page_capture,"(c) Legawa, Everest C., some rights reserved (CC BY)","Bird detection annotation; resized, cropped, and augmented for model training",platform_terms_reply_pending,2026-09-24T19:44:58.404988+00:00
inaturalist:395616012,395616012,223286279,https://www.inaturalist.org/observations/223286279,9e68f15a824179c4fcfce43b5c50a173a81084f1057b221970ab2af60271dcb1,cc-by,https://creativecommons.org/licenses/by/4.0/,current_site_code_mapping_not_historical_photo_page_capture,"(c) Михаил Голомысов, some rights reserved (CC BY)","Bird detection annotation; resized, cropped, and augmented for model training",platform_terms_reply_pending,2026-09-24T19:44:58.404988+00:00
inaturalist:395649633,395649633,223302962,https://www.inaturalist.org/observations/223302962,131eb979376757910315559d4f6e60301e0fc11de882a88e7fe81b3275013ca5,cc0,https://creativecommons.org/publicdomain/zero/1.0/,current_site_code_mapping_not_historical_photo_page_capture,no rights reserved,"Bird detection annotation; resized, cropped, and augmented for model training",platform_terms_reply_pending,2026-09-24T19:44:58.404988+00:00
inaturalist:395650944,395650944,223305411,https://www.inaturalist.org/observations/223305411,28c70880abdd133c9d65debc62e0a4ce8307a1b903146563aa1ec6623fd97e71,cc0,https://creativecommons.org/publicdomain/zero/1.0/,current_site_code_mapping_not_historical_photo_page_capture,no rights reserved,"Bird detection annotation; resized, cropped, and augmented for model training",platform_terms_reply_pending,2026-09-24T19:44:58.404988+00:00
inaturalist:395651239,395651239,223305486,https://www.inaturalist.org/observations/223305486,fdf1021414d2e05d926cffa10454fff97c6a148ae49f17888e6ad9574e3bc404,cc0,https://creativecommons.org/publicdomain/zero/1.0/,current_site_code_mapping_not_historical_photo_page_capture,no rights reserved,"Bird detection annotation; resized, cropped, and augmented for model training",platform_terms_reply_pending,2026-09-24T19:44:58.404988+00:00
inaturalist:395651258,395651258,223305492,https://www.inaturalist.org/observations/223305492,3fb77d4a160a9164332e42bb6183054e639806052bdb2386e13b5008fb3f19bc,cc0,https://creativecommons.org/publicdomain/zero/1.0/,current_site_code_mapping_not_historical_photo_page_capture,no rights reserved,"Bird detection annotation; resized, cropped, and augmented for model training",platform_terms_reply_pending,2026-09-24T19:44:58.404988+00:00
inaturalist:395651271,395651271,223305493,https://www.inaturalist.org/observations/223305493,d02b9c1c84e599f825cdb5d670cfcd5844aa3176ffcbf246f28dc80b72c92977,cc0,https://creativecommons.org/publicdomain/zero/1.0/,current_site_code_mapping_not_historical_photo_page_capture,no rights reserved,"Bird detection annotation; resized, cropped, and augmented for model training",platform_terms_reply_pending,2026-09-24T19:44:58.404988+00:00
inaturalist:398116672,398116672,224613358,https://www.inaturalist.org/observations/224613358,30eb83bf3014872b47d1b66fe89d20ba634b7e3a51ece160605a91e314701ce1,cc-by,https://creativecommons.org/licenses/by/4.0/,current_site_code_mapping_not_historical_photo_page_capture,"(c) Jiao Sun (孙娇), some rights reserved (CC BY)","Bird detection annotation; resized, cropped, and augmented for model training",platform_terms_reply_pending,2026-09-24T19:44:58.404988+00:00
inaturalist:398128860,398128860,224618153,https://www.inaturalist.org/observations/224618153,8b5126fbb9428667d82de63ff006b9680207d5ef392191307c21ead74338d575,cc-by,https://creativecommons.org/licenses/by/4.0/,current_site_code_mapping_not_historical_photo_page_capture,"(c) Jiao Sun (孙娇), some rights reserved (CC BY)","Bird detection annotation; resized, cropped, and augmented for model training",platform_terms_reply_pending,2026-09-24T19:44:58.404988+00:00
inaturalist:398294021,398294021,224707291,https://www.inaturalist.org/observations/224707291,1068beba33350bf17d52636387c955fe7f2c0fb2fe3e22c90deb1d7a482ac63d,cc-by,https://creativecommons.org/licenses/by/4.0/,current_site_code_mapping_not_historical_photo_page_capture,"(c) TonyT, some rights reserved (CC BY)","Bird detection annotation; resized, cropped, and augmented for model training",platform_terms_reply_pending,2026-09-24T19:44:58.404988+00:00
inaturalist:401615040,401615040,226452110,https://www.inaturalist.org/observations/226452110,d053df1df48dbcd12b0f8072d12ba9fa31583db2707738694d8b41cc1fc24c9e,cc-by,https://creativecommons.org/licenses/by/4.0/,current_site_code_mapping_not_historical_photo_page_capture,"(c) Jiao Sun (孙娇), some rights reserved (CC BY)","Bird detection annotation; resized, cropped, and augmented for model training",platform_terms_reply_pending,2026-09-24T19:44:58.404988+00:00
inaturalist:402397721,402397721,226863837,https://www.inaturalist.org/observations/226863837,3ef941912c53630d4d50deeaaa99becd336edb15930d1cb5b85e4b04bb5079dd,cc0,https://creativecommons.org/publicdomain/zero/1.0/,current_site_code_mapping_not_historical_photo_page_capture,no rights reserved,"Bird detection annotation; resized, cropped, and augmented for model training",platform_terms_reply_pending,2026-09-24T19:44:58.404988+00:00
inaturalist:402795882,402795882,227078406,https://www.inaturalist.org/observations/227078406,16f867f1c8faf2f52395d3f799055376994bbf0cdf0e107ed2407a0477dd6605,cc-by,https://creativecommons.org/licenses/by/4.0/,current_site_code_mapping_not_historical_photo_page_capture,"(c) Jiao Sun (孙娇), some rights reserved (CC BY)","Bird detection annotation; resized, cropped, and augmented for model training",platform_terms_reply_pending,2026-09-24T19:44:58.404988+00:00
inaturalist:402800710,402800710,227080185,https://www.inaturalist.org/observations/227080185,cd337cd226586fbd6043e5ffded6ca66da1ab9f61a64126b0e4c1b30e9d0d3e3,cc-by,https://creativecommons.org/licenses/by/4.0/,current_site_code_mapping_not_historical_photo_page_capture,"(c) Jiao Sun (孙娇), some rights reserved (CC BY)","Bird detection annotation; resized, cropped, and augmented for model training",platform_terms_reply_pending,2026-09-24T19:44:58.404988+00:00
inaturalist:402800734,402800734,227080188,https://www.inaturalist.org/observations/227080188,48518d97e312de81326b0f1bf7ea50b60350717e34c7ad2d686ba9a5e53121bd,cc-by,https://creativecommons.org/licenses/by/4.0/,current_site_code_mapping_not_historical_photo_page_capture,"(c) Jiao Sun (孙娇), some rights reserved (CC BY)","Bird detection annotation; resized, cropped, and augmented for model training",platform_terms_reply_pending,2026-09-24T19:44:58.404988+00:00
inaturalist:402805495,402805495,227083211,https://www.inaturalist.org/observations/227083211,0e525e786f1ba57e76afd39492dab95d49076d0156a99e817a614cc861bdaad2,cc-by,https://creativecommons.org/licenses/by/4.0/,current_site_code_mapping_not_historical_photo_page_capture,"(c) Jiao Sun (孙娇), some rights reserved (CC BY)","Bird detection annotation; resized, cropped, and augmented for model training",platform_terms_reply_pending,2026-09-24T19:44:58.404988+00:00
inaturalist:402805578,402805578,227083216,https://www.inaturalist.org/observations/227083216,975b3623d35b7bbb226d434e690ad4b7fd11636645fa609af5ba1be424a4a887,cc-by,https://creativecommons.org/licenses/by/4.0/,current_site_code_mapping_not_historical_photo_page_capture,"(c) Jiao Sun (孙娇), some rights reserved (CC BY)","Bird detection annotation; resized, cropped, and augmented for model training",platform_terms_reply_pending,2026-09-24T19:44:58.404988+00:00
inaturalist:402805768,402805768,227083238,https://www.inaturalist.org/observations/227083238,3dada573cab83efd27635b6841beb2e8d479ddfe253a8b1d8cc49aa91c1ba10d,cc-by,https://creativecommons.org/licenses/by/4.0/,current_site_code_mapping_not_historical_photo_page_capture,"(c) Jiao Sun (孙娇), some rights reserved (CC BY)","Bird detection annotation; resized, cropped, and augmented for model training",platform_terms_reply_pending,2026-09-24T19:44:58.404988+00:00
inaturalist:405774049,405774049,228651269,https://www.inaturalist.org/observations/228651269,f35e66d0a21272f7e53317a9a6a5bfc3445da2331ec58521c4d719bc4e78c585,cc-by,https://creativecommons.org/licenses/by/4.0/,current_site_code_mapping_not_historical_photo_page_capture,"(c) Wang.QG, some rights reserved (CC BY)","Bird detection annotation; resized, cropped, and augmented for model training",platform_terms_reply_pending,2026-09-24T19:44:58.404988+00:00
inaturalist:407216941,407216941,229411587,https://www.inaturalist.org/observations/229411587,895878012ac9049acb1f1ad7d027fc9ad9302c7842b833c47182977b574ea6f0,cc0,https://creativecommons.org/publicdomain/zero/1.0/,current_site_code_mapping_not_historical_photo_page_capture,no rights reserved,"Bird detection annotation; resized, cropped, and augmented for model training",platform_terms_reply_pending,2026-09-24T19:44:58.404988+00:00
inaturalist:408100486,408100486,229876633,https://www.inaturalist.org/observations/229876633,83af655aa57d4707c03ebb163d65350f719af383103d364afa3bae53ef062e74,cc-by,https://creativecommons.org/licenses/by/4.0/,current_site_code_mapping_not_historical_photo_page_capture,"(c) Wang.QG, some rights reserved (CC BY)","Bird detection annotation; resized, cropped, and augmented for model training",platform_terms_reply_pending,2026-09-24T19:44:58.404988+00:00
inaturalist:408493160,408493160,230081725,https://www.inaturalist.org/observations/230081725,b2e59e8bf7b489ad33fa50ca9f7ccdfaaf80f33df28f627c64fb6ba021d5a84c,cc-by,https://creativecommons.org/licenses/by/4.0/,current_site_code_mapping_not_historical_photo_page_capture,"(c) Maya Lodhiyal, some rights reserved (CC BY)","Bird detection annotation; resized, cropped, and augmented for model training",platform_terms_reply_pending,2026-09-24T19:44:58.404988+00:00
inaturalist:409017636,409017636,230366888,https://www.inaturalist.org/observations/230366888,30506a5d625e357e746698952c82df75efaa170f3a7670b3aecccbd05f04c714,cc-by,https://creativecommons.org/licenses/by/4.0/,current_site_code_mapping_not_historical_photo_page_capture,"(c) Tom Heijnen, some rights reserved (CC BY)","Bird detection annotation; resized, cropped, and augmented for model training",platform_terms_reply_pending,2026-09-24T19:44:58.404988+00:00
inaturalist:409025429,409025429,230366951,https://www.inaturalist.org/observations/230366951,de4dec186b6bf9bf3b222dfe0eb4826b8aefeb4ca0d96be37ce206379b75b30c,cc-by,https://creativecommons.org/licenses/by/4.0/,current_site_code_mapping_not_historical_photo_page_capture,"(c) Tom Heijnen, some rights reserved (CC BY)","Bird detection annotation; resized, cropped, and augmented for model training",platform_terms_reply_pending,2026-09-24T19:44:58.404988+00:00
inaturalist:409164236,409164236,230435387,https://www.inaturalist.org/observations/230435387,48735f4769e56674a814cd9255dd81af27985cbc16714062d4760e76a0578278,cc-by,https://creativecommons.org/licenses/by/4.0/,current_site_code_mapping_not_historical_photo_page_capture,"(c) Tom Heijnen, some rights reserved (CC BY)","Bird detection annotation; resized, cropped, and augmented for model training",platform_terms_reply_pending,2026-09-24T19:44:58.404988+00:00
inaturalist:409170876,409170876,230437123,https://www.inaturalist.org/observations/230437123,0cf9943d8b9ad29987bbb23937e16ae0676822c5c8c7896a417fef0b99f123cf,cc-by,https://creativecommons.org/licenses/by/4.0/,current_site_code_mapping_not_historical_photo_page_capture,"(c) Tom Heijnen, some rights reserved (CC BY)","Bird detection annotation; resized, cropped, and augmented for model training",platform_terms_reply_pending,2026-09-24T19:44:58.404988+00:00
inaturalist:409356525,409356525,230544331,https://www.inaturalist.org/observations/230544331,cd0623f216ae767894449ad3e6ec6bce1c75da93cf77e83088c9fdef8b15927f,cc-by,https://creativecommons.org/licenses/by/4.0/,current_site_code_mapping_not_historical_photo_page_capture,"(c) Tom Heijnen, some rights reserved (CC BY)","Bird detection annotation; resized, cropped, and augmented for model training",platform_terms_reply_pending,2026-09-24T19:44:58.404988+00:00
inaturalist:409359139,409359139,230544345,https://www.inaturalist.org/observations/230544345,bed75013ba5071812e767617bbbf9de717b18ad78761ab07389bc55bca59d0d0,cc-by,https://creativecommons.org/licenses/by/4.0/,current_site_code_mapping_not_historical_photo_page_capture,"(c) Tom Heijnen, some rights reserved (CC BY)","Bird detection annotation; resized, cropped, and augmented for model training",platform_terms_reply_pending,2026-09-24T19:44:58.404988+00:00
inaturalist:409365527,409365527,230549233,https://www.inaturalist.org/observations/230549233,05ae73859a2fd0c70367239e6cb88f1d355b5673f50d40ab8afb8320a38a4269,cc-by,https://creativecommons.org/licenses/by/4.0/,current_site_code_mapping_not_historical_photo_page_capture,"(c) Tom Heijnen, some rights reserved (CC BY)","Bird detection annotation; resized, cropped, and augmented for model training",platform_terms_reply_pending,2026-09-24T19:44:58.404988+00:00
inaturalist:409372833,409372833,230551123,https://www.inaturalist.org/observations/230551123,e6672908deaf8fc20b1519ac3afa961e431ffa563036097126343db05500ad9b,cc-by,https://creativecommons.org/licenses/by/4.0/,current_site_code_mapping_not_historical_photo_page_capture,"(c) Tom Heijnen, some rights reserved (CC BY)","Bird detection annotation; resized, cropped, and augmented for model training",platform_terms_reply_pending,2026-09-24T19:44:58.404988+00:00
inaturalist:409410263,409410263,230572864,https://www.inaturalist.org/observations/230572864,176fba5e4745171427a94a462a32c8fde8df3abe29835a6507f89a1c952bc7fc,cc-by,https://creativecommons.org/licenses/by/4.0/,current_site_code_mapping_not_historical_photo_page_capture,"(c) Tom Heijnen, some rights reserved (CC BY)","Bird detection annotation; resized, cropped, and augmented for model training",platform_terms_reply_pending,2026-09-24T19:44:58.404988+00:00
inaturalist:409412050,409412050,230572879,https://www.inaturalist.org/observations/230572879,a9c023979d808bd4e7ba39e45641f2f5b389a388268fc3d8438af50476374665,cc-by,https://creativecommons.org/licenses/by/4.0/,current_site_code_mapping_not_historical_photo_page_capture,"(c) Tom Heijnen, some rights reserved (CC BY)","Bird detection annotation; resized, cropped, and augmented for model training",platform_terms_reply_pending,2026-09-24T19:44:58.404988+00:00
inaturalist:409437925,409437925,230587907,https://www.inaturalist.org/observations/230587907,715e0354aabe0449385f7774e5e5c8da9d2f928e35b368e9657f85a82a4ae534,cc-by,https://creativecommons.org/licenses/by/4.0/,current_site_code_mapping_not_historical_photo_page_capture,"(c) Tom Heijnen, some rights reserved (CC BY)","Bird detection annotation; resized, cropped, and augmented for model training",platform_terms_reply_pending,2026-09-24T19:44:58.404988+00:00
inaturalist:409443874,409443874,230587989,https://www.inaturalist.org/observations/230587989,fc0daa39b09ef403f461c0755e082e277c1e44dde066739fe9acef04eedcc549,cc-by,https://creativecommons.org/licenses/by/4.0/,current_site_code_mapping_not_historical_photo_page_capture,"(c) Tom Heijnen, some rights reserved (CC BY)","Bird detection annotation; resized, cropped, and augmented for model training",platform_terms_reply_pending,2026-09-24T19:44:58.404988+00:00
inaturalist:409452466,409452466,230592517,https://www.inaturalist.org/observations/230592517,1c3704523f3b8a2c0ff237f089e4638756d6246985fb0b34fc915245f900516a,cc-by,https://creativecommons.org/licenses/by/4.0/,current_site_code_mapping_not_historical_photo_page_capture,"(c) Tom Heijnen, some rights reserved (CC BY)","Bird detection annotation; resized, cropped, and augmented for model training",platform_terms_reply_pending,2026-09-24T19:44:58.404988+00:00
inaturalist:414833316,414833316,233424159,https://www.inaturalist.org/observations/233424159,c282af7e4fb710ff5312349106c779f440f1f29bd7bdf07ce10fcf614ed929d5,cc-by,https://creativecommons.org/licenses/by/4.0/,current_site_code_mapping_not_historical_photo_page_capture,"(c) Jiao Sun (孙娇), some rights reserved (CC BY)","Bird detection annotation; resized, cropped, and augmented for model training",platform_terms_reply_pending,2026-09-24T19:44:58.404988+00:00
inaturalist:417573630,417573630,234849265,https://www.inaturalist.org/observations/234849265,111139d00a4a18b309bde158bdadbc781ad8a62cfbedd0ce3ed8b88a0dc692f0,cc-by,https://creativecommons.org/licenses/by/4.0/,current_site_code_mapping_not_historical_photo_page_capture,"(c) Rejoice Gassah, some rights reserved (CC BY)","Bird detection annotation; resized, cropped, and augmented for model training",platform_terms_reply_pending,2026-09-24T19:44:58.404988+00:00
inaturalist:418462909,418462909,235308542,https://www.inaturalist.org/observations/235308542,2385beea78f79cb5d029bb5d186ef12fe92571c5cbcc1b977993df6093ba9970,cc-by,https://creativecommons.org/licenses/by/4.0/,current_site_code_mapping_not_historical_photo_page_capture,"(c) Jiao Sun (孙娇), some rights reserved (CC BY)","Bird detection annotation; resized, cropped, and augmented for model training",platform_terms_reply_pending,2026-09-24T19:44:58.404988+00:00
inaturalist:418526575,418526575,235356042,https://www.inaturalist.org/observations/235356042,9d6e0f5a882ad294ca16691b270f8c9d71158031513ea7ff2cf623ad3b3f391a,cc-by,https://creativecommons.org/licenses/by/4.0/,current_site_code_mapping_not_historical_photo_page_capture,"(c) Andrew Bazdyrev, some rights reserved (CC BY)","Bird detection annotation; resized, cropped, and augmented for model training",platform_terms_reply_pending,2026-09-24T19:44:58.404988+00:00
inaturalist:420177865,420177865,236196319,https://www.inaturalist.org/observations/236196319,5be87277d7d419246e835ada2f722da565c03eb2de45e203384cd8804f2eb411,cc-by,https://creativecommons.org/licenses/by/4.0/,current_site_code_mapping_not_historical_photo_page_capture,"(c) Jiao Sun (孙娇), some rights reserved (CC BY)","Bird detection annotation; resized, cropped, and augmented for model training",platform_terms_reply_pending,2026-09-24T19:44:58.404988+00:00
inaturalist:420178067,420178067,236196355,https://www.inaturalist.org/observations/236196355,5607b185cfcdc9fb6407232cd2542a3f564ee7d98a33df5df235f60026652eff,cc-by,https://creativecommons.org/licenses/by/4.0/,current_site_code_mapping_not_historical_photo_page_capture,"(c) Jiao Sun (孙娇), some rights reserved (CC BY)","Bird detection annotation; resized, cropped, and augmented for model training",platform_terms_reply_pending,2026-09-24T19:44:58.404988+00:00
inaturalist:420178073,420178073,236196360,https://www.inaturalist.org/observations/236196360,e4232c13c8d27bf8d21ec09dce486fb687a54baa04c4ab1d1d550f2391fdaf48,cc-by,https://creativecommons.org/licenses/by/4.0/,current_site_code_mapping_not_historical_photo_page_capture,"(c) Jiao Sun (孙娇), some rights reserved (CC BY)","Bird detection annotation; resized, cropped, and augmented for model training",platform_terms_reply_pending,2026-09-24T19:44:58.404988+00:00
inaturalist:421943726,421943726,237115449,https://www.inaturalist.org/observations/237115449,0904775795c36366cc3ca9f2ef172d36022e9703f4c2144388275de75ace613c,cc-by,https://creativecommons.org/licenses/by/4.0/,current_site_code_mapping_not_historical_photo_page_capture,"(c) Wang.QG, some rights reserved (CC BY)","Bird detection annotation; resized, cropped, and augmented for model training",platform_terms_reply_pending,2026-09-24T19:44:58.404988+00:00
inaturalist:421963531,421963531,237126025,https://www.inaturalist.org/observations/237126025,8099b9b8e5651eba7ee8d14c4fcf226829d8772c2cae9afbdefc6c22c9fd807e,cc-by,https://creativecommons.org/licenses/by/4.0/,current_site_code_mapping_not_historical_photo_page_capture,"(c) Wang.QG, some rights reserved (CC BY)","Bird detection annotation; resized, cropped, and augmented for model training",platform_terms_reply_pending,2026-09-24T19:44:58.404988+00:00
inaturalist:422109155,422109155,237203119,https://www.inaturalist.org/observations/237203119,1971cfe2fcaa227d64a6013859fdd56ba94585cc1855b09f6eae86d0e343d64c,cc-by,https://creativecommons.org/licenses/by/4.0/,current_site_code_mapping_not_historical_photo_page_capture,"(c) avocat, some rights reserved (CC BY)","Bird detection annotation; resized, cropped, and augmented for model training",platform_terms_reply_pending,2026-09-24T19:44:58.404988+00:00
inaturalist:422477278,422477278,237390410,https://www.inaturalist.org/observations/237390410,5f7cef6ce38d51f02a32d771f97ea1d3d95e687a1368b9f419cf8e9690f6c16d,cc-by,https://creativecommons.org/licenses/by/4.0/,current_site_code_mapping_not_historical_photo_page_capture,"(c) avocat, some rights reserved (CC BY)","Bird detection annotation; resized, cropped, and augmented for model training",platform_terms_reply_pending,2026-09-24T19:44:58.404988+00:00
inaturalist:425207898,425207898,238804308,https://www.inaturalist.org/observations/238804308,251ef12477841f844e19b837f93d70a731d786aa41431c7ab0c9930951256dca,cc-by,https://creativecommons.org/licenses/by/4.0/,current_site_code_mapping_not_historical_photo_page_capture,"(c) Afsar Nayakkan, some rights reserved (CC BY)","Bird detection annotation; resized, cropped, and augmented for model training",platform_terms_reply_pending,2026-09-24T19:44:58.404988+00:00
inaturalist:428914935,428914935,240722287,https://www.inaturalist.org/observations/240722287,c8edcfb72853e433b61838984dc5ce24357af032b2199467f4a5bcd7ca71e20f,cc-by,https://creativecommons.org/licenses/by/4.0/,current_site_code_mapping_not_historical_photo_page_capture,"(c) Rejoice Gassah, some rights reserved (CC BY)","Bird detection annotation; resized, cropped, and augmented for model training",platform_terms_reply_pending,2026-09-24T19:44:58.404988+00:00
inaturalist:428915018,428915018,240722303,https://www.inaturalist.org/observations/240722303,d1f504245cd21d26eb892678cd1f4f2af6385e6611eb9d0931eb02d2d0f2c6f0,cc-by,https://creativecommons.org/licenses/by/4.0/,current_site_code_mapping_not_historical_photo_page_capture,"(c) Rejoice Gassah, some rights reserved (CC BY)","Bird detection annotation; resized, cropped, and augmented for model training",platform_terms_reply_pending,2026-09-24T19:44:58.404988+00:00
inaturalist:432391545,432391545,242544172,https://www.inaturalist.org/observations/242544172,0627fbfa55a0a9d04f8ed57bcb10f84181c6b12c086558d90bf88c4928922334,cc0,https://creativecommons.org/publicdomain/zero/1.0/,current_site_code_mapping_not_historical_photo_page_capture,no rights reserved,"Bird detection annotation; resized, cropped, and augmented for model training",platform_terms_reply_pending,2026-09-24T19:44:58.404988+00:00
inaturalist:435673763,435673763,244251277,https://www.inaturalist.org/observations/244251277,e927586aa89ec1d7039e786caa7c7170a33f3a8599f867b062bebd082d3dc9aa,cc0,https://creativecommons.org/publicdomain/zero/1.0/,current_site_code_mapping_not_historical_photo_page_capture,no rights reserved,"Bird detection annotation; resized, cropped, and augmented for model training",platform_terms_reply_pending,2026-09-24T19:44:58.404988+00:00
inaturalist:438395486,438395486,245652055,https://www.inaturalist.org/observations/245652055,c4c97806cc38c9734f240fbb7026dea21e9d9bf51035e90f72e2c15b71859707,cc-by,https://creativecommons.org/licenses/by/4.0/,current_site_code_mapping_not_historical_photo_page_capture,"(c) Andrew Lai, some rights reserved (CC BY)","Bird detection annotation; resized, cropped, and augmented for model training",platform_terms_reply_pending,2026-09-24T19:44:58.404988+00:00
inaturalist:439334752,439334752,246128334,https://www.inaturalist.org/observations/246128334,74f4c92c151b0d81a855ed89c2910ffa0530f0ae5b4630446ef08f2d2c3aed89,cc-by,https://creativecommons.org/licenses/by/4.0/,current_site_code_mapping_not_historical_photo_page_capture,"(c) Kalvin Chan, some rights reserved (CC BY)","Bird detection annotation; resized, cropped, and augmented for model training",platform_terms_reply_pending,2026-09-24T19:44:58.404988+00:00
inaturalist:439381656,439381656,246155472,https://www.inaturalist.org/observations/246155472,677a397fad9e7025fd14c2dbe4987d369a643989b5f653c8c3450bf47f5d8e7e,cc-by,https://creativecommons.org/licenses/by/4.0/,current_site_code_mapping_not_historical_photo_page_capture,"(c) Kalvin Chan, some rights reserved (CC BY)","Bird detection annotation; resized, cropped, and augmented for model training",platform_terms_reply_pending,2026-09-24T19:44:58.404988+00:00
inaturalist:440303092,440303092,247084295,https://www.inaturalist.org/observations/247084295,206a022f49af6ac47cc2cd927840fefdfa001a4a7dc5d2538d3763b45c4432f4,cc0,https://creativecommons.org/publicdomain/zero/1.0/,current_site_code_mapping_not_historical_photo_page_capture,no rights reserved,"Bird detection annotation; resized, cropped, and augmented for model training",platform_terms_reply_pending,2026-09-24T19:44:58.404988+00:00
inaturalist:440304398,440304398,247084349,https://www.inaturalist.org/observations/247084349,63a6c80686342d4d84e17d0db39ad408e42d90d1f517d00185996626deab0ad6,cc0,https://creativecommons.org/publicdomain/zero/1.0/,current_site_code_mapping_not_historical_photo_page_capture,no rights reserved,"Bird detection annotation; resized, cropped, and augmented for model training",platform_terms_reply_pending,2026-09-24T19:44:58.404988+00:00
inaturalist:441994801,441994801,247470965,https://www.inaturalist.org/observations/247470965,b4c9a4ce52a255c622a77d9c44ca5da6d84018d04a879f2bd3f8f0092f9e2770,cc-by,https://creativecommons.org/licenses/by/4.0/,current_site_code_mapping_not_historical_photo_page_capture,"(c) Wang.QG, some rights reserved (CC BY)","Bird detection annotation; resized, cropped, and augmented for model training",platform_terms_reply_pending,2026-09-24T19:44:58.404988+00:00
inaturalist:442286056,442286056,247617611,https://www.inaturalist.org/observations/247617611,b627ad9159e79a6e414f9f5081a5740b4707aa7d0761262469b09b14c30f9764,cc0,https://creativecommons.org/publicdomain/zero/1.0/,current_site_code_mapping_not_historical_photo_page_capture,no rights reserved,"Bird detection annotation; resized, cropped, and augmented for model training",platform_terms_reply_pending,2026-09-24T19:44:58.404988+00:00
inaturalist:443013070,443013070,247987145,https://www.inaturalist.org/observations/247987145,3673426f9823932fb8ea0d5b281eeb4ef1986db45970180bdcd236e4b6595357,cc-by,https://creativecommons.org/licenses/by/4.0/,current_site_code_mapping_not_historical_photo_page_capture,"(c) Wang.QG, some rights reserved (CC BY)","Bird detection annotation; resized, cropped, and augmented for model training",platform_terms_reply_pending,2026-09-24T19:44:58.404988+00:00
inaturalist:444194791,444194791,248581264,https://www.inaturalist.org/observations/248581264,3bc247dcd5c4d0fdc904a344134a2c48c2bf3b5fd31fb0a9e3baf8002ad22a1c,cc-by,https://creativecommons.org/licenses/by/4.0/,current_site_code_mapping_not_historical_photo_page_capture,"(c) Wang.QG, some rights reserved (CC BY)","Bird detection annotation; resized, cropped, and augmented for model training",platform_terms_reply_pending,2026-09-24T19:44:58.404988+00:00
inaturalist:445324297,445324297,249150753,https://www.inaturalist.org/observations/249150753,42e00e470c9c4a7d6ad58d37d71150fee893d3a63a19f480e6cd5e7f03c2b0c8,cc-by,https://creativecommons.org/licenses/by/4.0/,current_site_code_mapping_not_historical_photo_page_capture,"(c) Wang.QG, some rights reserved (CC BY)","Bird detection annotation; resized, cropped, and augmented for model training",platform_terms_reply_pending,2026-09-24T19:44:58.404988+00:00
inaturalist:445991094,445991094,249486265,https://www.inaturalist.org/observations/249486265,553b0e2099089afa7598ecc0ae3bfd7e24355d76093e67cd7573f4d2c7e5b7ac,cc-by,https://creativecommons.org/licenses/by/4.0/,current_site_code_mapping_not_historical_photo_page_capture,"(c) Sagnik Dutta Roy, some rights reserved (CC BY)","Bird detection annotation; resized, cropped, and augmented for model training",platform_terms_reply_pending,2026-09-24T19:44:58.404988+00:00
inaturalist:446748261,446748261,249866129,https://www.inaturalist.org/observations/249866129,fefbf45dcb8852180536be66c3a3aaee6cc2b941624b454d1c1f31e7d14a8661,cc-by,https://creativecommons.org/licenses/by/4.0/,current_site_code_mapping_not_historical_photo_page_capture,"(c) Sagnik Dutta Roy, some rights reserved (CC BY)","Bird detection annotation; resized, cropped, and augmented for model training",platform_terms_reply_pending,2026-09-24T19:44:58.404988+00:00
inaturalist:451477088,451477088,252227593,https://www.inaturalist.org/observations/252227593,0fb206625854762d1b5520dc6f5e471c53d54dbc09fe8ff2d1128db6a2ec52d9,cc-by,https://creativecommons.org/licenses/by/4.0/,current_site_code_mapping_not_historical_photo_page_capture,"(c) Ganjar Cahyadi, some rights reserved (CC BY)","Bird detection annotation; resized, cropped, and augmented for model training",platform_terms_reply_pending,2026-09-24T19:44:58.404988+00:00
inaturalist:452029352,452029352,252505332,https://www.inaturalist.org/observations/252505332,5a84b8e0143aac4fc11533ceb977693bd87eb3bbbdf628370c7354faff17f718,cc-by,https://creativecommons.org/licenses/by/4.0/,current_site_code_mapping_not_historical_photo_page_capture,"(c) Paulmathi Vinod, some rights reserved (CC BY)","Bird detection annotation; resized, cropped, and augmented for model training",platform_terms_reply_pending,2026-09-24T19:44:58.404988+00:00
inaturalist:456016499,456016499,254573327,https://www.inaturalist.org/observations/254573327,ce06fac6b2a3653796541251d2748acc8b9dde2162a07736f369c2b4d4b1399b,cc-by,https://creativecommons.org/licenses/by/4.0/,current_site_code_mapping_not_historical_photo_page_capture,"(c) Jagdish Singh Negi, some rights reserved (CC BY)","Bird detection annotation; resized, cropped, and augmented for model training",platform_terms_reply_pending,2026-09-24T19:44:58.404988+00:00
inaturalist:460381762,460381762,256735238,https://www.inaturalist.org/observations/256735238,65d9b9ee3b11d81b6c98aca8f89639f2657d43f11ca50b87c00e8b1d5654cf01,cc-by,https://creativecommons.org/licenses/by/4.0/,current_site_code_mapping_not_historical_photo_page_capture,"(c) Paulmathi Vinod, some rights reserved (CC BY)","Bird detection annotation; resized, cropped, and augmented for model training",platform_terms_reply_pending,2026-09-24T19:44:58.404988+00:00
inaturalist:46142177,46142177,29561710,https://www.inaturalist.org/observations/29561710,230d72dc88a6ec4b6c1bdf56b2f5388ff4b2988210cfc838a9ec8f47c80534f7,cc-by,https://creativecommons.org/licenses/by/4.0/,current_site_code_mapping_not_historical_photo_page_capture,"(c) Rohit Naniwadekar, some rights reserved (CC BY)","Bird detection annotation; resized, cropped, and augmented for model training",platform_terms_reply_pending,2026-09-24T19:44:58.404988+00:00
inaturalist:46240941,46240941,29622958,https://www.inaturalist.org/observations/29622958,da977d71450e76e98a159bbc48e520d21f9a2fba0958c008be2a9b18cb486f1e,cc-by,https://creativecommons.org/licenses/by/4.0/,current_site_code_mapping_not_historical_photo_page_capture,"(c) Rohit Naniwadekar, some rights reserved (CC BY)","Bird detection annotation; resized, cropped, and augmented for model training",platform_terms_reply_pending,2026-09-24T19:44:58.404988+00:00
inaturalist:463721938,463721938,258458796,https://www.inaturalist.org/observations/258458796,684b180e6602898ebacecf2e631d56867d4a4e8b268ad5049d14751224c3dc04,cc-by,https://creativecommons.org/licenses/by/4.0/,current_site_code_mapping_not_historical_photo_page_capture,"(c) Mathieu Soetens, some rights reserved (CC BY)","Bird detection annotation; resized, cropped, and augmented for model training",platform_terms_reply_pending,2026-09-24T19:44:58.404988+00:00
inaturalist:465887349,465887349,259524367,https://www.inaturalist.org/observations/259524367,aaf92dc35d9f91d3ff14d403fe27e3b05a895f59cc1f6f4510cc2be0a259c916,cc-by,https://creativecommons.org/licenses/by/4.0/,current_site_code_mapping_not_historical_photo_page_capture,"(c) Afsar Nayakkan, some rights reserved (CC BY)","Bird detection annotation; resized, cropped, and augmented for model training",platform_terms_reply_pending,2026-09-24T19:44:58.404988+00:00
inaturalist:46589597,46589597,29837980,https://www.inaturalist.org/observations/29837980,a061c230708a3e9babf42b976c9d7b50d153fd998c0450e3405c201d53b4a089,cc-by,https://creativecommons.org/licenses/by/4.0/,current_site_code_mapping_not_historical_photo_page_capture,"(c) Rohit Naniwadekar, some rights reserved (CC BY)","Bird detection annotation; resized, cropped, and augmented for model training",platform_terms_reply_pending,2026-09-24T19:44:58.404988+00:00
inaturalist:468022549,468022549,260596477,https://www.inaturalist.org/observations/260596477,4adbb8c822b6759081dc49b8ea0e081eeb06a95d499c606fa9e894975ed94d27,cc-by,https://creativecommons.org/licenses/by/4.0/,current_site_code_mapping_not_historical_photo_page_capture,"(c) Guy Babineau, some rights reserved (CC BY)","Bird detection annotation; resized, cropped, and augmented for model training",platform_terms_reply_pending,2026-09-24T19:44:58.404988+00:00
inaturalist:468591925,468591925,260886237,https://www.inaturalist.org/observations/260886237,57f81f36981e78caa17ac3e525815f6344a93d9b55059b6fe7fbc2a5d7f46125,cc-by,https://creativecommons.org/licenses/by/4.0/,current_site_code_mapping_not_historical_photo_page_capture,"(c) Guy Babineau, some rights reserved (CC BY)","Bird detection annotation; resized, cropped, and augmented for model training",platform_terms_reply_pending,2026-09-24T19:44:58.404988+00:00
inaturalist:468733057,468733057,260957421,https://www.inaturalist.org/observations/260957421,804b0f2254a033e7dbc688220afcdd7881739e3c3a10b105255f23b424713ab8,cc-by,https://creativecommons.org/licenses/by/4.0/,current_site_code_mapping_not_historical_photo_page_capture,"(c) Afsar Nayakkan, some rights reserved (CC BY)","Bird detection annotation; resized, cropped, and augmented for model training",platform_terms_reply_pending,2026-09-24T19:44:58.404988+00:00
inaturalist:468778704,468778704,260980358,https://www.inaturalist.org/observations/260980358,a61297c6d3040308e5050752154b7540b05300335293aca7e241de7ae43c35ae,cc-by,https://creativecommons.org/licenses/by/4.0/,current_site_code_mapping_not_historical_photo_page_capture,"(c) Guy Babineau, some rights reserved (CC BY)","Bird detection annotation; resized, cropped, and augmented for model training",platform_terms_reply_pending,2026-09-24T19:44:58.404988+00:00
inaturalist:468929414,468929414,261057769,https://www.inaturalist.org/observations/261057769,e1caeb36030e772e4a6ecd266736645ad64cea2a07bc82f47f8650b7dd8d81d2,cc-by,https://creativecommons.org/licenses/by/4.0/,current_site_code_mapping_not_historical_photo_page_capture,"(c) Afsar Nayakkan, some rights reserved (CC BY)","Bird detection annotation; resized, cropped, and augmented for model training",platform_terms_reply_pending,2026-09-24T19:44:58.404988+00:00
inaturalist:469667485,469667485,261428151,https://www.inaturalist.org/observations/261428151,34991e58abf8c138ffc8e0dc9c01544fdf101c25eecfbbc903a4d28026f09010,cc-by,https://creativecommons.org/licenses/by/4.0/,current_site_code_mapping_not_historical_photo_page_capture,"(c) Guy Babineau, some rights reserved (CC BY)","Bird detection annotation; resized, cropped, and augmented for model training",platform_terms_reply_pending,2026-09-24T19:44:58.404988+00:00
inaturalist:469867653,469867653,261528989,https://www.inaturalist.org/observations/261528989,ceaee3de2669d5d6e3ce0a29e0ff1004cfea07ea4f45bdff69dce629dfe4cb63,cc-by,https://creativecommons.org/licenses/by/4.0/,current_site_code_mapping_not_historical_photo_page_capture,"(c) Afsar Nayakkan, some rights reserved (CC BY)","Bird detection annotation; resized, cropped, and augmented for model training",platform_terms_reply_pending,2026-09-24T19:44:58.404988+00:00
inaturalist:470045663,470045663,261617632,https://www.inaturalist.org/observations/261617632,db3a681342b029e3e47996b5c9ce532cbfdb5931e3c8fe0391e50846d7d7932a,cc-by,https://creativecommons.org/licenses/by/4.0/,current_site_code_mapping_not_historical_photo_page_capture,"(c) Wang.QG, some rights reserved (CC BY)","Bird detection annotation; resized, cropped, and augmented for model training",platform_terms_reply_pending,2026-09-24T19:44:58.404988+00:00
inaturalist:470215241,470215241,261702345,https://www.inaturalist.org/observations/261702345,ec0cd621ece484454f2c0b11b3d4194f5f08feef003bce86f0dbb67d42054e7f,cc-by,https://creativecommons.org/licenses/by/4.0/,current_site_code_mapping_not_historical_photo_page_capture,"(c) Afsar Nayakkan, some rights reserved (CC BY)","Bird detection annotation; resized, cropped, and augmented for model training",platform_terms_reply_pending,2026-09-24T19:44:58.404988+00:00
inaturalist:470921813,470921813,262081617,https://www.inaturalist.org/observations/262081617,00268db102668149ee7f3ade5ce0726e5de74b7ae5fa211bfc8612113bf8a164,cc-by,https://creativecommons.org/licenses/by/4.0/,current_site_code_mapping_not_historical_photo_page_capture,"(c) Gerard Chartier, some rights reserved (CC BY)","Bird detection annotation; resized, cropped, and augmented for model training",platform_terms_reply_pending,2026-09-24T19:44:58.404988+00:00
inaturalist:470921818,470921818,262081616,https://www.inaturalist.org/observations/262081616,93acdd65386b7195f6c07379906067941d7358978b38808f543494289a4beb52,cc-by,https://creativecommons.org/licenses/by/4.0/,current_site_code_mapping_not_historical_photo_page_capture,"(c) Gerard Chartier, some rights reserved (CC BY)","Bird detection annotation; resized, cropped, and augmented for model training",platform_terms_reply_pending,2026-09-24T19:44:58.404988+00:00
inaturalist:470932526,470932526,262086741,https://www.inaturalist.org/observations/262086741,80d1bd8fa5c12c8e13bc6ba67375c73c67644ac618dc7ef26d92e97657c13555,cc-by,https://creativecommons.org/licenses/by/4.0/,current_site_code_mapping_not_historical_photo_page_capture,"(c) Gerard Chartier, some rights reserved (CC BY)","Bird detection annotation; resized, cropped, and augmented for model training",platform_terms_reply_pending,2026-09-24T19:44:58.404988+00:00
inaturalist:472235746,472235746,262919944,https://www.inaturalist.org/observations/262919944,5c53eab4df6002bbaa6219e60426cf2ed44914ae4b0a8b23dbcafcccdca2e0e0,cc-by,https://creativecommons.org/licenses/by/4.0/,current_site_code_mapping_not_historical_photo_page_capture,"(c) Afsar Nayakkan, some rights reserved (CC BY)","Bird detection annotation; resized, cropped, and augmented for model training",platform_terms_reply_pending,2026-09-24T19:44:58.404988+00:00
inaturalist:472236037,472236037,262920081,https://www.inaturalist.org/observations/262920081,8f065f685a3cf33e3f96cc8ddabe4c936d691cfbd0c5f40084242a5d2a7afcc1,cc-by,https://creativecommons.org/licenses/by/4.0/,current_site_code_mapping_not_historical_photo_page_capture,"(c) Afsar Nayakkan, some rights reserved (CC BY)","Bird detection annotation; resized, cropped, and augmented for model training",platform_terms_reply_pending,2026-09-24T19:44:58.404988+00:00
inaturalist:472237851,472237851,262921027,https://www.inaturalist.org/observations/262921027,e665df7c398dcc0f915adbc8a84a93074ef30e9d1f7d9e263290268e988ba2b2,cc-by,https://creativecommons.org/licenses/by/4.0/,current_site_code_mapping_not_historical_photo_page_capture,"(c) Afsar Nayakkan, some rights reserved (CC BY)","Bird detection annotation; resized, cropped, and augmented for model training",platform_terms_reply_pending,2026-09-24T19:44:58.404988+00:00
inaturalist:472753537,472753537,263179786,https://www.inaturalist.org/observations/263179786,b2275f95626da014aa0923515f6650d06ac72d6a04734ce247c9666673c481cc,cc-by,https://creativecommons.org/licenses/by/4.0/,current_site_code_mapping_not_historical_photo_page_capture,"(c) Jigu, some rights reserved (CC BY)","Bird detection annotation; resized, cropped, and augmented for model training",platform_terms_reply_pending,2026-09-24T19:44:58.404988+00:00
inaturalist:472917605,472917605,263261906,https://www.inaturalist.org/observations/263261906,23190a215c86baf3b236777730127fe5908c8a7332159f71f5c9f2715108654f,cc-by,https://creativecommons.org/licenses/by/4.0/,current_site_code_mapping_not_historical_photo_page_capture,"(c) 許慶棠Ray, some rights reserved (CC BY)","Bird detection annotation; resized, cropped, and augmented for model training",platform_terms_reply_pending,2026-09-24T19:44:58.404988+00:00
inaturalist:47295143,47295143,30278767,https://www.inaturalist.org/observations/30278767,8cbdd0074674691e402bf3ee8e73f93ad81521e7e5acf66932df7ac9043f6a9c,cc-by,https://creativecommons.org/licenses/by/4.0/,current_site_code_mapping_not_historical_photo_page_capture,"(c) Rose Zappa, some rights reserved (CC BY)","Bird detection annotation; resized, cropped, and augmented for model training",platform_terms_reply_pending,2026-09-24T19:44:58.404988+00:00
inaturalist:474320288,474320288,263975397,https://www.inaturalist.org/observations/263975397,6566bf77721da1b9a931317daf6ecfeb739eb8b85f402816bd5a851126c707fb,cc-by,https://creativecommons.org/licenses/by/4.0/,current_site_code_mapping_not_historical_photo_page_capture,"(c) Mathieu Soetens, some rights reserved (CC BY)","Bird detection annotation; resized, cropped, and augmented for model training",platform_terms_reply_pending,2026-09-24T19:44:58.404988+00:00
inaturalist:474538752,474538752,264097870,https://www.inaturalist.org/observations/264097870,adefa8bc3fdc2e9815745048d4e916802722a9ff0d255af500210cf14dc9feb4,cc-by,https://creativecommons.org/licenses/by/4.0/,current_site_code_mapping_not_historical_photo_page_capture,"(c) Mathieu Soetens, some rights reserved (CC BY)","Bird detection annotation; resized, cropped, and augmented for model training",platform_terms_reply_pending,2026-09-24T19:44:58.404988+00:00
inaturalist:474538782,474538782,264097880,https://www.inaturalist.org/observations/264097880,38c37044545a8325fa1275c6d4e89ec339e3efcff6ab23e28590017d347cbc69,cc-by,https://creativecommons.org/licenses/by/4.0/,current_site_code_mapping_not_historical_photo_page_capture,"(c) Mathieu Soetens, some rights reserved (CC BY)","Bird detection annotation; resized, cropped, and augmented for model training",platform_terms_reply_pending,2026-09-24T19:44:58.404988+00:00
inaturalist:475430214,475430214,264753713,https://www.inaturalist.org/observations/264753713,87ac0fc662425a924948867cfa24e5280464d4e1aa9500bafa0f42a08a1a31e3,cc-by,https://creativecommons.org/licenses/by/4.0/,current_site_code_mapping_not_historical_photo_page_capture,"(c) dhfischer, some rights reserved (CC BY)","Bird detection annotation; resized, cropped, and augmented for model training",platform_terms_reply_pending,2026-09-24T19:44:58.404988+00:00
inaturalist:475674924,475674924,264878817,https://www.inaturalist.org/observations/264878817,3c166709d617f913663792534ccd8c7329d26b65df0e0a181426d4b0fad3bfc4,cc-by,https://creativecommons.org/licenses/by/4.0/,current_site_code_mapping_not_historical_photo_page_capture,"(c) dhfischer, some rights reserved (CC BY)","Bird detection annotation; resized, cropped, and augmented for model training",platform_terms_reply_pending,2026-09-24T19:44:58.404988+00:00
inaturalist:475681539,475681539,264878828,https://www.inaturalist.org/observations/264878828,6ab8701c7ede8f4147d2962adae571c28f2d00604a50c9d68f5d32666b0a0f00,cc-by,https://creativecommons.org/licenses/by/4.0/,current_site_code_mapping_not_historical_photo_page_capture,"(c) dhfischer, some rights reserved (CC BY)","Bird detection annotation; resized, cropped, and augmented for model training",platform_terms_reply_pending,2026-09-24T19:44:58.404988+00:00
inaturalist:475681547,475681547,264878826,https://www.inaturalist.org/observations/264878826,04f5dd39da598c2abc8d3a83f04aba0a619b1351b3d23191d90b7c0dbbab8208,cc-by,https://creativecommons.org/licenses/by/4.0/,current_site_code_mapping_not_historical_photo_page_capture,"(c) dhfischer, some rights reserved (CC BY)","Bird detection annotation; resized, cropped, and augmented for model training",platform_terms_reply_pending,2026-09-24T19:44:58.404988+00:00
inaturalist:476941737,476941737,265518505,https://www.inaturalist.org/observations/265518505,4fe6248fc335bba030ed1f5b715e60a3a0d9e81709d4db368dc7b16ccc8898a1,cc-by,https://creativecommons.org/licenses/by/4.0/,current_site_code_mapping_not_historical_photo_page_capture,"(c) Wang (Tom) ZiYi, some rights reserved (CC BY)","Bird detection annotation; resized, cropped, and augmented for model training",platform_terms_reply_pending,2026-09-24T19:44:58.404988+00:00
inaturalist:478597533,478597533,266373649,https://www.inaturalist.org/observations/266373649,31dfcb34bb983fcad251dc900e1a9aee66f6025d9c7ed20039ee79eba196d01a,cc-by,https://creativecommons.org/licenses/by/4.0/,current_site_code_mapping_not_historical_photo_page_capture,"(c) Mathieu Soetens, some rights reserved (CC BY)","Bird detection annotation; resized, cropped, and augmented for model training",platform_terms_reply_pending,2026-09-24T19:44:58.404988+00:00
inaturalist:478818120,478818120,266373834,https://www.inaturalist.org/observations/266373834,e4abeb859862dc52c32ab5eb8ddfee7a4767d8b96314b081bc2f268c2d6dfe60,cc-by,https://creativecommons.org/licenses/by/4.0/,current_site_code_mapping_not_historical_photo_page_capture,"(c) Mathieu Soetens, some rights reserved (CC BY)","Bird detection annotation; resized, cropped, and augmented for model training",platform_terms_reply_pending,2026-09-24T19:44:58.404988+00:00
inaturalist:479296126,479296126,266753234,https://www.inaturalist.org/observations/266753234,e8e0ed504b3583ae2d0f3873e9142f0020ac68d6fe350ee24ac53b0d84d3a15f,cc-by,https://creativecommons.org/licenses/by/4.0/,current_site_code_mapping_not_historical_photo_page_capture,"(c) Mathieu Soetens, some rights reserved (CC BY)","Bird detection annotation; resized, cropped, and augmented for model training",platform_terms_reply_pending,2026-09-24T19:44:58.404988+00:00
inaturalist:479296348,479296348,266753333,https://www.inaturalist.org/observations/266753333,a57cfff16d2f3c18b53a9937b8fd3a6170f237351fbb6bb5cb9de4978816e70b,cc-by,https://creativecommons.org/licenses/by/4.0/,current_site_code_mapping_not_historical_photo_page_capture,"(c) Mathieu Soetens, some rights reserved (CC BY)","Bird detection annotation; resized, cropped, and augmented for model training",platform_terms_reply_pending,2026-09-24T19:44:58.404988+00:00
inaturalist:479296553,479296553,266753423,https://www.inaturalist.org/observations/266753423,203ee88f89aeda01ba89e4ff997b9bfa80a5fa9d66b0118d8de5f6e490bccbec,cc-by,https://creativecommons.org/licenses/by/4.0/,current_site_code_mapping_not_historical_photo_page_capture,"(c) Mathieu Soetens, some rights reserved (CC BY)","Bird detection annotation; resized, cropped, and augmented for model training",platform_terms_reply_pending,2026-09-24T19:44:58.404988+00:00
inaturalist:479296779,479296779,266753545,https://www.inaturalist.org/observations/266753545,36c9da31ed55ed313c776ea9507997b325d905b7a3e743f8be530577a442128e,cc-by,https://creativecommons.org/licenses/by/4.0/,current_site_code_mapping_not_historical_photo_page_capture,"(c) Mathieu Soetens, some rights reserved (CC BY)","Bird detection annotation; resized, cropped, and augmented for model training",platform_terms_reply_pending,2026-09-24T19:44:58.404988+00:00
inaturalist:479296828,479296828,266753569,https://www.inaturalist.org/observations/266753569,f7ebbf5afcdfadb9b057348feaaa0262db9e0bdeea47e1bcd24dc32f59e0006d,cc-by,https://creativecommons.org/licenses/by/4.0/,current_site_code_mapping_not_historical_photo_page_capture,"(c) Mathieu Soetens, some rights reserved (CC BY)","Bird detection annotation; resized, cropped, and augmented for model training",platform_terms_reply_pending,2026-09-24T19:44:58.404988+00:00
inaturalist:479296968,479296968,266753621,https://www.inaturalist.org/observations/266753621,4505ca257a9160dfbca6f10fbb3ba1dcbd5226938acdfc57f71b2db1a1fc12c7,cc-by,https://creativecommons.org/licenses/by/4.0/,current_site_code_mapping_not_historical_photo_page_capture,"(c) Mathieu Soetens, some rights reserved (CC BY)","Bird detection annotation; resized, cropped, and augmented for model training",platform_terms_reply_pending,2026-09-24T19:44:58.404988+00:00
inaturalist:479297095,479297095,266753670,https://www.inaturalist.org/observations/266753670,79b7f4a7641af1868325d9d8a8bc397697d30c6a2f3730c68975dbac79e64101,cc-by,https://creativecommons.org/licenses/by/4.0/,current_site_code_mapping_not_historical_photo_page_capture,"(c) Mathieu Soetens, some rights reserved (CC BY)","Bird detection annotation; resized, cropped, and augmented for model training",platform_terms_reply_pending,2026-09-24T19:44:58.404988+00:00
inaturalist:479297561,479297561,266753879,https://www.inaturalist.org/observations/266753879,c0ba7151f7eb756f669701aed05bd71a19387bda9a8ed4c7c8a36eb592fc1be7,cc-by,https://creativecommons.org/licenses/by/4.0/,current_site_code_mapping_not_historical_photo_page_capture,"(c) Mathieu Soetens, some rights reserved (CC BY)","Bird detection annotation; resized, cropped, and augmented for model training",platform_terms_reply_pending,2026-09-24T19:44:58.404988+00:00
inaturalist:479298959,479298959,266754523,https://www.inaturalist.org/observations/266754523,d1d90ffa0f846518811fd290b3f71e3ff3a25b7ec4c3b04010d5a0e10ff05adc,cc-by,https://creativecommons.org/licenses/by/4.0/,current_site_code_mapping_not_historical_photo_page_capture,"(c) Mathieu Soetens, some rights reserved (CC BY)","Bird detection annotation; resized, cropped, and augmented for model training",platform_terms_reply_pending,2026-09-24T19:44:58.404988+00:00
inaturalist:479471326,479471326,266844442,https://www.inaturalist.org/observations/266844442,6a860bd4213991ca9500716492f1a944f82f398325f4e12f2fde677c0a67f07d,cc0,https://creativecommons.org/publicdomain/zero/1.0/,current_site_code_mapping_not_historical_photo_page_capture,no rights reserved,"Bird detection annotation; resized, cropped, and augmented for model training",platform_terms_reply_pending,2026-09-24T19:44:58.404988+00:00
inaturalist:479522185,479522185,266870642,https://www.inaturalist.org/observations/266870642,82c312d10fc11675c09900f12bb003294745bc74df6655e3d19495e7ff4b9189,cc-by,https://creativecommons.org/licenses/by/4.0/,current_site_code_mapping_not_historical_photo_page_capture,"(c) Marco Mussita, some rights reserved (CC BY)","Bird detection annotation; resized, cropped, and augmented for model training",platform_terms_reply_pending,2026-09-24T19:44:58.404988+00:00
inaturalist:479751998,479751998,266991737,https://www.inaturalist.org/observations/266991737,8e2602c9903d4d345f5a547b2ff6c1234392c8e5ab1aa0f3cc2e5eafddf84242,cc0,https://creativecommons.org/publicdomain/zero/1.0/,current_site_code_mapping_not_historical_photo_page_capture,no rights reserved,"Bird detection annotation; resized, cropped, and augmented for model training",platform_terms_reply_pending,2026-09-24T19:44:58.404988+00:00
inaturalist:480037581,480037581,267140087,https://www.inaturalist.org/observations/267140087,b42a858c8c0fe501d2f224e0e13dca2f74d4a9710b6ea9b311c93f4f92ab5a17,cc0,https://creativecommons.org/publicdomain/zero/1.0/,current_site_code_mapping_not_historical_photo_page_capture,no rights reserved,"Bird detection annotation; resized, cropped, and augmented for model training",platform_terms_reply_pending,2026-09-24T19:44:58.404988+00:00
inaturalist:480039530,480039530,267140839,https://www.inaturalist.org/observations/267140839,09b21071ea87412d1c15c72eeacd39c5e7c280dde423ff584ee9a423d00ae7a2,cc0,https://creativecommons.org/publicdomain/zero/1.0/,current_site_code_mapping_not_historical_photo_page_capture,no rights reserved,"Bird detection annotation; resized, cropped, and augmented for model training",platform_terms_reply_pending,2026-09-24T19:44:58.404988+00:00
inaturalist:481381231,481381231,267840724,https://www.inaturalist.org/observations/267840724,99a78e99b3269fcfb9cb01bca5f38d3532059b89284f94f8b4d8c49c4ad5174c,cc-by,https://creativecommons.org/licenses/by/4.0/,current_site_code_mapping_not_historical_photo_page_capture,"(c) Mathieu Soetens, some rights reserved (CC BY)","Bird detection annotation; resized, cropped, and augmented for model training",platform_terms_reply_pending,2026-09-24T19:44:58.404988+00:00
inaturalist:481501218,481501218,267904552,https://www.inaturalist.org/observations/267904552,a3c68597b76fe4450c8d8a07e70fd9639294c55590dfe9b394aafc19ce1cbcbd,cc-by,https://creativecommons.org/licenses/by/4.0/,current_site_code_mapping_not_historical_photo_page_capture,"(c) Mathieu Soetens, some rights reserved (CC BY)","Bird detection annotation; resized, cropped, and augmented for model training",platform_terms_reply_pending,2026-09-24T19:44:58.404988+00:00
inaturalist:483046376,483046376,268712236,https://www.inaturalist.org/observations/268712236,72efb366f14ea43574563b63c774812153a96749bdebe6bae5ca7230bc373dee,cc-by,https://creativecommons.org/licenses/by/4.0/,current_site_code_mapping_not_historical_photo_page_capture,"(c) Wang.QG, some rights reserved (CC BY)","Bird detection annotation; resized, cropped, and augmented for model training",platform_terms_reply_pending,2026-09-24T19:44:58.404988+00:00
inaturalist:483787847,483787847,269094116,https://www.inaturalist.org/observations/269094116,3d16f9ebc700c6bcf27a88410885bdc5ae1498f666b20feec710c556b3eb71ed,cc-by,https://creativecommons.org/licenses/by/4.0/,current_site_code_mapping_not_historical_photo_page_capture,"(c) Wang.QG, some rights reserved (CC BY)","Bird detection annotation; resized, cropped, and augmented for model training",platform_terms_reply_pending,2026-09-24T19:44:58.404988+00:00
inaturalist:484185483,484185483,269299573,https://www.inaturalist.org/observations/269299573,db0bc4699def5e8f0c5560e3fbb6990c1e518de15a3262e844a6bcb1756efad7,cc-by,https://creativecommons.org/licenses/by/4.0/,current_site_code_mapping_not_historical_photo_page_capture,"(c) Mathieu Soetens, some rights reserved (CC BY)","Bird detection annotation; resized, cropped, and augmented for model training",platform_terms_reply_pending,2026-09-24T19:44:58.404988+00:00
inaturalist:484362930,484362930,269390663,https://www.inaturalist.org/observations/269390663,362a17801bee0a8989bf403aa8eb193fa20b285712f03e9d58a26f728c45c948,cc-by,https://creativecommons.org/licenses/by/4.0/,current_site_code_mapping_not_historical_photo_page_capture,"(c) Mathieu Soetens, some rights reserved (CC BY)","Bird detection annotation; resized, cropped, and augmented for model training",platform_terms_reply_pending,2026-09-24T19:44:58.404988+00:00
inaturalist:484772461,484772461,270608786,https://www.inaturalist.org/observations/270608786,393b76f0c8177165b69c73a5227736eaa763cee95a8e1b00a9800e70aaabdb3a,cc-by,https://creativecommons.org/licenses/by/4.0/,current_site_code_mapping_not_historical_photo_page_capture,"(c) Wang.QG, some rights reserved (CC BY)","Bird detection annotation; resized, cropped, and augmented for model training",platform_terms_reply_pending,2026-09-24T19:44:58.404988+00:00
inaturalist:485061667,485061667,269754382,https://www.inaturalist.org/observations/269754382,25d170cfac2c5f58f541682ba3c302c88a72f798e4a52bac09527dcaf5313fab,cc-by,https://creativecommons.org/licenses/by/4.0/,current_site_code_mapping_not_historical_photo_page_capture,"(c) Toby Y, some rights reserved (CC BY)","Bird detection annotation; resized, cropped, and augmented for model training",platform_terms_reply_pending,2026-09-24T19:44:58.404988+00:00
inaturalist:485454740,485454740,269963318,https://www.inaturalist.org/observations/269963318,613675f76fe76c0eb1cf1ee805281eabd605da8b3e648088dc9946d1e4e21476,cc-by,https://creativecommons.org/licenses/by/4.0/,current_site_code_mapping_not_historical_photo_page_capture,"(c) Wang.QG, some rights reserved (CC BY)","Bird detection annotation; resized, cropped, and augmented for model training",platform_terms_reply_pending,2026-09-24T19:44:58.404988+00:00
inaturalist:485471398,485471398,269972250,https://www.inaturalist.org/observations/269972250,036435e48003bb2656047d6b5f4e3332c60eda22f91ac08b9f162b2c28af8c3c,cc-by,https://creativecommons.org/licenses/by/4.0/,current_site_code_mapping_not_historical_photo_page_capture,"(c) Wang.QG, some rights reserved (CC BY)","Bird detection annotation; resized, cropped, and augmented for model training",platform_terms_reply_pending,2026-09-24T19:44:58.404988+00:00
inaturalist:487176880,487176880,270868031,https://www.inaturalist.org/observations/270868031,bf81e75eadc4c29c0670b5b29f2268e60cff7abd792807d4b024ca6210c638aa,cc-by,https://creativecommons.org/licenses/by/4.0/,current_site_code_mapping_not_historical_photo_page_capture,"(c) Zheyuan LIU, some rights reserved (CC BY)","Bird detection annotation; resized, cropped, and augmented for model training",platform_terms_reply_pending,2026-09-24T19:44:58.404988+00:00
inaturalist:488247071,488247071,271433321,https://www.inaturalist.org/observations/271433321,648f7a17cafda6d73a11b7a2fb1ffec5efe90d53b826a472d5fe251108e79a6b,cc-by,https://creativecommons.org/licenses/by/4.0/,current_site_code_mapping_not_historical_photo_page_capture,"(c) Rex Leung, some rights reserved (CC BY)","Bird detection annotation; resized, cropped, and augmented for model training",platform_terms_reply_pending,2026-09-24T19:44:58.404988+00:00
inaturalist:49431274,49431274,31576054,https://www.inaturalist.org/observations/31576054,185548bcb1d2bae2c3cc3bef45cad943c02cfcfc3a9cdc1762d498eb7d7bb9d0,cc-by,https://creativecommons.org/licenses/by/4.0/,current_site_code_mapping_not_historical_photo_page_capture,"(c) Karen (with occasional help from Mike), some rights reserved (CC BY)","Bird detection annotation; resized, cropped, and augmented for model training",platform_terms_reply_pending,2026-09-24T19:44:58.404988+00:00
inaturalist:499714830,499714830,278302684,https://www.inaturalist.org/observations/278302684,a88deb5dcd1240bc533da5cd25e99f0a4e1a796331b4648504b4adc89c251212,cc-by,https://creativecommons.org/licenses/by/4.0/,current_site_code_mapping_not_historical_photo_page_capture,"(c) Yurii Basov, some rights reserved (CC BY)","Bird detection annotation; resized, cropped, and augmented for model training",platform_terms_reply_pending,2026-09-24T19:44:58.404988+00:00
inaturalist:499847228,499847228,278382326,https://www.inaturalist.org/observations/278382326,a2aba2c23644946739fc0929f72ef3f8b781843d333618cf0e54f98c194f2124,cc-by,https://creativecommons.org/licenses/by/4.0/,current_site_code_mapping_not_historical_photo_page_capture,"(c) Yi CHEN, some rights reserved (CC BY)","Bird detection annotation; resized, cropped, and augmented for model training",platform_terms_reply_pending,2026-09-24T19:44:58.404988+00:00
inaturalist:500442777,500442777,278703430,https://www.inaturalist.org/observations/278703430,a2f45fde240521ec85bcdb82aca2d630a5cafe9a041b064df69c9a89a4c6ab3b,cc0,https://creativecommons.org/publicdomain/zero/1.0/,current_site_code_mapping_not_historical_photo_page_capture,no rights reserved,"Bird detection annotation; resized, cropped, and augmented for model training",platform_terms_reply_pending,2026-09-24T19:44:58.404988+00:00
inaturalist:500445690,500445690,278704824,https://www.inaturalist.org/observations/278704824,cdf4a5d9c6a66750c72ca9b131235340d6ef4ff8e40c51937dd6f2d02b219d89,cc0,https://creativecommons.org/publicdomain/zero/1.0/,current_site_code_mapping_not_historical_photo_page_capture,no rights reserved,"Bird detection annotation; resized, cropped, and augmented for model training",platform_terms_reply_pending,2026-09-24T19:44:58.404988+00:00
inaturalist:502692915,502692915,279913952,https://www.inaturalist.org/observations/279913952,047937ef67b19ff5675046cf8c3e9d4820a750105b5e242a1aa5b0cf2a0a39e7,cc-by,https://creativecommons.org/licenses/by/4.0/,current_site_code_mapping_not_historical_photo_page_capture,"(c) libby hepburn, some rights reserved (CC BY)","Bird detection annotation; resized, cropped, and augmented for model training",platform_terms_reply_pending,2026-09-24T19:44:58.404988+00:00
inaturalist:503260708,503260708,280216709,https://www.inaturalist.org/observations/280216709,e8aaf4328cf2648c40ad33c4900578d93a44ed9673f1e64fd568db0129a2e297,cc-by,https://creativecommons.org/licenses/by/4.0/,current_site_code_mapping_not_historical_photo_page_capture,"(c) libby hepburn, some rights reserved (CC BY)","Bird detection annotation; resized, cropped, and augmented for model training",platform_terms_reply_pending,2026-09-24T19:44:58.404988+00:00
inaturalist:504273564,504273564,280751664,https://www.inaturalist.org/observations/280751664,5be87a51b37e5d3b5fd2630dcf3d87cf783c3aaffea5d03bbab7ffb5f3872762,cc-by,https://creativecommons.org/licenses/by/4.0/,current_site_code_mapping_not_historical_photo_page_capture,"(c) libby hepburn, some rights reserved (CC BY)","Bird detection annotation; resized, cropped, and augmented for model training",platform_terms_reply_pending,2026-09-24T19:44:58.404988+00:00
inaturalist:505062766,505062766,281170798,https://www.inaturalist.org/observations/281170798,f5c833332b419623527238cfdb0662b1cacc6fd9d71ec5a8971c48093b4f4bca,cc-by,https://creativecommons.org/licenses/by/4.0/,current_site_code_mapping_not_historical_photo_page_capture,"(c) Wang.QG, some rights reserved (CC BY)","Bird detection annotation; resized, cropped, and augmented for model training",platform_terms_reply_pending,2026-09-24T19:44:58.404988+00:00
inaturalist:506646119,506646119,282014743,https://www.inaturalist.org/observations/282014743,838b129c62f726e72bde30177c3933d11dcf9d7e8d17e748b844d0aa558d84c0,cc-by,https://creativecommons.org/licenses/by/4.0/,current_site_code_mapping_not_historical_photo_page_capture,"(c) libby hepburn, some rights reserved (CC BY)","Bird detection annotation; resized, cropped, and augmented for model training",platform_terms_reply_pending,2026-09-24T19:44:58.404988+00:00
inaturalist:50692164,50692164,32327422,https://www.inaturalist.org/observations/32327422,f22f43788a8c8700e061ca4820cacb1733fda449c3a23a2d710db6591fbc7a5d,cc-by,https://creativecommons.org/licenses/by/4.0/,current_site_code_mapping_not_historical_photo_page_capture,"(c) datadan, some rights reserved (CC BY)","Bird detection annotation; resized, cropped, and augmented for model training",platform_terms_reply_pending,2026-09-24T19:44:58.404988+00:00
inaturalist:508662726,508662726,283095687,https://www.inaturalist.org/observations/283095687,f2cbae3d173ea1c1f84f8caac048f369d543b3b3eceb9475bb6a9b114b548cf0,cc-by,https://creativecommons.org/licenses/by/4.0/,current_site_code_mapping_not_historical_photo_page_capture,"(c) timboucher, some rights reserved (CC BY)","Bird detection annotation; resized, cropped, and augmented for model training",platform_terms_reply_pending,2026-09-24T19:44:58.404988+00:00
inaturalist:508731705,508731705,283134867,https://www.inaturalist.org/observations/283134867,fbd3e8060ba5be608246f2f0cd34e6f4157f9e188246be43a5c7df4c8de43080,cc-by,https://creativecommons.org/licenses/by/4.0/,current_site_code_mapping_not_historical_photo_page_capture,"(c) Wang.QG, some rights reserved (CC BY)","Bird detection annotation; resized, cropped, and augmented for model training",platform_terms_reply_pending,2026-09-24T19:44:58.404988+00:00
inaturalist:510676834,510676834,284168808,https://www.inaturalist.org/observations/284168808,c3b99cc78e30e0a015f614b5648a7f03389cf0d1d3d1fde733339f1ad28fcab8,cc-by,https://creativecommons.org/licenses/by/4.0/,current_site_code_mapping_not_historical_photo_page_capture,"(c) ITÔ, Hiroki, some rights reserved (CC BY)","Bird detection annotation; resized, cropped, and augmented for model training",platform_terms_reply_pending,2026-09-24T19:44:58.404988+00:00
inaturalist:511303990,511303990,284497430,https://www.inaturalist.org/observations/284497430,b69626d42d7ac64c6abf14755c8487332e54bef61ca9e557e5852fda3d41be74,cc-by,https://creativecommons.org/licenses/by/4.0/,current_site_code_mapping_not_historical_photo_page_capture,"(c) Katharine Khamhaengwong, some rights reserved (CC BY)","Bird detection annotation; resized, cropped, and augmented for model training",platform_terms_reply_pending,2026-09-24T19:44:58.404988+00:00
inaturalist:511353558,511353558,284554946,https://www.inaturalist.org/observations/284554946,9ee3dc4ecfa69b5a975b0ed959d934dcfb16294b34fd578bc89c06e726ea3588,cc-by,https://creativecommons.org/licenses/by/4.0/,current_site_code_mapping_not_historical_photo_page_capture,"(c) DDutrey, some rights reserved (CC BY)","Bird detection annotation; resized, cropped, and augmented for model training",platform_terms_reply_pending,2026-09-24T19:44:58.404988+00:00
inaturalist:512856866,512856866,285328565,https://www.inaturalist.org/observations/285328565,232f767585b91dbcf42512b8eceb2984cc0517513c458d8b7387ac8f86b4ad80,cc-by,https://creativecommons.org/licenses/by/4.0/,current_site_code_mapping_not_historical_photo_page_capture,"(c) 王天, some rights reserved (CC BY)","Bird detection annotation; resized, cropped, and augmented for model training",platform_terms_reply_pending,2026-09-24T19:44:58.404988+00:00
inaturalist:513334288,513334288,285585644,https://www.inaturalist.org/observations/285585644,0f17ac4afcbc733afc30e684759e244e27a820bbf18929101e3d7c87c3db1c3c,cc-by,https://creativecommons.org/licenses/by/4.0/,current_site_code_mapping_not_historical_photo_page_capture,"(c) Wang.QG, some rights reserved (CC BY)","Bird detection annotation; resized, cropped, and augmented for model training",platform_terms_reply_pending,2026-09-24T19:44:58.404988+00:00
inaturalist:513952782,513952782,285915782,https://www.inaturalist.org/observations/285915782,7bb9944492d3070b7ea1ef81032936c8d72ca7f48e4a9eba853ffb8d86ef5492,cc-by,https://creativecommons.org/licenses/by/4.0/,current_site_code_mapping_not_historical_photo_page_capture,"(c) Wang.QG, some rights reserved (CC BY)","Bird detection annotation; resized, cropped, and augmented for model training",platform_terms_reply_pending,2026-09-24T19:44:58.404988+00:00
inaturalist:513984201,513984201,285933792,https://www.inaturalist.org/observations/285933792,4fec2cd8300636cf4187f85c9e8526085a4d799ce02dfe47d5c05ff8fdfde50b,cc-by,https://creativecommons.org/licenses/by/4.0/,current_site_code_mapping_not_historical_photo_page_capture,"(c) Wang.QG, some rights reserved (CC BY)","Bird detection annotation; resized, cropped, and augmented for model training",platform_terms_reply_pending,2026-09-24T19:44:58.404988+00:00
inaturalist:514119337,514119337,286007236,https://www.inaturalist.org/observations/286007236,8ca917ed717b1a7f0ece33ae044514be277d40e96f42bda69b5abdd66cb376bf,cc-by,https://creativecommons.org/licenses/by/4.0/,current_site_code_mapping_not_historical_photo_page_capture,"(c) Wang.QG, some rights reserved (CC BY)","Bird detection annotation; resized, cropped, and augmented for model training",platform_terms_reply_pending,2026-09-24T19:44:58.404988+00:00
inaturalist:514439957,514439957,286172480,https://www.inaturalist.org/observations/286172480,cf40a49b0317139ecb3ed980c2838b790db71350ebb87cfd1d4b71e76ba3b9a5,cc-by,https://creativecommons.org/licenses/by/4.0/,current_site_code_mapping_not_historical_photo_page_capture,"(c) Wang.QG, some rights reserved (CC BY)","Bird detection annotation; resized, cropped, and augmented for model training",platform_terms_reply_pending,2026-09-24T19:44:58.404988+00:00
inaturalist:514549245,514549245,286228167,https://www.inaturalist.org/observations/286228167,63e363d29006d21691f84c918129048e9f178c7d6573a97491352ffff9d730cf,cc-by,https://creativecommons.org/licenses/by/4.0/,current_site_code_mapping_not_historical_photo_page_capture,"(c) Wang.QG, some rights reserved (CC BY)","Bird detection annotation; resized, cropped, and augmented for model training",platform_terms_reply_pending,2026-09-24T19:44:58.404988+00:00
inaturalist:515547575,515547575,286753102,https://www.inaturalist.org/observations/286753102,d5c3c590b92f053b19699840c06bed0a78f1f7aa4e75db93731ca41a282b7e26,cc0,https://creativecommons.org/publicdomain/zero/1.0/,current_site_code_mapping_not_historical_photo_page_capture,no rights reserved,"Bird detection annotation; resized, cropped, and augmented for model training",platform_terms_reply_pending,2026-09-24T19:44:58.404988+00:00
inaturalist:515575428,515575428,286767707,https://www.inaturalist.org/observations/286767707,d3402a07187b834aba4ca4774c6aa9b990f5d50029afc433b97c6ee590de3e4d,cc-by,https://creativecommons.org/licenses/by/4.0/,current_site_code_mapping_not_historical_photo_page_capture,"(c) Wang.QG, some rights reserved (CC BY)","Bird detection annotation; resized, cropped, and augmented for model training",platform_terms_reply_pending,2026-09-24T19:44:58.404988+00:00
inaturalist:515577849,515577849,286768948,https://www.inaturalist.org/observations/286768948,cc7ed321248156f6a7541bdf2b7e7601ed53281733de839cdc286c7b196ccbf3,cc-by,https://creativecommons.org/licenses/by/4.0/,current_site_code_mapping_not_historical_photo_page_capture,"(c) Wang.QG, some rights reserved (CC BY)","Bird detection annotation; resized, cropped, and augmented for model training",platform_terms_reply_pending,2026-09-24T19:44:58.404988+00:00
inaturalist:515584084,515584084,286771995,https://www.inaturalist.org/observations/286771995,c38505cf706f6f40d51373ff92199ae093cf664898626d3b2e42d0eeb7435a61,cc-by,https://creativecommons.org/licenses/by/4.0/,current_site_code_mapping_not_historical_photo_page_capture,"(c) Wang.QG, some rights reserved (CC BY)","Bird detection annotation; resized, cropped, and augmented for model training",platform_terms_reply_pending,2026-09-24T19:44:58.404988+00:00
inaturalist:518670424,518670424,288412926,https://www.inaturalist.org/observations/288412926,79d7b2f473c48f94e0cd17d9db59669305803854416706cb523e710416c02743,cc0,https://creativecommons.org/publicdomain/zero/1.0/,current_site_code_mapping_not_historical_photo_page_capture,no rights reserved,"Bird detection annotation; resized, cropped, and augmented for model training",platform_terms_reply_pending,2026-09-24T19:44:58.404988+00:00
inaturalist:518682525,518682525,288418157,https://www.inaturalist.org/observations/288418157,c8b0449f23d897899038c09e04ec6ee909fb3042d4ed86433d2323f3327e9289,cc-by,https://creativecommons.org/licenses/by/4.0/,current_site_code_mapping_not_historical_photo_page_capture,"(c) Raja bandi, some rights reserved (CC BY)","Bird detection annotation; resized, cropped, and augmented for model training",platform_terms_reply_pending,2026-09-24T19:44:58.404988+00:00
inaturalist:518770716,518770716,288469794,https://www.inaturalist.org/observations/288469794,e3e66c9ab6556f94d93953a8c92dabb631744858865f36febc3ecd3d724d130f,cc-by,https://creativecommons.org/licenses/by/4.0/,current_site_code_mapping_not_historical_photo_page_capture,"(c) camellia_l, some rights reserved (CC BY)","Bird detection annotation; resized, cropped, and augmented for model training",platform_terms_reply_pending,2026-09-24T19:44:58.404988+00:00
inaturalist:518771066,518771066,288469808,https://www.inaturalist.org/observations/288469808,e91e74d93b1e6638c491c73e25661eda15dfa57fc21e29310c03bcca067ac6ce,cc-by,https://creativecommons.org/licenses/by/4.0/,current_site_code_mapping_not_historical_photo_page_capture,"(c) camellia_l, some rights reserved (CC BY)","Bird detection annotation; resized, cropped, and augmented for model training",platform_terms_reply_pending,2026-09-24T19:44:58.404988+00:00
inaturalist:519130592,519130592,288656574,https://www.inaturalist.org/observations/288656574,0835644ca688cabef13bccc8f15b03e53120cd09fedcb71fd33bb0d598667cfd,cc0,https://creativecommons.org/publicdomain/zero/1.0/,current_site_code_mapping_not_historical_photo_page_capture,no rights reserved,"Bird detection annotation; resized, cropped, and augmented for model training",platform_terms_reply_pending,2026-09-24T19:44:58.404988+00:00
inaturalist:519130879,519130879,288656579,https://www.inaturalist.org/observations/288656579,0ae24be1f85ef93d1f77cff345caf95cc17c5173f726127a78ca696ab27c1549,cc0,https://creativecommons.org/publicdomain/zero/1.0/,current_site_code_mapping_not_historical_photo_page_capture,no rights reserved,"Bird detection annotation; resized, cropped, and augmented for model training",platform_terms_reply_pending,2026-09-24T19:44:58.404988+00:00
inaturalist:519131081,519131081,288656587,https://www.inaturalist.org/observations/288656587,01d7550d0cf56bcfe9923da2d5bb932176d0826690d2f58a69101c188a395159,cc0,https://creativecommons.org/publicdomain/zero/1.0/,current_site_code_mapping_not_historical_photo_page_capture,no rights reserved,"Bird detection annotation; resized, cropped, and augmented for model training",platform_terms_reply_pending,2026-09-24T19:44:58.404988+00:00
inaturalist:519308706,519308706,288754147,https://www.inaturalist.org/observations/288754147,40e265353b48739e87ca96d297c6ff57b173c101e3c906ec70f0179a7009f5a0,cc-by,https://creativecommons.org/licenses/by/4.0/,current_site_code_mapping_not_historical_photo_page_capture,"(c) Wang.QG, some rights reserved (CC BY)","Bird detection annotation; resized, cropped, and augmented for model training",platform_terms_reply_pending,2026-09-24T19:44:58.404988+00:00
inaturalist:519709588,519709588,288966812,https://www.inaturalist.org/observations/288966812,dcd17b4083f7a6568d2f710decaac3484778273fa7f511e68082a055282704de,cc-by,https://creativecommons.org/licenses/by/4.0/,current_site_code_mapping_not_historical_photo_page_capture,"(c) Wang.QG, some rights reserved (CC BY)","Bird detection annotation; resized, cropped, and augmented for model training",platform_terms_reply_pending,2026-09-24T19:44:58.404988+00:00
inaturalist:519759150,519759150,288997768,https://www.inaturalist.org/observations/288997768,dfe4fb51143fe3e90c1f42f18aeaf7186527fce6c81fbbf13e1cda502a7b7d29,cc0,https://creativecommons.org/publicdomain/zero/1.0/,current_site_code_mapping_not_historical_photo_page_capture,no rights reserved,"Bird detection annotation; resized, cropped, and augmented for model training",platform_terms_reply_pending,2026-09-24T19:44:58.404988+00:00
inaturalist:519759479,519759479,288997965,https://www.inaturalist.org/observations/288997965,80cc9637161337d044756061c5be1b0b167f15e2537b11db814baec4e544970b,cc0,https://creativecommons.org/publicdomain/zero/1.0/,current_site_code_mapping_not_historical_photo_page_capture,no rights reserved,"Bird detection annotation; resized, cropped, and augmented for model training",platform_terms_reply_pending,2026-09-24T19:44:58.404988+00:00
inaturalist:521252036,521252036,289790525,https://www.inaturalist.org/observations/289790525,a5287bd5392d3199dbfdce689130f0f90680a1b6ff2c26bf4ba7ee4e89877e46,cc0,https://creativecommons.org/publicdomain/zero/1.0/,current_site_code_mapping_not_historical_photo_page_capture,no rights reserved,"Bird detection annotation; resized, cropped, and augmented for model training",platform_terms_reply_pending,2026-09-24T19:44:58.404988+00:00
inaturalist:521761907,521761907,290060077,https://www.inaturalist.org/observations/290060077,907f3f51cb64b6cbe680e4ba36d907d8161a18058dcd04a05a2aa3e9a2461c90,cc0,https://creativecommons.org/publicdomain/zero/1.0/,current_site_code_mapping_not_historical_photo_page_capture,no rights reserved,"Bird detection annotation; resized, cropped, and augmented for model training",platform_terms_reply_pending,2026-09-24T19:44:58.404988+00:00
inaturalist:521762238,521762238,290060111,https://www.inaturalist.org/observations/290060111,f0929a65a28ce43bab707affdf366860a92f8275a28091c15a6770d8800c2d96,cc0,https://creativecommons.org/publicdomain/zero/1.0/,current_site_code_mapping_not_historical_photo_page_capture,no rights reserved,"Bird detection annotation; resized, cropped, and augmented for model training",platform_terms_reply_pending,2026-09-24T19:44:58.404988+00:00
inaturalist:521869771,521869771,290116466,https://www.inaturalist.org/observations/290116466,cbd2d5ca31ae2a9f02be9822efdb230d34aa1044e6377c4a559150f9bd966cd6,cc0,https://creativecommons.org/publicdomain/zero/1.0/,current_site_code_mapping_not_historical_photo_page_capture,no rights reserved,"Bird detection annotation; resized, cropped, and augmented for model training",platform_terms_reply_pending,2026-09-24T19:44:58.404988+00:00
inaturalist:521870205,521870205,290116548,https://www.inaturalist.org/observations/290116548,c23fab4147e8e905cd2ffb561c868a6a0ea67a53b7c9b9a627a574db5ba51fad,cc0,https://creativecommons.org/publicdomain/zero/1.0/,current_site_code_mapping_not_historical_photo_page_capture,no rights reserved,"Bird detection annotation; resized, cropped, and augmented for model training",platform_terms_reply_pending,2026-09-24T19:44:58.404988+00:00
inaturalist:522378183,522378183,290383684,https://www.inaturalist.org/observations/290383684,ad0d4a86a620fb1e020d0e6fbb098de6bd956f43d03209b2c584883a330d06f8,cc0,https://creativecommons.org/publicdomain/zero/1.0/,current_site_code_mapping_not_historical_photo_page_capture,no rights reserved,"Bird detection annotation; resized, cropped, and augmented for model training",platform_terms_reply_pending,2026-09-24T19:44:58.404988+00:00
inaturalist:522378220,522378220,290383681,https://www.inaturalist.org/observations/290383681,bd4a82a124f83f749198116f9557ea7607cad17af4df3b25ba1d144f8c4c6281,cc0,https://creativecommons.org/publicdomain/zero/1.0/,current_site_code_mapping_not_historical_photo_page_capture,no rights reserved,"Bird detection annotation; resized, cropped, and augmented for model training",platform_terms_reply_pending,2026-09-24T19:44:58.404988+00:00
inaturalist:522569502,522569502,290489261,https://www.inaturalist.org/observations/290489261,c5e7305ced1519d5d9207f81b9a0f700b036b150eb72789c8cde69f639ab719c,cc-by,https://creativecommons.org/licenses/by/4.0/,current_site_code_mapping_not_historical_photo_page_capture,"(c) Pavel Smirnov, some rights reserved (CC BY)","Bird detection annotation; resized, cropped, and augmented for model training",platform_terms_reply_pending,2026-09-24T19:44:58.404988+00:00
inaturalist:523446861,523446861,290952467,https://www.inaturalist.org/observations/290952467,fe7071e93b1d90501dedc1217a5e8421ced612d939c0169d6b921badc7fe4b00,cc0,https://creativecommons.org/publicdomain/zero/1.0/,current_site_code_mapping_not_historical_photo_page_capture,no rights reserved,"Bird detection annotation; resized, cropped, and augmented for model training",platform_terms_reply_pending,2026-09-24T19:44:58.404988+00:00
inaturalist:523856466,523856466,291168103,https://www.inaturalist.org/observations/291168103,dd716656e3cfc001d3d36a7bd5c5bc66ea68550ed598a1ddd555e685426aef74,cc0,https://creativecommons.org/publicdomain/zero/1.0/,current_site_code_mapping_not_historical_photo_page_capture,no rights reserved,"Bird detection annotation; resized, cropped, and augmented for model training",platform_terms_reply_pending,2026-09-24T19:44:58.404988+00:00
inaturalist:525984079,525984079,292291054,https://www.inaturalist.org/observations/292291054,811d59d044823b073ced3dddf38a79bea1cafd526c1658a12e67e0f92e5321f4,cc-by,https://creativecommons.org/licenses/by/4.0/,current_site_code_mapping_not_historical_photo_page_capture,"(c) Tandin Wangdi, some rights reserved (CC BY)","Bird detection annotation; resized, cropped, and augmented for model training",platform_terms_reply_pending,2026-09-24T19:44:58.404988+00:00
inaturalist:528449296,528449296,293624892,https://www.inaturalist.org/observations/293624892,b55460a62ef3916b935cfc23cf9fe9dee92dda1546ec396a1068e20d6c9cf05c,cc0,https://creativecommons.org/publicdomain/zero/1.0/,current_site_code_mapping_not_historical_photo_page_capture,no rights reserved,"Bird detection annotation; resized, cropped, and augmented for model training",platform_terms_reply_pending,2026-09-24T19:44:58.404988+00:00
inaturalist:528490725,528490725,293650476,https://www.inaturalist.org/observations/293650476,6f619288e0645d76ffb0c4c527fe408fc6c2a5feae284014604cdea6019d36f5,cc-by,https://creativecommons.org/licenses/by/4.0/,current_site_code_mapping_not_historical_photo_page_capture,"(c) Rajan Rao, some rights reserved (CC BY)","Bird detection annotation; resized, cropped, and augmented for model training",platform_terms_reply_pending,2026-09-24T19:44:58.404988+00:00
inaturalist:528611664,528611664,293712125,https://www.inaturalist.org/observations/293712125,b4c1ef2d8256caeb40e8e8a153c2b0d6021b0313a2fc2e641909a7e55a2c7406,cc-by,https://creativecommons.org/licenses/by/4.0/,current_site_code_mapping_not_historical_photo_page_capture,"(c) InAweofGod'sCreation, some rights reserved (CC BY)","Bird detection annotation; resized, cropped, and augmented for model training",platform_terms_reply_pending,2026-09-24T19:44:58.404988+00:00
inaturalist:529161903,529161903,294005460,https://www.inaturalist.org/observations/294005460,013a3678ca8441b7f3d0a2bf1ba0a58a7b91df55d6ec0f776ad9c54f7e229faf,cc0,https://creativecommons.org/publicdomain/zero/1.0/,current_site_code_mapping_not_historical_photo_page_capture,no rights reserved,"Bird detection annotation; resized, cropped, and augmented for model training",platform_terms_reply_pending,2026-09-24T19:44:58.404988+00:00
inaturalist:529728233,529728233,294308845,https://www.inaturalist.org/observations/294308845,79a1fc1db2c2488cbd8ebb3686bc6afb2a0fb6e66d481f3f2573d02000db7551,cc0,https://creativecommons.org/publicdomain/zero/1.0/,current_site_code_mapping_not_historical_photo_page_capture,no rights reserved,"Bird detection annotation; resized, cropped, and augmented for model training",platform_terms_reply_pending,2026-09-24T19:44:58.404988+00:00
inaturalist:529728863,529728863,294308849,https://www.inaturalist.org/observations/294308849,ba51aaa2f40f3d5bd63fb7b85c651947e4bf2dbebaf83c9535c0da91e09416a0,cc0,https://creativecommons.org/publicdomain/zero/1.0/,current_site_code_mapping_not_historical_photo_page_capture,no rights reserved,"Bird detection annotation; resized, cropped, and augmented for model training",platform_terms_reply_pending,2026-09-24T19:44:58.404988+00:00
inaturalist:53052681,53052681,33759998,https://www.inaturalist.org/observations/33759998,68c071914bd2fae8940f46b32fd6e153f29502f876037151fbbc0a0af2b6350d,cc-by,https://creativecommons.org/licenses/by/4.0/,current_site_code_mapping_not_historical_photo_page_capture,"(c) rohanmenzies, some rights reserved (CC BY)","Bird detection annotation; resized, cropped, and augmented for model training",platform_terms_reply_pending,2026-09-24T19:44:58.404988+00:00
inaturalist:535288970,535288970,297234808,https://www.inaturalist.org/observations/297234808,196613116b621dd3730549c15f2b26119d1dd75802fca214a272b1d9f99e7c0c,cc-by,https://creativecommons.org/licenses/by/4.0/,current_site_code_mapping_not_historical_photo_page_capture,"(c) Wang (Tom) ZiYi, some rights reserved (CC BY)","Bird detection annotation; resized, cropped, and augmented for model training",platform_terms_reply_pending,2026-09-24T19:44:58.404988+00:00
inaturalist:536033452,536033452,297654402,https://www.inaturalist.org/observations/297654402,975454a8d2dde106a8c7a2a7d48c877fa3ad8d9916e57915c5f53dbb820b1586,cc-by,https://creativecommons.org/licenses/by/4.0/,current_site_code_mapping_not_historical_photo_page_capture,"(c) Юлия Захаренко, some rights reserved (CC BY)","Bird detection annotation; resized, cropped, and augmented for model training",platform_terms_reply_pending,2026-09-24T19:44:58.404988+00:00
inaturalist:536972588,536972588,298125004,https://www.inaturalist.org/observations/298125004,ddbc7d8446eb3375b086548bdf0711c926305daf8cae1ec2af4b904b26bfe840,cc-by,https://creativecommons.org/licenses/by/4.0/,current_site_code_mapping_not_historical_photo_page_capture,"(c) Vladislav Isaev, some rights reserved (CC BY)","Bird detection annotation; resized, cropped, and augmented for model training",platform_terms_reply_pending,2026-09-24T19:44:58.404988+00:00
inaturalist:536997462,536997462,298140344,https://www.inaturalist.org/observations/298140344,7f0c95637ea9bb63bd056b51713f3ee903bc44f00f5849844e6b49bc8d1e59c6,cc-by,https://creativecommons.org/licenses/by/4.0/,current_site_code_mapping_not_historical_photo_page_capture,"(c) Vladislav Isaev, some rights reserved (CC BY)","Bird detection annotation; resized, cropped, and augmented for model training",platform_terms_reply_pending,2026-09-24T19:44:58.404988+00:00
inaturalist:537453269,537453269,298377810,https://www.inaturalist.org/observations/298377810,de2f447121e3dd43e7e49054cfc472e1c9a2f44789452cd0c86ca287c6de8154,cc-by,https://creativecommons.org/licenses/by/4.0/,current_site_code_mapping_not_historical_photo_page_capture,"(c) Rejoice Gassah, some rights reserved (CC BY)","Bird detection annotation; resized, cropped, and augmented for model training",platform_terms_reply_pending,2026-09-24T19:44:58.404988+00:00
inaturalist:538017432,538017432,298679249,https://www.inaturalist.org/observations/298679249,b5753e40f356726d4ebe49fd9420d8e18f49be3791ec5944e54b28fcb62aac43,cc0,https://creativecommons.org/publicdomain/zero/1.0/,current_site_code_mapping_not_historical_photo_page_capture,no rights reserved,"Bird detection annotation; resized, cropped, and augmented for model training",platform_terms_reply_pending,2026-09-24T19:44:58.404988+00:00
inaturalist:538017446,538017446,298679250,https://www.inaturalist.org/observations/298679250,e7ea225523f10c702cf95bdfb81b7df969686d2bba8adc0fff7b4d63ffa1bd22,cc0,https://creativecommons.org/publicdomain/zero/1.0/,current_site_code_mapping_not_historical_photo_page_capture,no rights reserved,"Bird detection annotation; resized, cropped, and augmented for model training",platform_terms_reply_pending,2026-09-24T19:44:58.404988+00:00
inaturalist:538018038,538018038,298679293,https://www.inaturalist.org/observations/298679293,4398c6b5ccc90fb3b7905ce4d130ca64619e948c850bfe49d4319bc7eed298e7,cc0,https://creativecommons.org/publicdomain/zero/1.0/,current_site_code_mapping_not_historical_photo_page_capture,no rights reserved,"Bird detection annotation; resized, cropped, and augmented for model training",platform_terms_reply_pending,2026-09-24T19:44:58.404988+00:00
inaturalist:538018255,538018255,298679318,https://www.inaturalist.org/observations/298679318,11be0b7215dc844432fa02b995a9c2733a740cebc7738ea9ba12906d2d0037b4,cc0,https://creativecommons.org/publicdomain/zero/1.0/,current_site_code_mapping_not_historical_photo_page_capture,no rights reserved,"Bird detection annotation; resized, cropped, and augmented for model training",platform_terms_reply_pending,2026-09-24T19:44:58.404988+00:00
inaturalist:538018406,538018406,298679336,https://www.inaturalist.org/observations/298679336,cc64937c9ce6b4653f10c171eea839a75d8ea57ba86e8f543fa8ed16c0b01d9e,cc0,https://creativecommons.org/publicdomain/zero/1.0/,current_site_code_mapping_not_historical_photo_page_capture,no rights reserved,"Bird detection annotation; resized, cropped, and augmented for model training",platform_terms_reply_pending,2026-09-24T19:44:58.404988+00:00
inaturalist:538018541,538018541,298679346,https://www.inaturalist.org/observations/298679346,501aa9585c8c76460e0861bef1cafcc897e37b02eb8d739b2d2b4daaed123eb9,cc0,https://creativecommons.org/publicdomain/zero/1.0/,current_site_code_mapping_not_historical_photo_page_capture,no rights reserved,"Bird detection annotation; resized, cropped, and augmented for model training",platform_terms_reply_pending,2026-09-24T19:44:58.404988+00:00
inaturalist:538018557,538018557,298679350,https://www.inaturalist.org/observations/298679350,72fb9d381aa3d41f63d109035da733f40bb07b21f52069774c29637194100177,cc0,https://creativecommons.org/publicdomain/zero/1.0/,current_site_code_mapping_not_historical_photo_page_capture,no rights reserved,"Bird detection annotation; resized, cropped, and augmented for model training",platform_terms_reply_pending,2026-09-24T19:44:58.404988+00:00
inaturalist:539135478,539135478,299262681,https://www.inaturalist.org/observations/299262681,a00f22c31bd566c656d8d4434f14f8cadbe45f026c741904775c6cba5ec8d9c2,cc-by,https://creativecommons.org/licenses/by/4.0/,current_site_code_mapping_not_historical_photo_page_capture,"(c) GobyHunter, some rights reserved (CC BY)","Bird detection annotation; resized, cropped, and augmented for model training",platform_terms_reply_pending,2026-09-24T19:44:58.404988+00:00
inaturalist:543814995,543814995,301772041,https://www.inaturalist.org/observations/301772041,356f6fec94afe3d54233b1773ead0ec8bc9ea0bd459900eba3d053dfc12b38bc,cc0,https://creativecommons.org/publicdomain/zero/1.0/,current_site_code_mapping_not_historical_photo_page_capture,no rights reserved,"Bird detection annotation; resized, cropped, and augmented for model training",platform_terms_reply_pending,2026-09-24T19:44:58.404988+00:00
inaturalist:544346754,544346754,302056165,https://www.inaturalist.org/observations/302056165,08b93f24b8fdd7f8c4daddd7190fc4dcbe9510a18cda79f5ba900614b8cde7ee,cc-by,https://creativecommons.org/licenses/by/4.0/,current_site_code_mapping_not_historical_photo_page_capture,"(c) Rejoice Gassah, some rights reserved (CC BY)","Bird detection annotation; resized, cropped, and augmented for model training",platform_terms_reply_pending,2026-09-24T19:44:58.404988+00:00
inaturalist:545368860,545368860,302606024,https://www.inaturalist.org/observations/302606024,7a3c7221ffb025e5579199aaff107b8f8b3e3b8e4fbccd7598a682c660645cba,cc-by,https://creativecommons.org/licenses/by/4.0/,current_site_code_mapping_not_historical_photo_page_capture,"(c) jzfu, some rights reserved (CC BY)","Bird detection annotation; resized, cropped, and augmented for model training",platform_terms_reply_pending,2026-09-24T19:44:58.404988+00:00
inaturalist:546305860,546305860,303116536,https://www.inaturalist.org/observations/303116536,539e27f06984967bb9d598568d60c1d6502123ff416541d9584917b1d6d4704e,cc-by,https://creativecommons.org/licenses/by/4.0/,current_site_code_mapping_not_historical_photo_page_capture,"(c) Ian Dugdale, some rights reserved (CC BY)","Bird detection annotation; resized, cropped, and augmented for model training",platform_terms_reply_pending,2026-09-24T19:44:58.404988+00:00
inaturalist:546306417,546306417,303116612,https://www.inaturalist.org/observations/303116612,a507cb821a878293884490472e3c5827f3af768a2881c3f29ff412219d2b3658,cc-by,https://creativecommons.org/licenses/by/4.0/,current_site_code_mapping_not_historical_photo_page_capture,"(c) Ian Dugdale, some rights reserved (CC BY)","Bird detection annotation; resized, cropped, and augmented for model training",platform_terms_reply_pending,2026-09-24T19:44:58.404988+00:00
inaturalist:546696500,546696500,303326690,https://www.inaturalist.org/observations/303326690,a8191127b86bcd1ab907243f901db2654ac21163307a4efa2d478eebe77c2755,cc-by,https://creativecommons.org/licenses/by/4.0/,current_site_code_mapping_not_historical_photo_page_capture,"(c) Ian Dugdale, some rights reserved (CC BY)","Bird detection annotation; resized, cropped, and augmented for model training",platform_terms_reply_pending,2026-09-24T19:44:58.404988+00:00
inaturalist:546751729,546751729,303351094,https://www.inaturalist.org/observations/303351094,26ff347497de043a46f20b378c7831fc4cd0cea5b40e17d7b7e10929f77bc145,cc-by,https://creativecommons.org/licenses/by/4.0/,current_site_code_mapping_not_historical_photo_page_capture,"(c) Ian Dugdale, some rights reserved (CC BY)","Bird detection annotation; resized, cropped, and augmented for model training",platform_terms_reply_pending,2026-09-24T19:44:58.404988+00:00
inaturalist:546751898,546751898,303351121,https://www.inaturalist.org/observations/303351121,00a3a24ad9587d22b174316d81366c51107b424578ed1d6df1d254dfd9378c20,cc-by,https://creativecommons.org/licenses/by/4.0/,current_site_code_mapping_not_historical_photo_page_capture,"(c) Ian Dugdale, some rights reserved (CC BY)","Bird detection annotation; resized, cropped, and augmented for model training",platform_terms_reply_pending,2026-09-24T19:44:58.404988+00:00
inaturalist:546754609,546754609,303354642,https://www.inaturalist.org/observations/303354642,54fb274d001cd92c75c1863f2bb4a5131f847d1d5d4143be349b46b31f1d9776,cc-by,https://creativecommons.org/licenses/by/4.0/,current_site_code_mapping_not_historical_photo_page_capture,"(c) Jiao Sun (孙娇), some rights reserved (CC BY)","Bird detection annotation; resized, cropped, and augmented for model training",platform_terms_reply_pending,2026-09-24T19:44:58.404988+00:00
inaturalist:546754647,546754647,303354650,https://www.inaturalist.org/observations/303354650,32e303efe3ccafa2a9a0e221a533712dc686ec55cae2a87d4a59fae7b79e3b84,cc-by,https://creativecommons.org/licenses/by/4.0/,current_site_code_mapping_not_historical_photo_page_capture,"(c) Jiao Sun (孙娇), some rights reserved (CC BY)","Bird detection annotation; resized, cropped, and augmented for model training",platform_terms_reply_pending,2026-09-24T19:44:58.404988+00:00
inaturalist:546754656,546754656,303354649,https://www.inaturalist.org/observations/303354649,86fab6f26f80def6a1092ed44178bd71106ad44a19fb3aef1de686b27c1ba40c,cc-by,https://creativecommons.org/licenses/by/4.0/,current_site_code_mapping_not_historical_photo_page_capture,"(c) Jiao Sun (孙娇), some rights reserved (CC BY)","Bird detection annotation; resized, cropped, and augmented for model training",platform_terms_reply_pending,2026-09-24T19:44:58.404988+00:00
inaturalist:546754775,546754775,303354668,https://www.inaturalist.org/observations/303354668,ac073d430dbb4cb1fd25ec5a753f73afe29be93a089136d899f3e5abd64656ca,cc-by,https://creativecommons.org/licenses/by/4.0/,current_site_code_mapping_not_historical_photo_page_capture,"(c) Jiao Sun (孙娇), some rights reserved (CC BY)","Bird detection annotation; resized, cropped, and augmented for model training",platform_terms_reply_pending,2026-09-24T19:44:58.404988+00:00
inaturalist:546756129,546756129,303352333,https://www.inaturalist.org/observations/303352333,f566f0f8bad10c5bfcacab93a5d56c24cc5c3f581b3607a88b76fc6571faaebd,cc-by,https://creativecommons.org/licenses/by/4.0/,current_site_code_mapping_not_historical_photo_page_capture,"(c) Ian Dugdale, some rights reserved (CC BY)","Bird detection annotation; resized, cropped, and augmented for model training",platform_terms_reply_pending,2026-09-24T19:44:58.404988+00:00
inaturalist:546762455,546762455,303355733,https://www.inaturalist.org/observations/303355733,579498b338a133c15544875f5b9cef9412701c0ef97f180b3bea2bad15ff702f,cc-by,https://creativecommons.org/licenses/by/4.0/,current_site_code_mapping_not_historical_photo_page_capture,"(c) Ian Dugdale, some rights reserved (CC BY)","Bird detection annotation; resized, cropped, and augmented for model training",platform_terms_reply_pending,2026-09-24T19:44:58.404988+00:00
inaturalist:546764275,546764275,303356347,https://www.inaturalist.org/observations/303356347,7efadf759924735e5d814717a77ada83036c515fe577ac16aba1272079a5b473,cc-by,https://creativecommons.org/licenses/by/4.0/,current_site_code_mapping_not_historical_photo_page_capture,"(c) Ian Dugdale, some rights reserved (CC BY)","Bird detection annotation; resized, cropped, and augmented for model training",platform_terms_reply_pending,2026-09-24T19:44:58.404988+00:00
inaturalist:546777929,546777929,303364980,https://www.inaturalist.org/observations/303364980,4cc97afbdcc2a0812a77d9125cb5b62b6f31595d1e3125b5b8d76a885e1328e0,cc-by,https://creativecommons.org/licenses/by/4.0/,current_site_code_mapping_not_historical_photo_page_capture,"(c) Ian Dugdale, some rights reserved (CC BY)","Bird detection annotation; resized, cropped, and augmented for model training",platform_terms_reply_pending,2026-09-24T19:44:58.404988+00:00
inaturalist:546778419,546778419,303365087,https://www.inaturalist.org/observations/303365087,16d2154a511875acdc8f92c0393b0b74b04bbb446a3e8e00a01786c8fb6c3e64,cc-by,https://creativecommons.org/licenses/by/4.0/,current_site_code_mapping_not_historical_photo_page_capture,"(c) Ian Dugdale, some rights reserved (CC BY)","Bird detection annotation; resized, cropped, and augmented for model training",platform_terms_reply_pending,2026-09-24T19:44:58.404988+00:00
inaturalist:546778435,546778435,303365091,https://www.inaturalist.org/observations/303365091,bd45153dc2a0b59c746a11a09b29d0b8f39f08ccfa3982018d515fe0f37dea01,cc-by,https://creativecommons.org/licenses/by/4.0/,current_site_code_mapping_not_historical_photo_page_capture,"(c) Ian Dugdale, some rights reserved (CC BY)","Bird detection annotation; resized, cropped, and augmented for model training",platform_terms_reply_pending,2026-09-24T19:44:58.404988+00:00
inaturalist:546999017,546999017,303482265,https://www.inaturalist.org/observations/303482265,22ac6de217a3f6eeedaf8da07779faa21e641bda0ae042ce15447eac1888ba06,cc-by,https://creativecommons.org/licenses/by/4.0/,current_site_code_mapping_not_historical_photo_page_capture,"(c) Katharine Khamhaengwong, some rights reserved (CC BY)","Bird detection annotation; resized, cropped, and augmented for model training",platform_terms_reply_pending,2026-09-24T19:44:58.404988+00:00
inaturalist:547329069,547329069,303655602,https://www.inaturalist.org/observations/303655602,1196c91408d3134400e2cde404255814a5c0aaf8da0296bbd683f2132cea9bdd,cc-by,https://creativecommons.org/licenses/by/4.0/,current_site_code_mapping_not_historical_photo_page_capture,"(c) Ian Dugdale, some rights reserved (CC BY)","Bird detection annotation; resized, cropped, and augmented for model training",platform_terms_reply_pending,2026-09-24T19:44:58.404988+00:00
inaturalist:547332393,547332393,303656626,https://www.inaturalist.org/observations/303656626,6a51c8b31b8953913c6a34e1c8c31735bc84946ce4806943c13ffaa76721e552,cc-by,https://creativecommons.org/licenses/by/4.0/,current_site_code_mapping_not_historical_photo_page_capture,"(c) Ian Dugdale, some rights reserved (CC BY)","Bird detection annotation; resized, cropped, and augmented for model training",platform_terms_reply_pending,2026-09-24T19:44:58.404988+00:00
inaturalist:547338377,547338377,303660391,https://www.inaturalist.org/observations/303660391,f35a7ee2c82ac1c54c648b00586d7fba03c1fd30905a26804fd2f2292dea1bda,cc-by,https://creativecommons.org/licenses/by/4.0/,current_site_code_mapping_not_historical_photo_page_capture,"(c) Ian Dugdale, some rights reserved (CC BY)","Bird detection annotation; resized, cropped, and augmented for model training",platform_terms_reply_pending,2026-09-24T19:44:58.404988+00:00
inaturalist:547341288,547341288,303661309,https://www.inaturalist.org/observations/303661309,1cd60cf47d753ab2670b6302563f05a84150f3e06ca0d0844646c68744d11363,cc-by,https://creativecommons.org/licenses/by/4.0/,current_site_code_mapping_not_historical_photo_page_capture,"(c) Ian Dugdale, some rights reserved (CC BY)","Bird detection annotation; resized, cropped, and augmented for model training",platform_terms_reply_pending,2026-09-24T19:44:58.404988+00:00
inaturalist:547352975,547352975,303667371,https://www.inaturalist.org/observations/303667371,f391af091486c192ed2cee95983b6e43d7002c4992eabcc97422f252e1fd7fe9,cc-by,https://creativecommons.org/licenses/by/4.0/,current_site_code_mapping_not_historical_photo_page_capture,"(c) Ian Dugdale, some rights reserved (CC BY)","Bird detection annotation; resized, cropped, and augmented for model training",platform_terms_reply_pending,2026-09-24T19:44:58.404988+00:00
inaturalist:547359180,547359180,303670323,https://www.inaturalist.org/observations/303670323,c0a60c7d69a335b3be871697c61d1c16e69ad49d7ac6b8accc426e35cea010c0,cc-by,https://creativecommons.org/licenses/by/4.0/,current_site_code_mapping_not_historical_photo_page_capture,"(c) Ian Dugdale, some rights reserved (CC BY)","Bird detection annotation; resized, cropped, and augmented for model training",platform_terms_reply_pending,2026-09-24T19:44:58.404988+00:00
inaturalist:547409529,547409529,303696082,https://www.inaturalist.org/observations/303696082,4be33715b19fe541a90428bbc9e634c023af8217ad6130f5745d74d4f7ecc63e,cc-by,https://creativecommons.org/licenses/by/4.0/,current_site_code_mapping_not_historical_photo_page_capture,"(c) Ian Dugdale, some rights reserved (CC BY)","Bird detection annotation; resized, cropped, and augmented for model training",platform_terms_reply_pending,2026-09-24T19:44:58.404988+00:00
inaturalist:547421427,547421427,303702219,https://www.inaturalist.org/observations/303702219,bb580b41f67614ad1a1bea6de9a1682eac6ee21b4681bc053cf1efcf0cc67628,cc-by,https://creativecommons.org/licenses/by/4.0/,current_site_code_mapping_not_historical_photo_page_capture,"(c) Ian Dugdale, some rights reserved (CC BY)","Bird detection annotation; resized, cropped, and augmented for model training",platform_terms_reply_pending,2026-09-24T19:44:58.404988+00:00
inaturalist:547434470,547434470,303710760,https://www.inaturalist.org/observations/303710760,804cbce2827469ba3db331bf670f2ed9864a974cd65fc7090c4422578654ee0b,cc-by,https://creativecommons.org/licenses/by/4.0/,current_site_code_mapping_not_historical_photo_page_capture,"(c) Ian Dugdale, some rights reserved (CC BY)","Bird detection annotation; resized, cropped, and augmented for model training",platform_terms_reply_pending,2026-09-24T19:44:58.404988+00:00
inaturalist:547854002,547854002,303931189,https://www.inaturalist.org/observations/303931189,82b71a9d319f3959856b0391ca0fb06184b6de70da98d6a9cb37f6006fea359e,cc0,https://creativecommons.org/publicdomain/zero/1.0/,current_site_code_mapping_not_historical_photo_page_capture,no rights reserved,"Bird detection annotation; resized, cropped, and augmented for model training",platform_terms_reply_pending,2026-09-24T19:44:58.404988+00:00
inaturalist:547991208,547991208,304018738,https://www.inaturalist.org/observations/304018738,15fc4297ed71d46b8c25bd3e77a78f9b18d57530c1f56dd207ee7644caf49e4f,cc-by,https://creativecommons.org/licenses/by/4.0/,current_site_code_mapping_not_historical_photo_page_capture,"(c) Sara Navarro, some rights reserved (CC BY)","Bird detection annotation; resized, cropped, and augmented for model training",platform_terms_reply_pending,2026-09-24T19:44:58.404988+00:00
inaturalist:550770075,550770075,305465145,https://www.inaturalist.org/observations/305465145,46edba38f79fd5fc83b34acb912b852c3b044191c3b1bcdebc1f1c17563c7ab1,cc-by,https://creativecommons.org/licenses/by/4.0/,current_site_code_mapping_not_historical_photo_page_capture,"(c) kirinzi, some rights reserved (CC BY)","Bird detection annotation; resized, cropped, and augmented for model training",platform_terms_reply_pending,2026-09-24T19:44:58.404988+00:00
inaturalist:55084560,55084560,34957724,https://www.inaturalist.org/observations/34957724,a8bea1408041843e7fb64207a82074d2dd1564a04446df17ab5e7cc908395455,cc-by,https://creativecommons.org/licenses/by/4.0/,current_site_code_mapping_not_historical_photo_page_capture,"(c) Marco Mussita, some rights reserved (CC BY)","Bird detection annotation; resized, cropped, and augmented for model training",platform_terms_reply_pending,2026-09-24T19:44:58.404988+00:00
inaturalist:551887972,551887972,306056250,https://www.inaturalist.org/observations/306056250,2665db7e434863b3ac4c389789911fe0d96856ba6970f111168605e5a4bff82c,cc-by,https://creativecommons.org/licenses/by/4.0/,current_site_code_mapping_not_historical_photo_page_capture,"(c) GobyHunter, some rights reserved (CC BY)","Bird detection annotation; resized, cropped, and augmented for model training",platform_terms_reply_pending,2026-09-24T19:44:58.404988+00:00
inaturalist:55404749,55404749,35156190,https://www.inaturalist.org/observations/35156190,e949e2237e9b0234380f42fdf92e428dcb24eddfc248c6f12424227836ddf789,cc-by,https://creativecommons.org/licenses/by/4.0/,current_site_code_mapping_not_historical_photo_page_capture,"(c) Marco Mussita, some rights reserved (CC BY)","Bird detection annotation; resized, cropped, and augmented for model training",platform_terms_reply_pending,2026-09-24T19:44:58.404988+00:00
inaturalist:556393986,556393986,308399960,https://www.inaturalist.org/observations/308399960,483be5d841c783f267408a9164fbbd0bb65f2046a10f907b0228ff3e53449f41,cc-by,https://creativecommons.org/licenses/by/4.0/,current_site_code_mapping_not_historical_photo_page_capture,"(c) gerardbertrand, some rights reserved (CC BY)","Bird detection annotation; resized, cropped, and augmented for model training",platform_terms_reply_pending,2026-09-24T19:44:58.404988+00:00
inaturalist:557919690,557919690,309191982,https://www.inaturalist.org/observations/309191982,bc01a6f2e6de5d41a44be4b55e2828258d3bc985b59c44578ee6058ba4112d36,cc-by,https://creativecommons.org/licenses/by/4.0/,current_site_code_mapping_not_historical_photo_page_capture,"(c) Wang.QG, some rights reserved (CC BY)","Bird detection annotation; resized, cropped, and augmented for model training",platform_terms_reply_pending,2026-09-24T19:44:58.404988+00:00
inaturalist:558801490,558801490,309653936,https://www.inaturalist.org/observations/309653936,8b3beb2a90ff9f465530769a1c74990d3d03705406ed8182fd1b4f71265d6ce0,cc0,https://creativecommons.org/publicdomain/zero/1.0/,current_site_code_mapping_not_historical_photo_page_capture,no rights reserved,"Bird detection annotation; resized, cropped, and augmented for model training",platform_terms_reply_pending,2026-09-24T19:44:58.404988+00:00
inaturalist:559810160,559810160,310189932,https://www.inaturalist.org/observations/310189932,27a79a67df44e4420bc61d5179797c7c36a0328fbf6246d068bbcf62cab16170,cc-by,https://creativecommons.org/licenses/by/4.0/,current_site_code_mapping_not_historical_photo_page_capture,"(c) Wang.QG, some rights reserved (CC BY)","Bird detection annotation; resized, cropped, and augmented for model training",platform_terms_reply_pending,2026-09-24T19:44:58.404988+00:00
inaturalist:567346694,567346694,314139029,https://www.inaturalist.org/observations/314139029,0f4e156fccd51edcfd90d442cef45d3877d040dbb4069f386eb2dfb5a69f51a4,cc-by,https://creativecommons.org/licenses/by/4.0/,current_site_code_mapping_not_historical_photo_page_capture,"(c) 夏仲归, some rights reserved (CC BY)","Bird detection annotation; resized, cropped, and augmented for model training",platform_terms_reply_pending,2026-09-24T19:44:58.404988+00:00
inaturalist:568077876,568077876,314521216,https://www.inaturalist.org/observations/314521216,1ff52fe6dccd327ea3c59bd181d8ea6f0a3c5abb545a875918ca8191f4536fe9,cc-by,https://creativecommons.org/licenses/by/4.0/,current_site_code_mapping_not_historical_photo_page_capture,"(c) 夏仲归, some rights reserved (CC BY)","Bird detection annotation; resized, cropped, and augmented for model training",platform_terms_reply_pending,2026-09-24T19:44:58.404988+00:00
inaturalist:568273074,568273074,314625803,https://www.inaturalist.org/observations/314625803,e6109d6bf341b1c3b02ebdab190a7cb22911978f168843e5a4e19b1f74d072e0,cc-by,https://creativecommons.org/licenses/by/4.0/,current_site_code_mapping_not_historical_photo_page_capture,"(c) 夏仲归, some rights reserved (CC BY)","Bird detection annotation; resized, cropped, and augmented for model training",platform_terms_reply_pending,2026-09-24T19:44:58.404988+00:00
inaturalist:570876969,570876969,315984920,https://www.inaturalist.org/observations/315984920,28086d5b108c396c4ff94491b84bfc1c8ceedd8a2ccf025a32cc3b9f2b8b50dc,cc-by,https://creativecommons.org/licenses/by/4.0/,current_site_code_mapping_not_historical_photo_page_capture,"(c) rashidchan, some rights reserved (CC BY)","Bird detection annotation; resized, cropped, and augmented for model training",platform_terms_reply_pending,2026-09-24T19:44:58.404988+00:00
inaturalist:57111244,57111244,36152378,https://www.inaturalist.org/observations/36152378,2536498f7f0a9df23056b83dfe3982da5538eec147e86402c2f8fef54846cbd2,cc-by,https://creativecommons.org/licenses/by/4.0/,current_site_code_mapping_not_historical_photo_page_capture,"(c) Shawn O'Donnell, some rights reserved (CC BY)","Bird detection annotation; resized, cropped, and augmented for model training",platform_terms_reply_pending,2026-09-24T19:44:58.404988+00:00
inaturalist:571768736,571768736,316460901,https://www.inaturalist.org/observations/316460901,0448e7ef0e120dbfb2e6a9ea9e4e84f2faa17861874af5f63897690fddb22f54,cc0,https://creativecommons.org/publicdomain/zero/1.0/,current_site_code_mapping_not_historical_photo_page_capture,no rights reserved,"Bird detection annotation; resized, cropped, and augmented for model training",platform_terms_reply_pending,2026-09-24T19:44:58.404988+00:00
inaturalist:575538685,575538685,318459446,https://www.inaturalist.org/observations/318459446,ca08da2be9abc0417db2b460652d0e6f4c1cb88155ddfbac58f4d8d7a8863bde,cc-by,https://creativecommons.org/licenses/by/4.0/,current_site_code_mapping_not_historical_photo_page_capture,"(c) Антон Лабачоў, some rights reserved (CC BY)","Bird detection annotation; resized, cropped, and augmented for model training",platform_terms_reply_pending,2026-09-24T19:44:58.404988+00:00
inaturalist:575707620,575707620,318534638,https://www.inaturalist.org/observations/318534638,4a2c52a4b650d93f817370b6368bed51e3f8f7b8a5bed03ed8c467b3f60da3b9,cc-by,https://creativecommons.org/licenses/by/4.0/,current_site_code_mapping_not_historical_photo_page_capture,"(c) Wang.QG, some rights reserved (CC BY)","Bird detection annotation; resized, cropped, and augmented for model training",platform_terms_reply_pending,2026-09-24T19:44:58.404988+00:00
inaturalist:577544633,577544633,319499969,https://www.inaturalist.org/observations/319499969,01db1ebfcf89c9f72c5a61599e499c52cd2ce389f17c902fb9a83c29ecc63c0c,cc-by,https://creativecommons.org/licenses/by/4.0/,current_site_code_mapping_not_historical_photo_page_capture,"(c) 夏仲归, some rights reserved (CC BY)","Bird detection annotation; resized, cropped, and augmented for model training",platform_terms_reply_pending,2026-09-24T19:44:58.404988+00:00
inaturalist:577553515,577553515,319500003,https://www.inaturalist.org/observations/319500003,24c861bd670aed816b5f11a18f808310cce500eb9f153b13bf27ab5a9ac8d61c,cc-by,https://creativecommons.org/licenses/by/4.0/,current_site_code_mapping_not_historical_photo_page_capture,"(c) 夏仲归, some rights reserved (CC BY)","Bird detection annotation; resized, cropped, and augmented for model training",platform_terms_reply_pending,2026-09-24T19:44:58.404988+00:00
inaturalist:578310744,578310744,319896758,https://www.inaturalist.org/observations/319896758,8a3e8ac07081ab22d308140a425fa3b518057f6e0f16038a68304589c248e8b7,cc-by,https://creativecommons.org/licenses/by/4.0/,current_site_code_mapping_not_historical_photo_page_capture,"(c) TonyT, some rights reserved (CC BY)","Bird detection annotation; resized, cropped, and augmented for model training",platform_terms_reply_pending,2026-09-24T19:44:58.404988+00:00
inaturalist:578313632,578313632,319896763,https://www.inaturalist.org/observations/319896763,4d23e0dd3831649c6b06025d7cf3bc2989206ddfba3612f843f9fed5b5f01e18,cc-by,https://creativecommons.org/licenses/by/4.0/,current_site_code_mapping_not_historical_photo_page_capture,"(c) TonyT, some rights reserved (CC BY)","Bird detection annotation; resized, cropped, and augmented for model training",platform_terms_reply_pending,2026-09-24T19:44:58.404988+00:00
inaturalist:578314249,578314249,319896770,https://www.inaturalist.org/observations/319896770,578c8258d75c288aa6fd79fefb3b9aadc699289f3100703fd726e5ccfda57e0b,cc-by,https://creativecommons.org/licenses/by/4.0/,current_site_code_mapping_not_historical_photo_page_capture,"(c) TonyT, some rights reserved (CC BY)","Bird detection annotation; resized, cropped, and augmented for model training",platform_terms_reply_pending,2026-09-24T19:44:58.404988+00:00
inaturalist:578320459,578320459,319900461,https://www.inaturalist.org/observations/319900461,6cef1bb571b34f6c54373c1e063885f052f9e463dc9a9cfad108658504606393,cc-by,https://creativecommons.org/licenses/by/4.0/,current_site_code_mapping_not_historical_photo_page_capture,"(c) TonyT, some rights reserved (CC BY)","Bird detection annotation; resized, cropped, and augmented for model training",platform_terms_reply_pending,2026-09-24T19:44:58.404988+00:00
inaturalist:578320732,578320732,319900464,https://www.inaturalist.org/observations/319900464,4f644e23535d2a56debb4c9d8b30a6aa5d9eae71145c38a8c6661514992418aa,cc-by,https://creativecommons.org/licenses/by/4.0/,current_site_code_mapping_not_historical_photo_page_capture,"(c) TonyT, some rights reserved (CC BY)","Bird detection annotation; resized, cropped, and augmented for model training",platform_terms_reply_pending,2026-09-24T19:44:58.404988+00:00
inaturalist:578320741,578320741,319900462,https://www.inaturalist.org/observations/319900462,948482abec5f6c18f5cae9f0bb66296662b0ec45abe1e18d7c78197edf8a98d7,cc-by,https://creativecommons.org/licenses/by/4.0/,current_site_code_mapping_not_historical_photo_page_capture,"(c) TonyT, some rights reserved (CC BY)","Bird detection annotation; resized, cropped, and augmented for model training",platform_terms_reply_pending,2026-09-24T19:44:58.404988+00:00
inaturalist:580779117,580779117,321159070,https://www.inaturalist.org/observations/321159070,5e9510be30387db1cdc29352957fe12cc92d165cac217e701460293f7dfe80ff,cc-by,https://creativecommons.org/licenses/by/4.0/,current_site_code_mapping_not_historical_photo_page_capture,"(c) Wang.QG, some rights reserved (CC BY)","Bird detection annotation; resized, cropped, and augmented for model training",platform_terms_reply_pending,2026-09-24T19:44:58.404988+00:00
inaturalist:581006640,581006640,321278618,https://www.inaturalist.org/observations/321278618,af460bf29d0a36e1ce17a967c41afe12d18fb8531358cf5a10dcc23a6e3fbf1d,cc-by,https://creativecommons.org/licenses/by/4.0/,current_site_code_mapping_not_historical_photo_page_capture,"(c) Jiao Sun (孙娇), some rights reserved (CC BY)","Bird detection annotation; resized, cropped, and augmented for model training",platform_terms_reply_pending,2026-09-24T19:44:58.404988+00:00
inaturalist:581006727,581006727,321278636,https://www.inaturalist.org/observations/321278636,6da9f15c0c1dc9e4ac33117ca9502eff507c19541ddcebc4a60fa86e7e64fdbc,cc-by,https://creativecommons.org/licenses/by/4.0/,current_site_code_mapping_not_historical_photo_page_capture,"(c) Jiao Sun (孙娇), some rights reserved (CC BY)","Bird detection annotation; resized, cropped, and augmented for model training",platform_terms_reply_pending,2026-09-24T19:44:58.404988+00:00
inaturalist:581012616,581012616,321280616,https://www.inaturalist.org/observations/321280616,6c3702660a218f830e7e1256e42fd56f44100d45b47e88efce0da48a4c41a8c4,cc-by,https://creativecommons.org/licenses/by/4.0/,current_site_code_mapping_not_historical_photo_page_capture,"(c) Jiao Sun (孙娇), some rights reserved (CC BY)","Bird detection annotation; resized, cropped, and augmented for model training",platform_terms_reply_pending,2026-09-24T19:44:58.404988+00:00
inaturalist:581256583,581256583,321401722,https://www.inaturalist.org/observations/321401722,5024b56f8e184af121a44b47675394a330077349350ecfff2d18ad94796682dd,cc-by,https://creativecommons.org/licenses/by/4.0/,current_site_code_mapping_not_historical_photo_page_capture,"(c) Jiao Sun (孙娇), some rights reserved (CC BY)","Bird detection annotation; resized, cropped, and augmented for model training",platform_terms_reply_pending,2026-09-24T19:44:58.404988+00:00
inaturalist:581256599,581256599,321401726,https://www.inaturalist.org/observations/321401726,14f538bdc17c4f56b572d06165ab3eb12be69f41b2f26254ab6f5d0e954d0c1f,cc-by,https://creativecommons.org/licenses/by/4.0/,current_site_code_mapping_not_historical_photo_page_capture,"(c) Jiao Sun (孙娇), some rights reserved (CC BY)","Bird detection annotation; resized, cropped, and augmented for model training",platform_terms_reply_pending,2026-09-24T19:44:58.404988+00:00
inaturalist:581417739,581417739,321492816,https://www.inaturalist.org/observations/321492816,6761927cfa2a24500574b273bcf916b99ac72899e70faa70a7612d0e833f938f,cc-by,https://creativecommons.org/licenses/by/4.0/,current_site_code_mapping_not_historical_photo_page_capture,"(c) Jiao Sun (孙娇), some rights reserved (CC BY)","Bird detection annotation; resized, cropped, and augmented for model training",platform_terms_reply_pending,2026-09-24T19:44:58.404988+00:00
inaturalist:581417909,581417909,321492869,https://www.inaturalist.org/observations/321492869,2272aa7b1a3bef2e04581f0e2628dea9cc7af53569cf1d79f3425388d5de7090,cc-by,https://creativecommons.org/licenses/by/4.0/,current_site_code_mapping_not_historical_photo_page_capture,"(c) Jiao Sun (孙娇), some rights reserved (CC BY)","Bird detection annotation; resized, cropped, and augmented for model training",platform_terms_reply_pending,2026-09-24T19:44:58.404988+00:00
inaturalist:581432728,581432728,321492924,https://www.inaturalist.org/observations/321492924,3b6e403e7aec43d6232d844d26bd9cc628ff70acd13189f75b02dd0ebd042d97,cc-by,https://creativecommons.org/licenses/by/4.0/,current_site_code_mapping_not_historical_photo_page_capture,"(c) Jiao Sun (孙娇), some rights reserved (CC BY)","Bird detection annotation; resized, cropped, and augmented for model training",platform_terms_reply_pending,2026-09-24T19:44:58.404988+00:00
inaturalist:581599433,581599433,321580026,https://www.inaturalist.org/observations/321580026,907176e6cb8a7ba92bc7f03cbb835a40c548e59097b5b225b79fdb2535a5018c,cc-by,https://creativecommons.org/licenses/by/4.0/,current_site_code_mapping_not_historical_photo_page_capture,"(c) Nathan Ruser, some rights reserved (CC BY)","Bird detection annotation; resized, cropped, and augmented for model training",platform_terms_reply_pending,2026-09-24T19:44:58.404988+00:00
inaturalist:581600267,581600267,321579993,https://www.inaturalist.org/observations/321579993,2da1d6a88df183ce4a6e631168c9a9c92e19850876f0d0517bfe71cfc2342aec,cc-by,https://creativecommons.org/licenses/by/4.0/,current_site_code_mapping_not_historical_photo_page_capture,"(c) Nathan Ruser, some rights reserved (CC BY)","Bird detection annotation; resized, cropped, and augmented for model training",platform_terms_reply_pending,2026-09-24T19:44:58.404988+00:00
inaturalist:581610168,581610168,321584615,https://www.inaturalist.org/observations/321584615,8075925a11181ef42fcbd9426b6ba8639a19af4f4178877ca213b394dc163d95,cc-by,https://creativecommons.org/licenses/by/4.0/,current_site_code_mapping_not_historical_photo_page_capture,"(c) rashidchan, some rights reserved (CC BY)","Bird detection annotation; resized, cropped, and augmented for model training",platform_terms_reply_pending,2026-09-24T19:44:58.404988+00:00
inaturalist:581905970,581905970,321743374,https://www.inaturalist.org/observations/321743374,768c5b5846c16650e5922b20e109182a8cf1131c83d4e645d5371d0fe55be45a,cc-by,https://creativecommons.org/licenses/by/4.0/,current_site_code_mapping_not_historical_photo_page_capture,"(c) Nathan Ruser, some rights reserved (CC BY)","Bird detection annotation; resized, cropped, and augmented for model training",platform_terms_reply_pending,2026-09-24T19:44:58.404988+00:00
inaturalist:582635057,582635057,322106692,https://www.inaturalist.org/observations/322106692,b10c6b8e5650c3ca81609274aa50833e37803afca63f3c042fa2dc610b4a3ab5,cc-by,https://creativecommons.org/licenses/by/4.0/,current_site_code_mapping_not_historical_photo_page_capture,"(c) Jiao Sun (孙娇), some rights reserved (CC BY)","Bird detection annotation; resized, cropped, and augmented for model training",platform_terms_reply_pending,2026-09-24T19:44:58.404988+00:00
inaturalist:582636013,582636013,322107238,https://www.inaturalist.org/observations/322107238,e6e4ee8e768a02edc55022ec98bab8b8323f63fafc10384999e844052c93ba68,cc-by,https://creativecommons.org/licenses/by/4.0/,current_site_code_mapping_not_historical_photo_page_capture,"(c) Jiao Sun (孙娇), some rights reserved (CC BY)","Bird detection annotation; resized, cropped, and augmented for model training",platform_terms_reply_pending,2026-09-24T19:44:58.404988+00:00
inaturalist:583358896,583358896,322467720,https://www.inaturalist.org/observations/322467720,773292ebe331a3c24d44b0e5c41660a8dc49e85b95cd669d10a7577dec432d34,cc-by,https://creativecommons.org/licenses/by/4.0/,current_site_code_mapping_not_historical_photo_page_capture,"(c) Jiao Sun (孙娇), some rights reserved (CC BY)","Bird detection annotation; resized, cropped, and augmented for model training",platform_terms_reply_pending,2026-09-24T19:44:58.404988+00:00
inaturalist:583364324,583364324,322470550,https://www.inaturalist.org/observations/322470550,c95c815d689d64ece39e56f90c961e9cfc363e11871f8e7c855de23100cccccc,cc-by,https://creativecommons.org/licenses/by/4.0/,current_site_code_mapping_not_historical_photo_page_capture,"(c) Jiao Sun (孙娇), some rights reserved (CC BY)","Bird detection annotation; resized, cropped, and augmented for model training",platform_terms_reply_pending,2026-09-24T19:44:58.404988+00:00
inaturalist:583369414,583369414,322473982,https://www.inaturalist.org/observations/322473982,3bd08facbe60d04590783c6d9ba09baf19a5980809c89185d2ec427e07ce6dcf,cc-by,https://creativecommons.org/licenses/by/4.0/,current_site_code_mapping_not_historical_photo_page_capture,"(c) Jiao Sun (孙娇), some rights reserved (CC BY)","Bird detection annotation; resized, cropped, and augmented for model training",platform_terms_reply_pending,2026-09-24T19:44:58.404988+00:00
inaturalist:585180034,585180034,323408397,https://www.inaturalist.org/observations/323408397,4f2818ad242bee599d67ab4a64ac882868d21b69893fd8aa4774b03517bd75f0,cc-by,https://creativecommons.org/licenses/by/4.0/,current_site_code_mapping_not_historical_photo_page_capture,"(c) Zara, some rights reserved (CC BY)","Bird detection annotation; resized, cropped, and augmented for model training",platform_terms_reply_pending,2026-09-24T19:44:58.404988+00:00
inaturalist:585400912,585400912,323521144,https://www.inaturalist.org/observations/323521144,d4df2ad0e9c532ca8d3c117b122e87904a3d06f82dbb2d05443679efedc852b2,cc-by,https://creativecommons.org/licenses/by/4.0/,current_site_code_mapping_not_historical_photo_page_capture,"(c) Jiao Sun (孙娇), some rights reserved (CC BY)","Bird detection annotation; resized, cropped, and augmented for model training",platform_terms_reply_pending,2026-09-24T19:44:58.404988+00:00
inaturalist:585707557,585707557,323675691,https://www.inaturalist.org/observations/323675691,531b07db218c43ae98b40b0f35ad3442a1d6ea9b7bb51abe7c0332e8bd5fb08d,cc-by,https://creativecommons.org/licenses/by/4.0/,current_site_code_mapping_not_historical_photo_page_capture,"(c) 夏仲归, some rights reserved (CC BY)","Bird detection annotation; resized, cropped, and augmented for model training",platform_terms_reply_pending,2026-09-24T19:44:58.404988+00:00
inaturalist:585707570,585707570,323675694,https://www.inaturalist.org/observations/323675694,3521fdb02f8ea25746a576a63e4982e1226bb95a4800ac4b4545bdec1d804c13,cc-by,https://creativecommons.org/licenses/by/4.0/,current_site_code_mapping_not_historical_photo_page_capture,"(c) 夏仲归, some rights reserved (CC BY)","Bird detection annotation; resized, cropped, and augmented for model training",platform_terms_reply_pending,2026-09-24T19:44:58.404988+00:00
inaturalist:586257581,586257581,323957762,https://www.inaturalist.org/observations/323957762,6d7011e5451d76e85f592a85e3719b3bbe9a2d46a605b2ca2ddf541e469f3188,cc-by,https://creativecommons.org/licenses/by/4.0/,current_site_code_mapping_not_historical_photo_page_capture,"(c) 夏仲归, some rights reserved (CC BY)","Bird detection annotation; resized, cropped, and augmented for model training",platform_terms_reply_pending,2026-09-24T19:44:58.404988+00:00
inaturalist:586257991,586257991,323957778,https://www.inaturalist.org/observations/323957778,06b5fa1a2399978f4c3483b1fa0064b597e4611e1a9598eff12d3544924c460a,cc-by,https://creativecommons.org/licenses/by/4.0/,current_site_code_mapping_not_historical_photo_page_capture,"(c) 夏仲归, some rights reserved (CC BY)","Bird detection annotation; resized, cropped, and augmented for model training",platform_terms_reply_pending,2026-09-24T19:44:58.404988+00:00
inaturalist:586258138,586258138,323957785,https://www.inaturalist.org/observations/323957785,71786fae49018626b109281e194f3b719d66b99f2400ddd2fdbed21e75570d3f,cc-by,https://creativecommons.org/licenses/by/4.0/,current_site_code_mapping_not_historical_photo_page_capture,"(c) 夏仲归, some rights reserved (CC BY)","Bird detection annotation; resized, cropped, and augmented for model training",platform_terms_reply_pending,2026-09-24T19:44:58.404988+00:00
inaturalist:587705662,587705662,324677880,https://www.inaturalist.org/observations/324677880,1b66f8c5634534e20b0865ae668806f6667d2a183dee8155a71236bde3bffd21,cc-by,https://creativecommons.org/licenses/by/4.0/,current_site_code_mapping_not_historical_photo_page_capture,"(c) rashidchan, some rights reserved (CC BY)","Bird detection annotation; resized, cropped, and augmented for model training",platform_terms_reply_pending,2026-09-24T19:44:58.404988+00:00
inaturalist:587728452,587728452,324689722,https://www.inaturalist.org/observations/324689722,a24f1fa1c565c86e309d2056f28927654569bc304264493236fc770dfc2ec726,cc-by,https://creativecommons.org/licenses/by/4.0/,current_site_code_mapping_not_historical_photo_page_capture,"(c) Анна Васильченко, some rights reserved (CC BY)","Bird detection annotation; resized, cropped, and augmented for model training",platform_terms_reply_pending,2026-09-24T19:44:58.404988+00:00
inaturalist:588383212,588383212,325000075,https://www.inaturalist.org/observations/325000075,40fb9bc1a64b2e03206c6d5c6388fbc768e79a777c6230ceb02ab8290231bb60,cc-by,https://creativecommons.org/licenses/by/4.0/,current_site_code_mapping_not_historical_photo_page_capture,"(c) Ben Costamagna, some rights reserved (CC BY)","Bird detection annotation; resized, cropped, and augmented for model training",platform_terms_reply_pending,2026-09-24T19:44:58.404988+00:00
inaturalist:588662947,588662947,325154668,https://www.inaturalist.org/observations/325154668,2f61607540ab5545b941776816e5ef374608c38574cfee9e56397903d2320e68,cc-by,https://creativecommons.org/licenses/by/4.0/,current_site_code_mapping_not_historical_photo_page_capture,"(c) Ben Costamagna, some rights reserved (CC BY)","Bird detection annotation; resized, cropped, and augmented for model training",platform_terms_reply_pending,2026-09-24T19:44:58.404988+00:00
inaturalist:589748858,589748858,325721742,https://www.inaturalist.org/observations/325721742,1cdc0b7f5aa8a99ebc8aaf7316df3ca0f0a0a6b7ea314e2da71c0929bcb23e5e,cc-by,https://creativecommons.org/licenses/by/4.0/,current_site_code_mapping_not_historical_photo_page_capture,"(c) Jiao Sun (孙娇), some rights reserved (CC BY)","Bird detection annotation; resized, cropped, and augmented for model training",platform_terms_reply_pending,2026-09-24T19:44:58.404988+00:00
inaturalist:58997261,58997261,37235803,https://www.inaturalist.org/observations/37235803,9c04692f9c8fce5cfbdb8ab9b1749827b832ac7f3f64fc20034fb28a44a37c6c,cc-by,https://creativecommons.org/licenses/by/4.0/,current_site_code_mapping_not_historical_photo_page_capture,"(c) Yves Bas, some rights reserved (CC BY)","Bird detection annotation; resized, cropped, and augmented for model training",platform_terms_reply_pending,2026-09-24T19:44:58.404988+00:00
inaturalist:590066935,590066935,325860083,https://www.inaturalist.org/observations/325860083,7772bbdbbf3d19982c8b124302984537ca956959d0a9237154e3ed784f5bf2b9,cc-by,https://creativecommons.org/licenses/by/4.0/,current_site_code_mapping_not_historical_photo_page_capture,"(c) rashidchan, some rights reserved (CC BY)","Bird detection annotation; resized, cropped, and augmented for model training",platform_terms_reply_pending,2026-09-24T19:44:58.404988+00:00
inaturalist:590066966,590066966,325860089,https://www.inaturalist.org/observations/325860089,598710f80bd0c7d33eb5793b332d3bcb3924b48c426135956a46c15c2c14b312,cc-by,https://creativecommons.org/licenses/by/4.0/,current_site_code_mapping_not_historical_photo_page_capture,"(c) rashidchan, some rights reserved (CC BY)","Bird detection annotation; resized, cropped, and augmented for model training",platform_terms_reply_pending,2026-09-24T19:44:58.404988+00:00
inaturalist:590409572,590409572,326033513,https://www.inaturalist.org/observations/326033513,95513f01572fcda3b7d2d2b90cd7d63428b886cb67492310e2f70d805a5c8043,cc-by,https://creativecommons.org/licenses/by/4.0/,current_site_code_mapping_not_historical_photo_page_capture,"(c) 夏仲归, some rights reserved (CC BY)","Bird detection annotation; resized, cropped, and augmented for model training",platform_terms_reply_pending,2026-09-24T19:44:58.404988+00:00
inaturalist:590501522,590501522,326080693,https://www.inaturalist.org/observations/326080693,4d8208381823ea443a7bef8f2e1c5379e09a47f503e66968fab8acfcefc5f45f,cc-by,https://creativecommons.org/licenses/by/4.0/,current_site_code_mapping_not_historical_photo_page_capture,"(c) Jiao Sun (孙娇), some rights reserved (CC BY)","Bird detection annotation; resized, cropped, and augmented for model training",platform_terms_reply_pending,2026-09-24T19:44:58.404988+00:00
inaturalist:590809763,590809763,326234600,https://www.inaturalist.org/observations/326234600,6a5f8147a2ab133d3522ff9df575017d5dc9cfe652c537e586edbb03deb3eda2,cc-by,https://creativecommons.org/licenses/by/4.0/,current_site_code_mapping_not_historical_photo_page_capture,"(c) Jiao Sun (孙娇), some rights reserved (CC BY)","Bird detection annotation; resized, cropped, and augmented for model training",platform_terms_reply_pending,2026-09-24T19:44:58.404988+00:00
inaturalist:590809781,590809781,326234604,https://www.inaturalist.org/observations/326234604,8a5e3cfb09ece5c5b8a42c1fbd1f72bcd3cf567d91db2508b2641cbc3ea860df,cc-by,https://creativecommons.org/licenses/by/4.0/,current_site_code_mapping_not_historical_photo_page_capture,"(c) Jiao Sun (孙娇), some rights reserved (CC BY)","Bird detection annotation; resized, cropped, and augmented for model training",platform_terms_reply_pending,2026-09-24T19:44:58.404988+00:00
inaturalist:590809943,590809943,326234622,https://www.inaturalist.org/observations/326234622,a5d557c0054672f9be2ff53cd8d742b5c3bcd02f736b21ff7182ec55ed146113,cc-by,https://creativecommons.org/licenses/by/4.0/,current_site_code_mapping_not_historical_photo_page_capture,"(c) Jiao Sun (孙娇), some rights reserved (CC BY)","Bird detection annotation; resized, cropped, and augmented for model training",platform_terms_reply_pending,2026-09-24T19:44:58.404988+00:00
inaturalist:590816291,590816291,326243067,https://www.inaturalist.org/observations/326243067,50721ea48770d05aafbf1c2602de44400512803433dead78c9cc2422ebe57184,cc-by,https://creativecommons.org/licenses/by/4.0/,current_site_code_mapping_not_historical_photo_page_capture,"(c) Jiao Sun (孙娇), some rights reserved (CC BY)","Bird detection annotation; resized, cropped, and augmented for model training",platform_terms_reply_pending,2026-09-24T19:44:58.404988+00:00
inaturalist:590816496,590816496,326243088,https://www.inaturalist.org/observations/326243088,08bce01676c4a4c0a6d1c04ab1e681cfb002fb66b7ac5c06a2cad49577395727,cc-by,https://creativecommons.org/licenses/by/4.0/,current_site_code_mapping_not_historical_photo_page_capture,"(c) Jiao Sun (孙娇), some rights reserved (CC BY)","Bird detection annotation; resized, cropped, and augmented for model training",platform_terms_reply_pending,2026-09-24T19:44:58.404988+00:00
inaturalist:590816875,590816875,326243151,https://www.inaturalist.org/observations/326243151,7a9c42cf0fa6acce7b050f484246dee6fdadf090f67ff55584a8b521b98064a1,cc-by,https://creativecommons.org/licenses/by/4.0/,current_site_code_mapping_not_historical_photo_page_capture,"(c) Jiao Sun (孙娇), some rights reserved (CC BY)","Bird detection annotation; resized, cropped, and augmented for model training",platform_terms_reply_pending,2026-09-24T19:44:58.404988+00:00
inaturalist:590816952,590816952,326243162,https://www.inaturalist.org/observations/326243162,8459ca454052781695bede390dcbfff47f84e0dba0c18f643dcfa71d5b02c9bb,cc-by,https://creativecommons.org/licenses/by/4.0/,current_site_code_mapping_not_historical_photo_page_capture,"(c) Jiao Sun (孙娇), some rights reserved (CC BY)","Bird detection annotation; resized, cropped, and augmented for model training",platform_terms_reply_pending,2026-09-24T19:44:58.404988+00:00
inaturalist:591260280,591260280,326460125,https://www.inaturalist.org/observations/326460125,6ade90a02558b7def2e60ec1793640d2e981387cfea1f71545553dc5e3b5f4e3,cc-by,https://creativecommons.org/licenses/by/4.0/,current_site_code_mapping_not_historical_photo_page_capture,"(c) James M. Maley, some rights reserved (CC BY)","Bird detection annotation; resized, cropped, and augmented for model training",platform_terms_reply_pending,2026-09-24T19:44:58.404988+00:00
inaturalist:591607579,591607579,326634266,https://www.inaturalist.org/observations/326634266,8f08a570251c18757ec2244b87fa2ca6ba110087ed10d0d4404db790d42ac737,cc-by,https://creativecommons.org/licenses/by/4.0/,current_site_code_mapping_not_historical_photo_page_capture,"(c) Jagdish Singh Negi, some rights reserved (CC BY)","Bird detection annotation; resized, cropped, and augmented for model training",platform_terms_reply_pending,2026-09-24T19:44:58.404988+00:00
inaturalist:591723829,591723829,326693188,https://www.inaturalist.org/observations/326693188,b3254ae6ed11bb9a9c77e1127d2259c44c524d22a59be73071ed580b98fdfcec,cc-by,https://creativecommons.org/licenses/by/4.0/,current_site_code_mapping_not_historical_photo_page_capture,"(c) Jiao Sun (孙娇), some rights reserved (CC BY)","Bird detection annotation; resized, cropped, and augmented for model training",platform_terms_reply_pending,2026-09-24T19:44:58.404988+00:00
inaturalist:591727370,591727370,326697917,https://www.inaturalist.org/observations/326697917,8b10a4f1fe5c97d341a27a9329419e9c29bd8bd43cf661f9f6bb16fc3a52442c,cc-by,https://creativecommons.org/licenses/by/4.0/,current_site_code_mapping_not_historical_photo_page_capture,"(c) Jiao Sun (孙娇), some rights reserved (CC BY)","Bird detection annotation; resized, cropped, and augmented for model training",platform_terms_reply_pending,2026-09-24T19:44:58.404988+00:00
inaturalist:592371662,592371662,327019916,https://www.inaturalist.org/observations/327019916,8e9c302acb33285b27ca9b3c42b766194f8a70b69b7c876d3e997a269592e33f,cc-by,https://creativecommons.org/licenses/by/4.0/,current_site_code_mapping_not_historical_photo_page_capture,"(c) Jiao Sun (孙娇), some rights reserved (CC BY)","Bird detection annotation; resized, cropped, and augmented for model training",platform_terms_reply_pending,2026-09-24T19:44:58.404988+00:00
inaturalist:592371667,592371667,327019882,https://www.inaturalist.org/observations/327019882,038c97267a6546503c532a7ec689023583556009d4a4076f59f6b0bcf771c23f,cc-by,https://creativecommons.org/licenses/by/4.0/,current_site_code_mapping_not_historical_photo_page_capture,"(c) Jiao Sun (孙娇), some rights reserved (CC BY)","Bird detection annotation; resized, cropped, and augmented for model training",platform_terms_reply_pending,2026-09-24T19:44:58.404988+00:00
inaturalist:592371704,592371704,327019912,https://www.inaturalist.org/observations/327019912,3501786a9990c013b83e0e2ec7e704e616905003c8a9019c7ae9aaf7cdb5bdf4,cc-by,https://creativecommons.org/licenses/by/4.0/,current_site_code_mapping_not_historical_photo_page_capture,"(c) Jiao Sun (孙娇), some rights reserved (CC BY)","Bird detection annotation; resized, cropped, and augmented for model training",platform_terms_reply_pending,2026-09-24T19:44:58.404988+00:00
inaturalist:592371837,592371837,327019962,https://www.inaturalist.org/observations/327019962,80610387ce12db7e8ce965a80ca246db0a75f4862ac25fa40cf76620b82eefbd,cc-by,https://creativecommons.org/licenses/by/4.0/,current_site_code_mapping_not_historical_photo_page_capture,"(c) Jiao Sun (孙娇), some rights reserved (CC BY)","Bird detection annotation; resized, cropped, and augmented for model training",platform_terms_reply_pending,2026-09-24T19:44:58.404988+00:00
inaturalist:592371892,592371892,327019986,https://www.inaturalist.org/observations/327019986,d32cfda39001f8692b03fed743bdd3b1d2397e32783ad0ee1388f79025be0d60,cc-by,https://creativecommons.org/licenses/by/4.0/,current_site_code_mapping_not_historical_photo_page_capture,"(c) Jiao Sun (孙娇), some rights reserved (CC BY)","Bird detection annotation; resized, cropped, and augmented for model training",platform_terms_reply_pending,2026-09-24T19:44:58.404988+00:00
inaturalist:592551907,592551907,327108594,https://www.inaturalist.org/observations/327108594,47a2acc41c9287c3a77892b7c84269f7be7c085c85fc0afdc3e78350932c2776,cc-by,https://creativecommons.org/licenses/by/4.0/,current_site_code_mapping_not_historical_photo_page_capture,"(c) rashidchan, some rights reserved (CC BY)","Bird detection annotation; resized, cropped, and augmented for model training",platform_terms_reply_pending,2026-09-24T19:44:58.404988+00:00
inaturalist:593684050,593684050,327678746,https://www.inaturalist.org/observations/327678746,4009c5b7aba723cf993281ba0947b45aafec4b2a170e2c0eeab3cc061d575db6,cc-by,https://creativecommons.org/licenses/by/4.0/,current_site_code_mapping_not_historical_photo_page_capture,"(c) Jacob She, some rights reserved (CC BY)","Bird detection annotation; resized, cropped, and augmented for model training",platform_terms_reply_pending,2026-09-24T19:44:58.404988+00:00
inaturalist:593766661,593766661,327737747,https://www.inaturalist.org/observations/327737747,7f011078d6646ad47354bf4407f524d860275a969235feba742f44b891018423,cc-by,https://creativecommons.org/licenses/by/4.0/,current_site_code_mapping_not_historical_photo_page_capture,"(c) Jiao Sun (孙娇), some rights reserved (CC BY)","Bird detection annotation; resized, cropped, and augmented for model training",platform_terms_reply_pending,2026-09-24T19:44:58.404988+00:00
inaturalist:593944802,593944802,327816212,https://www.inaturalist.org/observations/327816212,5bb78899c97a9c2d243906c6f0e8bb197897d12a543f9fb465809df71c93d81b,cc0,https://creativecommons.org/publicdomain/zero/1.0/,current_site_code_mapping_not_historical_photo_page_capture,no rights reserved,"Bird detection annotation; resized, cropped, and augmented for model training",platform_terms_reply_pending,2026-09-24T19:44:58.404988+00:00
inaturalist:594223235,594223235,327972285,https://www.inaturalist.org/observations/327972285,ea62f522c0c70f896a5c006d8417944c599c4b03241e05ad992a3fd4adc1c128,cc-by,https://creativecommons.org/licenses/by/4.0/,current_site_code_mapping_not_historical_photo_page_capture,"(c) 夏仲归, some rights reserved (CC BY)","Bird detection annotation; resized, cropped, and augmented for model training",platform_terms_reply_pending,2026-09-24T19:44:58.404988+00:00
inaturalist:594337017,594337017,328031312,https://www.inaturalist.org/observations/328031312,3ff382690081d19c7ebea099ce70f9a071ca48fe3c7d98ecbb14061fc0f5a8da,cc-by,https://creativecommons.org/licenses/by/4.0/,current_site_code_mapping_not_historical_photo_page_capture,"(c) Анна Васильченко, some rights reserved (CC BY)","Bird detection annotation; resized, cropped, and augmented for model training",platform_terms_reply_pending,2026-09-24T19:44:58.404988+00:00
inaturalist:594350202,594350202,328037345,https://www.inaturalist.org/observations/328037345,6660b9c3f91818e64d3c24bf3d6f1e593d5a61798f566f79c1ff7317d8231206,cc-by,https://creativecommons.org/licenses/by/4.0/,current_site_code_mapping_not_historical_photo_page_capture,"(c) Gary Yong Gee, some rights reserved (CC BY)","Bird detection annotation; resized, cropped, and augmented for model training",platform_terms_reply_pending,2026-09-24T19:44:58.404988+00:00
inaturalist:595225389,595225389,328473476,https://www.inaturalist.org/observations/328473476,de4856d103d2df9186af762e5e57172394549652a98ea87fe34cf7a1ae6f1634,cc-by,https://creativecommons.org/licenses/by/4.0/,current_site_code_mapping_not_historical_photo_page_capture,"(c) Karim Haddad, some rights reserved (CC BY)","Bird detection annotation; resized, cropped, and augmented for model training",platform_terms_reply_pending,2026-09-24T19:44:58.404988+00:00
inaturalist:596134881,596134881,328924073,https://www.inaturalist.org/observations/328924073,075155b89f53342c314c6b2bba02d9fdb822a3920e88f32d73355d7a801a74ec,cc-by,https://creativecommons.org/licenses/by/4.0/,current_site_code_mapping_not_historical_photo_page_capture,"(c) 夏仲归, some rights reserved (CC BY)","Bird detection annotation; resized, cropped, and augmented for model training",platform_terms_reply_pending,2026-09-24T19:44:58.404988+00:00
inaturalist:596134923,596134923,328924074,https://www.inaturalist.org/observations/328924074,d608460fb91a31d7675e735d6641b14f54722ebba346f2895d75f5f069f24975,cc-by,https://creativecommons.org/licenses/by/4.0/,current_site_code_mapping_not_historical_photo_page_capture,"(c) 夏仲归, some rights reserved (CC BY)","Bird detection annotation; resized, cropped, and augmented for model training",platform_terms_reply_pending,2026-09-24T19:44:58.404988+00:00
inaturalist:596134988,596134988,328924075,https://www.inaturalist.org/observations/328924075,571e70c963c7d8988124138f14e6ce384fb529d6eb194d58c4ea68d9acd938bf,cc-by,https://creativecommons.org/licenses/by/4.0/,current_site_code_mapping_not_historical_photo_page_capture,"(c) 夏仲归, some rights reserved (CC BY)","Bird detection annotation; resized, cropped, and augmented for model training",platform_terms_reply_pending,2026-09-24T19:44:58.404988+00:00
inaturalist:596135047,596135047,328924079,https://www.inaturalist.org/observations/328924079,209147e90ab98481280216d526a0b63ec57a4773c0b47716c0642cd2e73fffe7,cc-by,https://creativecommons.org/licenses/by/4.0/,current_site_code_mapping_not_historical_photo_page_capture,"(c) 夏仲归, some rights reserved (CC BY)","Bird detection annotation; resized, cropped, and augmented for model training",platform_terms_reply_pending,2026-09-24T19:44:58.404988+00:00
inaturalist:596919338,596919338,329316670,https://www.inaturalist.org/observations/329316670,9451c5e57ead03cb75c8e89b70dea000eaa4553cd8b7019506af5a933dc054a1,cc-by,https://creativecommons.org/licenses/by/4.0/,current_site_code_mapping_not_historical_photo_page_capture,"(c) GobyHunter, some rights reserved (CC BY)","Bird detection annotation; resized, cropped, and augmented for model training",platform_terms_reply_pending,2026-09-24T19:44:58.404988+00:00
inaturalist:598466729,598466729,330080794,https://www.inaturalist.org/observations/330080794,ef9b06ff6a877b0f3607cfc99a7d59dcfd4076c8b7a235ca97b38f63999a83ad,cc0,https://creativecommons.org/publicdomain/zero/1.0/,current_site_code_mapping_not_historical_photo_page_capture,no rights reserved,"Bird detection annotation; resized, cropped, and augmented for model training",platform_terms_reply_pending,2026-09-24T19:44:58.404988+00:00
inaturalist:598693802,598693802,330190609,https://www.inaturalist.org/observations/330190609,b0c7e9672e42fe2040f16208fb7b39645873e9baf67af43a4916a1ef7317be9e,cc-by,https://creativecommons.org/licenses/by/4.0/,current_site_code_mapping_not_historical_photo_page_capture,"(c) Ben Costamagna, some rights reserved (CC BY)","Bird detection annotation; resized, cropped, and augmented for model training",platform_terms_reply_pending,2026-09-24T19:44:58.404988+00:00
inaturalist:598722919,598722919,330205386,https://www.inaturalist.org/observations/330205386,a316a5895ea8e945e1fb3146afdd0a76be653dc49b4cece6538fd8fbb50276c9,cc-by,https://creativecommons.org/licenses/by/4.0/,current_site_code_mapping_not_historical_photo_page_capture,"(c) 祐, some rights reserved (CC BY)","Bird detection annotation; resized, cropped, and augmented for model training",platform_terms_reply_pending,2026-09-24T19:44:58.404988+00:00
inaturalist:599748770,599748770,330703384,https://www.inaturalist.org/observations/330703384,2353488eeebadca78eeb64bbca84ddb7647ac6671f906c99146ee602ab6bfef2,cc-by,https://creativecommons.org/licenses/by/4.0/,current_site_code_mapping_not_historical_photo_page_capture,"(c) Abhinav Thakur, some rights reserved (CC BY)","Bird detection annotation; resized, cropped, and augmented for model training",platform_terms_reply_pending,2026-09-24T19:44:58.404988+00:00
inaturalist:600153959,600153959,330903426,https://www.inaturalist.org/observations/330903426,dd0bea94a522b18737141b95454aa797b32e5ec7ecfb5da12dc388c746658e29,cc0,https://creativecommons.org/publicdomain/zero/1.0/,current_site_code_mapping_not_historical_photo_page_capture,no rights reserved,"Bird detection annotation; resized, cropped, and augmented for model training",platform_terms_reply_pending,2026-09-24T19:44:58.404988+00:00
inaturalist:600306595,600306595,330976057,https://www.inaturalist.org/observations/330976057,ad7d34c2785d5d0ec5040bd57167411c6eb9d75da2aa74dd2e4c092171cbe16b,cc-by,https://creativecommons.org/licenses/by/4.0/,current_site_code_mapping_not_historical_photo_page_capture,"(c) 夏仲归, some rights reserved (CC BY)","Bird detection annotation; resized, cropped, and augmented for model training",platform_terms_reply_pending,2026-09-24T19:44:58.404988+00:00
inaturalist:600306727,600306727,330976062,https://www.inaturalist.org/observations/330976062,564a77d1f2efb7df368d637407059c7ded611d9a3337fc150b08fb0b9fddca11,cc-by,https://creativecommons.org/licenses/by/4.0/,current_site_code_mapping_not_historical_photo_page_capture,"(c) 夏仲归, some rights reserved (CC BY)","Bird detection annotation; resized, cropped, and augmented for model training",platform_terms_reply_pending,2026-09-24T19:44:58.404988+00:00
inaturalist:600306744,600306744,330976060,https://www.inaturalist.org/observations/330976060,115b0fffb30854423961d5f1d8c7ff532523ffda2caf2626bac8dbe74798100e,cc-by,https://creativecommons.org/licenses/by/4.0/,current_site_code_mapping_not_historical_photo_page_capture,"(c) 夏仲归, some rights reserved (CC BY)","Bird detection annotation; resized, cropped, and augmented for model training",platform_terms_reply_pending,2026-09-24T19:44:58.404988+00:00
inaturalist:600306863,600306863,330976069,https://www.inaturalist.org/observations/330976069,04b4ae87d4245b28af583e9a55a7d3a2047158ae7b55a5ee05b09b357848d493,cc-by,https://creativecommons.org/licenses/by/4.0/,current_site_code_mapping_not_historical_photo_page_capture,"(c) 夏仲归, some rights reserved (CC BY)","Bird detection annotation; resized, cropped, and augmented for model training",platform_terms_reply_pending,2026-09-24T19:44:58.404988+00:00
inaturalist:600548708,600548708,331096025,https://www.inaturalist.org/observations/331096025,994ffa700eaa4a041bf304c16264a5bf40a726f91b9419cfbd4f36fec7c4de29,cc-by,https://creativecommons.org/licenses/by/4.0/,current_site_code_mapping_not_historical_photo_page_capture,"(c) Jiao Sun (孙娇), some rights reserved (CC BY)","Bird detection annotation; resized, cropped, and augmented for model training",platform_terms_reply_pending,2026-09-24T19:44:58.404988+00:00
inaturalist:600548780,600548780,331096033,https://www.inaturalist.org/observations/331096033,3dd7b168af1fdc1a3be44d364108071a73ce686976f972b3e18e45733843b52e,cc-by,https://creativecommons.org/licenses/by/4.0/,current_site_code_mapping_not_historical_photo_page_capture,"(c) Jiao Sun (孙娇), some rights reserved (CC BY)","Bird detection annotation; resized, cropped, and augmented for model training",platform_terms_reply_pending,2026-09-24T19:44:58.404988+00:00
inaturalist:600577547,600577547,331112102,https://www.inaturalist.org/observations/331112102,eeab39135aecbe78dad0d3b6d6a9d4b74105da8168374a2a4b5a60414c9930eb,cc-by,https://creativecommons.org/licenses/by/4.0/,current_site_code_mapping_not_historical_photo_page_capture,"(c) Jiao Sun (孙娇), some rights reserved (CC BY)","Bird detection annotation; resized, cropped, and augmented for model training",platform_terms_reply_pending,2026-09-24T19:44:58.404988+00:00
inaturalist:600609995,600609995,331123915,https://www.inaturalist.org/observations/331123915,43e2d9ced90419bc54988a57b74f0fded5581ae76c381267748e68c233775d8b,cc-by,https://creativecommons.org/licenses/by/4.0/,current_site_code_mapping_not_historical_photo_page_capture,"(c) Karim Haddad, some rights reserved (CC BY)","Bird detection annotation; resized, cropped, and augmented for model training",platform_terms_reply_pending,2026-09-24T19:44:58.404988+00:00
inaturalist:600614253,600614253,331128086,https://www.inaturalist.org/observations/331128086,1446020e2346fb6c6582e8355801fd1f7db61d9d28bb7ccd1d5cb55f8ef278cc,cc-by,https://creativecommons.org/licenses/by/4.0/,current_site_code_mapping_not_historical_photo_page_capture,"(c) Karim Haddad, some rights reserved (CC BY)","Bird detection annotation; resized, cropped, and augmented for model training",platform_terms_reply_pending,2026-09-24T19:44:58.404988+00:00
inaturalist:600614282,600614282,331128095,https://www.inaturalist.org/observations/331128095,08887331cc062f75ec1ba01df79a084d866f95c1e65c68c3b0679b8f4d9714c8,cc-by,https://creativecommons.org/licenses/by/4.0/,current_site_code_mapping_not_historical_photo_page_capture,"(c) Karim Haddad, some rights reserved (CC BY)","Bird detection annotation; resized, cropped, and augmented for model training",platform_terms_reply_pending,2026-09-24T19:44:58.404988+00:00
inaturalist:600614308,600614308,331128104,https://www.inaturalist.org/observations/331128104,8de01699b81c9a0d208505263349c98f8400dd51bc2dc5c41f2e26feb9293c27,cc-by,https://creativecommons.org/licenses/by/4.0/,current_site_code_mapping_not_historical_photo_page_capture,"(c) Karim Haddad, some rights reserved (CC BY)","Bird detection annotation; resized, cropped, and augmented for model training",platform_terms_reply_pending,2026-09-24T19:44:58.404988+00:00
inaturalist:600614327,600614327,331128107,https://www.inaturalist.org/observations/331128107,4217328d3e5836303bd15621b859801dd62b6dacdb9c23f2bfd84146f2138926,cc-by,https://creativecommons.org/licenses/by/4.0/,current_site_code_mapping_not_historical_photo_page_capture,"(c) Karim Haddad, some rights reserved (CC BY)","Bird detection annotation; resized, cropped, and augmented for model training",platform_terms_reply_pending,2026-09-24T19:44:58.404988+00:00
inaturalist:600614344,600614344,331128113,https://www.inaturalist.org/observations/331128113,a4ede35608ec2ec5c150da1d7f4c32d896dbbaeb99ba4f87e170683625c4fcd8,cc-by,https://creativecommons.org/licenses/by/4.0/,current_site_code_mapping_not_historical_photo_page_capture,"(c) Karim Haddad, some rights reserved (CC BY)","Bird detection annotation; resized, cropped, and augmented for model training",platform_terms_reply_pending,2026-09-24T19:44:58.404988+00:00
inaturalist:600614356,600614356,331128120,https://www.inaturalist.org/observations/331128120,140e25391d2d7e1268066ce20d92e19931b38e4f79b18f41700d32970d3bc8af,cc-by,https://creativecommons.org/licenses/by/4.0/,current_site_code_mapping_not_historical_photo_page_capture,"(c) Karim Haddad, some rights reserved (CC BY)","Bird detection annotation; resized, cropped, and augmented for model training",platform_terms_reply_pending,2026-09-24T19:44:58.404988+00:00
inaturalist:600614376,600614376,331128171,https://www.inaturalist.org/observations/331128171,c181e5f191fffdfed06d9f2c9e53289e4a6dbb297a960f277cc402f72d2cfca1,cc-by,https://creativecommons.org/licenses/by/4.0/,current_site_code_mapping_not_historical_photo_page_capture,"(c) Karim Haddad, some rights reserved (CC BY)","Bird detection annotation; resized, cropped, and augmented for model training",platform_terms_reply_pending,2026-09-24T19:44:58.404988+00:00
inaturalist:600614383,600614383,331128175,https://www.inaturalist.org/observations/331128175,3f3775229a458024c069e70c3af56a060f5d037b9e785053875c54a143637284,cc-by,https://creativecommons.org/licenses/by/4.0/,current_site_code_mapping_not_historical_photo_page_capture,"(c) Karim Haddad, some rights reserved (CC BY)","Bird detection annotation; resized, cropped, and augmented for model training",platform_terms_reply_pending,2026-09-24T19:44:58.404988+00:00
inaturalist:600614393,600614393,331128178,https://www.inaturalist.org/observations/331128178,b80bb625f009f689f343683eebd80369c6611c0a5ff0f65bd5f64843e885f0f1,cc-by,https://creativecommons.org/licenses/by/4.0/,current_site_code_mapping_not_historical_photo_page_capture,"(c) Karim Haddad, some rights reserved (CC BY)","Bird detection annotation; resized, cropped, and augmented for model training",platform_terms_reply_pending,2026-09-24T19:44:58.404988+00:00
inaturalist:600614395,600614395,331128180,https://www.inaturalist.org/observations/331128180,f4444a93b6e1e30c702acaaa065dce08ec2cdce26f807dfbdd5c2ac5b65a2c78,cc-by,https://creativecommons.org/licenses/by/4.0/,current_site_code_mapping_not_historical_photo_page_capture,"(c) Karim Haddad, some rights reserved (CC BY)","Bird detection annotation; resized, cropped, and augmented for model training",platform_terms_reply_pending,2026-09-24T19:44:58.404988+00:00
inaturalist:600614431,600614431,331128191,https://www.inaturalist.org/observations/331128191,ad5f3c36ab22c1cdbe5bb4f1ea306fbd6b907151bd787060793621f0ab0cca5e,cc-by,https://creativecommons.org/licenses/by/4.0/,current_site_code_mapping_not_historical_photo_page_capture,"(c) Karim Haddad, some rights reserved (CC BY)","Bird detection annotation; resized, cropped, and augmented for model training",platform_terms_reply_pending,2026-09-24T19:44:58.404988+00:00
inaturalist:600614594,600614594,331128349,https://www.inaturalist.org/observations/331128349,157f742d97a7bff2a321eaa918a346f76b515fe6e4f099697ba380f3508bd5bd,cc-by,https://creativecommons.org/licenses/by/4.0/,current_site_code_mapping_not_historical_photo_page_capture,"(c) Karim Haddad, some rights reserved (CC BY)","Bird detection annotation; resized, cropped, and augmented for model training",platform_terms_reply_pending,2026-09-24T19:44:58.404988+00:00
inaturalist:600668606,600668606,331151145,https://www.inaturalist.org/observations/331151145,6575747bc6341cb63c7c05454d74d8460ddc2227b02d9d7a589b4b870a7d630b,cc-by,https://creativecommons.org/licenses/by/4.0/,current_site_code_mapping_not_historical_photo_page_capture,"(c) Ben Costamagna, some rights reserved (CC BY)","Bird detection annotation; resized, cropped, and augmented for model training",platform_terms_reply_pending,2026-09-24T19:44:58.404988+00:00
inaturalist:600736147,600736147,331196048,https://www.inaturalist.org/observations/331196048,6184beae2f83b8e0000a51d477cc6bff3dfec2d3a9c1c3ca521c5568f7e1a996,cc-by,https://creativecommons.org/licenses/by/4.0/,current_site_code_mapping_not_historical_photo_page_capture,"(c) Jiao Sun (孙娇), some rights reserved (CC BY)","Bird detection annotation; resized, cropped, and augmented for model training",platform_terms_reply_pending,2026-09-24T19:44:58.404988+00:00
inaturalist:600785277,600785277,331229112,https://www.inaturalist.org/observations/331229112,240ebc6686f9ce958728b529e2bcc8014bbe9cf8ac36355653d0b3aadd7a1566,cc-by,https://creativecommons.org/licenses/by/4.0/,current_site_code_mapping_not_historical_photo_page_capture,"(c) Jiao Sun (孙娇), some rights reserved (CC BY)","Bird detection annotation; resized, cropped, and augmented for model training",platform_terms_reply_pending,2026-09-24T19:44:58.404988+00:00
inaturalist:600972438,600972438,331298927,https://www.inaturalist.org/observations/331298927,0b8299b7b1ea5e428bc1cbb5c16c9b8c106c64fd6053b213864dfc33086f808c,cc-by,https://creativecommons.org/licenses/by/4.0/,current_site_code_mapping_not_historical_photo_page_capture,"(c) Jiao Sun (孙娇), some rights reserved (CC BY)","Bird detection annotation; resized, cropped, and augmented for model training",platform_terms_reply_pending,2026-09-24T19:44:58.404988+00:00
inaturalist:600972460,600972460,331298931,https://www.inaturalist.org/observations/331298931,907735ca530afe88f2d2092cefa1b7085c1abbb94bf6d154c6ddfcec035616ad,cc-by,https://creativecommons.org/licenses/by/4.0/,current_site_code_mapping_not_historical_photo_page_capture,"(c) Jiao Sun (孙娇), some rights reserved (CC BY)","Bird detection annotation; resized, cropped, and augmented for model training",platform_terms_reply_pending,2026-09-24T19:44:58.404988+00:00
inaturalist:601018429,601018429,331323238,https://www.inaturalist.org/observations/331323238,e7fb060f9278dce2e93e6260d5281bdc45699fcbfd032befaf7dec09eaefc795,cc-by,https://creativecommons.org/licenses/by/4.0/,current_site_code_mapping_not_historical_photo_page_capture,"(c) Jiao Sun (孙娇), some rights reserved (CC BY)","Bird detection annotation; resized, cropped, and augmented for model training",platform_terms_reply_pending,2026-09-24T19:44:58.404988+00:00
inaturalist:601018618,601018618,331323261,https://www.inaturalist.org/observations/331323261,df4aeee3bf9d4a855b0fb2cdfc6700d49939915178df544ce37bd46486aad9b6,cc-by,https://creativecommons.org/licenses/by/4.0/,current_site_code_mapping_not_historical_photo_page_capture,"(c) Jiao Sun (孙娇), some rights reserved (CC BY)","Bird detection annotation; resized, cropped, and augmented for model training",platform_terms_reply_pending,2026-09-24T19:44:58.404988+00:00
inaturalist:601020439,601020439,331323264,https://www.inaturalist.org/observations/331323264,5fc59a8b7c7f4bc25b8fe092383382c12b1256edd402d55a83326c0866582bd7,cc-by,https://creativecommons.org/licenses/by/4.0/,current_site_code_mapping_not_historical_photo_page_capture,"(c) Jiao Sun (孙娇), some rights reserved (CC BY)","Bird detection annotation; resized, cropped, and augmented for model training",platform_terms_reply_pending,2026-09-24T19:44:58.404988+00:00
inaturalist:601155090,601155090,331386578,https://www.inaturalist.org/observations/331386578,4c687e1df572290d37d869cf83842451a8c633070811542ebf5a888a9301f6fe,cc0,https://creativecommons.org/publicdomain/zero/1.0/,current_site_code_mapping_not_historical_photo_page_capture,no rights reserved,"Bird detection annotation; resized, cropped, and augmented for model training",platform_terms_reply_pending,2026-09-24T19:44:58.404988+00:00
inaturalist:601199662,601199662,331410189,https://www.inaturalist.org/observations/331410189,0c9065d59697c1d1c91f4f89855eeacaf6f6fdea5f5a6dbe1ce0998a26670527,cc-by,https://creativecommons.org/licenses/by/4.0/,current_site_code_mapping_not_historical_photo_page_capture,"(c) Jiao Sun (孙娇), some rights reserved (CC BY)","Bird detection annotation; resized, cropped, and augmented for model training",platform_terms_reply_pending,2026-09-24T19:44:58.404988+00:00
inaturalist:601199700,601199700,331410197,https://www.inaturalist.org/observations/331410197,b1116dd93002afb8b0742072e4c40f1bcdd1ca0f2183910f2ecc93ac4735db8a,cc-by,https://creativecommons.org/licenses/by/4.0/,current_site_code_mapping_not_historical_photo_page_capture,"(c) Jiao Sun (孙娇), some rights reserved (CC BY)","Bird detection annotation; resized, cropped, and augmented for model training",platform_terms_reply_pending,2026-09-24T19:44:58.404988+00:00
inaturalist:601298717,601298717,331457449,https://www.inaturalist.org/observations/331457449,46244f60fbdb44720a2a33d2f1b0141c01c8e2bd5254acbf71c195ff66c3262a,cc-by,https://creativecommons.org/licenses/by/4.0/,current_site_code_mapping_not_historical_photo_page_capture,"(c) Jiao Sun (孙娇), some rights reserved (CC BY)","Bird detection annotation; resized, cropped, and augmented for model training",platform_terms_reply_pending,2026-09-24T19:44:58.404988+00:00
inaturalist:601298770,601298770,331457456,https://www.inaturalist.org/observations/331457456,35fc19f937b3551c9dd000c8f535c6fe2d2d0447de01d60411f8e5aacd2dc133,cc-by,https://creativecommons.org/licenses/by/4.0/,current_site_code_mapping_not_historical_photo_page_capture,"(c) Jiao Sun (孙娇), some rights reserved (CC BY)","Bird detection annotation; resized, cropped, and augmented for model training",platform_terms_reply_pending,2026-09-24T19:44:58.404988+00:00
inaturalist:601305631,601305631,331459620,https://www.inaturalist.org/observations/331459620,fc55f544e96998ca5f9b4256032de377d32fb21f4e05bd123e9fb0186edb6cdc,cc-by,https://creativecommons.org/licenses/by/4.0/,current_site_code_mapping_not_historical_photo_page_capture,"(c) Jiao Sun (孙娇), some rights reserved (CC BY)","Bird detection annotation; resized, cropped, and augmented for model training",platform_terms_reply_pending,2026-09-24T19:44:58.404988+00:00
inaturalist:601307789,601307789,331462769,https://www.inaturalist.org/observations/331462769,aba357750505acc168b99f321b4abbdda8a75ec299ad99237ec14cb644424231,cc-by,https://creativecommons.org/licenses/by/4.0/,current_site_code_mapping_not_historical_photo_page_capture,"(c) Jiao Sun (孙娇), some rights reserved (CC BY)","Bird detection annotation; resized, cropped, and augmented for model training",platform_terms_reply_pending,2026-09-24T19:44:58.404988+00:00
inaturalist:601317710,601317710,331466079,https://www.inaturalist.org/observations/331466079,4fe6360be1951330bea17bf811cfd2ef99a03fd61102bd7a10509748cc8faa6c,cc-by,https://creativecommons.org/licenses/by/4.0/,current_site_code_mapping_not_historical_photo_page_capture,"(c) Jiao Sun (孙娇), some rights reserved (CC BY)","Bird detection annotation; resized, cropped, and augmented for model training",platform_terms_reply_pending,2026-09-24T19:44:58.404988+00:00
inaturalist:601320593,601320593,331469006,https://www.inaturalist.org/observations/331469006,edffda50ac61a38b1f11838ac7495ea34a11e2a429a813a55141e12c2a5130a2,cc-by,https://creativecommons.org/licenses/by/4.0/,current_site_code_mapping_not_historical_photo_page_capture,"(c) Jiao Sun (孙娇), some rights reserved (CC BY)","Bird detection annotation; resized, cropped, and augmented for model training",platform_terms_reply_pending,2026-09-24T19:44:58.404988+00:00
inaturalist:601320846,601320846,331469042,https://www.inaturalist.org/observations/331469042,1f7769c3d6d16b2379ffd604f82fbb23e92c498843707e8141c6f7f713a0c724,cc-by,https://creativecommons.org/licenses/by/4.0/,current_site_code_mapping_not_historical_photo_page_capture,"(c) Jiao Sun (孙娇), some rights reserved (CC BY)","Bird detection annotation; resized, cropped, and augmented for model training",platform_terms_reply_pending,2026-09-24T19:44:58.404988+00:00
inaturalist:601423660,601423660,331517557,https://www.inaturalist.org/observations/331517557,d3632310c52a604c5c844b804ba238bfadaf6b239980b1872375e590689f6d09,cc-by,https://creativecommons.org/licenses/by/4.0/,current_site_code_mapping_not_historical_photo_page_capture,"(c) Karim Haddad, some rights reserved (CC BY)","Bird detection annotation; resized, cropped, and augmented for model training",platform_terms_reply_pending,2026-09-24T19:44:58.404988+00:00
inaturalist:601435813,601435813,331522416,https://www.inaturalist.org/observations/331522416,fea474cc5da3efb2cdf40543e33512f1db0965603f260e280b07c66c7a79f9e9,cc-by,https://creativecommons.org/licenses/by/4.0/,current_site_code_mapping_not_historical_photo_page_capture,"(c) Vladislav Isaev, some rights reserved (CC BY)","Bird detection annotation; resized, cropped, and augmented for model training",platform_terms_reply_pending,2026-09-24T19:44:58.404988+00:00
inaturalist:601928109,601928109,331765767,https://www.inaturalist.org/observations/331765767,800cfaa74f3b41f55237a6e7d195b107e69d4085258cf9e88689afc59eb56f4b,cc-by,https://creativecommons.org/licenses/by/4.0/,current_site_code_mapping_not_historical_photo_page_capture,"(c) 夏仲归, some rights reserved (CC BY)","Bird detection annotation; resized, cropped, and augmented for model training",platform_terms_reply_pending,2026-09-24T19:44:58.404988+00:00
inaturalist:601928113,601928113,331765768,https://www.inaturalist.org/observations/331765768,33e7c248df9d01c2e58495aaa621e2448a459b0f934b464ad49466d7bf21bdf4,cc-by,https://creativecommons.org/licenses/by/4.0/,current_site_code_mapping_not_historical_photo_page_capture,"(c) 夏仲归, some rights reserved (CC BY)","Bird detection annotation; resized, cropped, and augmented for model training",platform_terms_reply_pending,2026-09-24T19:44:58.404988+00:00
inaturalist:603490050,603490050,332526563,https://www.inaturalist.org/observations/332526563,984cf3bcdfa03c24283e124bc6ab08ddd7111537d63531d38c51dcc4d3bd21ad,cc-by,https://creativecommons.org/licenses/by/4.0/,current_site_code_mapping_not_historical_photo_page_capture,"(c) Brodie Cass Talbott, some rights reserved (CC BY)","Bird detection annotation; resized, cropped, and augmented for model training",platform_terms_reply_pending,2026-09-24T19:44:58.404988+00:00
inaturalist:603618855,603618855,332589842,https://www.inaturalist.org/observations/332589842,c900159c616faf8efa8b36651c1d37cb3f42136bcc6469e6ed736ce4dc09a052,cc-by,https://creativecommons.org/licenses/by/4.0/,current_site_code_mapping_not_historical_photo_page_capture,"(c) Mickey Wu, some rights reserved (CC BY)","Bird detection annotation; resized, cropped, and augmented for model training",platform_terms_reply_pending,2026-09-24T19:44:58.404988+00:00
inaturalist:603770887,603770887,332663090,https://www.inaturalist.org/observations/332663090,b2a2d1bcb9a95042f0750a0a3eb2559ac3003a558f29ee78e196a21334d74bed,cc0,https://creativecommons.org/publicdomain/zero/1.0/,current_site_code_mapping_not_historical_photo_page_capture,no rights reserved,"Bird detection annotation; resized, cropped, and augmented for model training",platform_terms_reply_pending,2026-09-24T19:44:58.404988+00:00
inaturalist:603784344,603784344,332670227,https://www.inaturalist.org/observations/332670227,a9effcfdf75a443114beb3aa4e736e55bdf3daf8b1261ccc9819f84dddcbea02,cc0,https://creativecommons.org/publicdomain/zero/1.0/,current_site_code_mapping_not_historical_photo_page_capture,no rights reserved,"Bird detection annotation; resized, cropped, and augmented for model training",platform_terms_reply_pending,2026-09-24T19:44:58.404988+00:00
inaturalist:603784374,603784374,332670229,https://www.inaturalist.org/observations/332670229,f77a717bf4d1410529214e712eaf9d1c85f1dae889d3129fea7735309a7a9416,cc0,https://creativecommons.org/publicdomain/zero/1.0/,current_site_code_mapping_not_historical_photo_page_capture,no rights reserved,"Bird detection annotation; resized, cropped, and augmented for model training",platform_terms_reply_pending,2026-09-24T19:44:58.404988+00:00
inaturalist:603792234,603792234,332673907,https://www.inaturalist.org/observations/332673907,3c14e6010785497647e46da297f14f3aa25b21ecf2ddfd73a117efd6377edc63,cc0,https://creativecommons.org/publicdomain/zero/1.0/,current_site_code_mapping_not_historical_photo_page_capture,no rights reserved,"Bird detection annotation; resized, cropped, and augmented for model training",platform_terms_reply_pending,2026-09-24T19:44:58.404988+00:00
inaturalist:603803173,603803173,332678529,https://www.inaturalist.org/observations/332678529,2f412f5f72d8d9b1ee49a27d9dae1876b8d6f786e9760c67be8740db8d37f633,cc0,https://creativecommons.org/publicdomain/zero/1.0/,current_site_code_mapping_not_historical_photo_page_capture,no rights reserved,"Bird detection annotation; resized, cropped, and augmented for model training",platform_terms_reply_pending,2026-09-24T19:44:58.404988+00:00
inaturalist:603807457,603807457,332680268,https://www.inaturalist.org/observations/332680268,67ccaad6c10af2ea0299395189fba27a75566f3cb608a790ddfb56eb916879e6,cc0,https://creativecommons.org/publicdomain/zero/1.0/,current_site_code_mapping_not_historical_photo_page_capture,no rights reserved,"Bird detection annotation; resized, cropped, and augmented for model training",platform_terms_reply_pending,2026-09-24T19:44:58.404988+00:00
inaturalist:603807508,603807508,332680278,https://www.inaturalist.org/observations/332680278,ea7e44e7a9a9c0165f4d40932a7fef4586fbe474100c4e2d3cd1487085f5011d,cc0,https://creativecommons.org/publicdomain/zero/1.0/,current_site_code_mapping_not_historical_photo_page_capture,no rights reserved,"Bird detection annotation; resized, cropped, and augmented for model training",platform_terms_reply_pending,2026-09-24T19:44:58.404988+00:00
inaturalist:603809871,603809871,332680991,https://www.inaturalist.org/observations/332680991,1549fe052d39a4de96fb4a9e3125d84951db54dce5e2e36f7852ba08577475aa,cc0,https://creativecommons.org/publicdomain/zero/1.0/,current_site_code_mapping_not_historical_photo_page_capture,no rights reserved,"Bird detection annotation; resized, cropped, and augmented for model training",platform_terms_reply_pending,2026-09-24T19:44:58.404988+00:00
inaturalist:603812238,603812238,332682982,https://www.inaturalist.org/observations/332682982,35151aea5ad6be98483c40948653c0e3fa8a6f28be12eb756ee2630003ceee7e,cc0,https://creativecommons.org/publicdomain/zero/1.0/,current_site_code_mapping_not_historical_photo_page_capture,no rights reserved,"Bird detection annotation; resized, cropped, and augmented for model training",platform_terms_reply_pending,2026-09-24T19:44:58.404988+00:00
inaturalist:604486438,604486438,333010439,https://www.inaturalist.org/observations/333010439,4ae310c44b70bb21b54cccfc30543452f586eae56f97e2a0235d683f17b146ea,cc-by,https://creativecommons.org/licenses/by/4.0/,current_site_code_mapping_not_historical_photo_page_capture,"(c) Vladislav Isaev, some rights reserved (CC BY)","Bird detection annotation; resized, cropped, and augmented for model training",platform_terms_reply_pending,2026-09-24T19:44:58.404988+00:00
inaturalist:604504238,604504238,333023879,https://www.inaturalist.org/observations/333023879,fad9d3253c1ae0f7f5df7cfc6aebdc6541bb11e20da266107d4ed32da64124a6,cc-by,https://creativecommons.org/licenses/by/4.0/,current_site_code_mapping_not_historical_photo_page_capture,"(c) Sagnik Dutta Roy, some rights reserved (CC BY)","Bird detection annotation; resized, cropped, and augmented for model training",platform_terms_reply_pending,2026-09-24T19:44:58.404988+00:00
inaturalist:605323418,605323418,333427628,https://www.inaturalist.org/observations/333427628,503ad192847f9c5978168b75fa212c0354ab138e430d2c4461e360f3d67a2bf0,cc-by,https://creativecommons.org/licenses/by/4.0/,current_site_code_mapping_not_historical_photo_page_capture,"(c) Mickey Wu, some rights reserved (CC BY)","Bird detection annotation; resized, cropped, and augmented for model training",platform_terms_reply_pending,2026-09-24T19:44:58.404988+00:00
inaturalist:605744820,605744820,333660551,https://www.inaturalist.org/observations/333660551,7c56846cfd64a6e6e043da2f438726866351975fbb521693366231e471787a4f,cc-by,https://creativecommons.org/licenses/by/4.0/,current_site_code_mapping_not_historical_photo_page_capture,"(c) Antoine Thivolle, some rights reserved (CC BY)","Bird detection annotation; resized, cropped, and augmented for model training",platform_terms_reply_pending,2026-09-24T19:44:58.404988+00:00
inaturalist:605779802,605779802,333680439,https://www.inaturalist.org/observations/333680439,421be20dae82f65fc15d340c687f7cc7677ec3ae25b0df7f1b60b57ee62f4efc,cc-by,https://creativecommons.org/licenses/by/4.0/,current_site_code_mapping_not_historical_photo_page_capture,"(c) Ryan F. Mandelbaum, some rights reserved (CC BY)","Bird detection annotation; resized, cropped, and augmented for model training",platform_terms_reply_pending,2026-09-24T19:44:58.404988+00:00
inaturalist:605779829,605779829,333680444,https://www.inaturalist.org/observations/333680444,edc2de29512627b97d994569b5c058a7f540666c096ff519041db3165096cb2c,cc-by,https://creativecommons.org/licenses/by/4.0/,current_site_code_mapping_not_historical_photo_page_capture,"(c) Ryan F. Mandelbaum, some rights reserved (CC BY)","Bird detection annotation; resized, cropped, and augmented for model training",platform_terms_reply_pending,2026-09-24T19:44:58.404988+00:00
inaturalist:606638651,606638651,334093723,https://www.inaturalist.org/observations/334093723,ae5bde7568af285967760cedecc2393105b71743395b0e75921442b3180684f9,cc-by,https://creativecommons.org/licenses/by/4.0/,current_site_code_mapping_not_historical_photo_page_capture,"(c) Wang.QG, some rights reserved (CC BY)","Bird detection annotation; resized, cropped, and augmented for model training",platform_terms_reply_pending,2026-09-24T19:44:58.404988+00:00
inaturalist:607736884,607736884,334634132,https://www.inaturalist.org/observations/334634132,7fbbb9cc3097317c87b9427dc253ef189f729996ef117b8a34dadf963290d685,cc-by,https://creativecommons.org/licenses/by/4.0/,current_site_code_mapping_not_historical_photo_page_capture,"(c) Srivatsan Ramkumar, some rights reserved (CC BY)","Bird detection annotation; resized, cropped, and augmented for model training",platform_terms_reply_pending,2026-09-24T19:44:58.404988+00:00
inaturalist:607896625,607896625,334712943,https://www.inaturalist.org/observations/334712943,642bbf8eb7f11e9ed5b01c75941910b89dd2a5123f400d2014bb56a6612171ca,cc-by,https://creativecommons.org/licenses/by/4.0/,current_site_code_mapping_not_historical_photo_page_capture,"(c) Ben Costamagna, some rights reserved (CC BY)","Bird detection annotation; resized, cropped, and augmented for model training",platform_terms_reply_pending,2026-09-24T19:44:58.404988+00:00
inaturalist:608086284,608086284,334807058,https://www.inaturalist.org/observations/334807058,0c9ed7fb9cd7eb24efa05b975f2333fa6e27501d9e3c976a9323b898997deb8d,cc0,https://creativecommons.org/publicdomain/zero/1.0/,current_site_code_mapping_not_historical_photo_page_capture,no rights reserved,"Bird detection annotation; resized, cropped, and augmented for model training",platform_terms_reply_pending,2026-09-24T19:44:58.404988+00:00
inaturalist:608380418,608380418,334948044,https://www.inaturalist.org/observations/334948044,64b66b854aad876c7fe9259d8de263c2168b223765e3af520d87fe676c3d0fa5,cc-by,https://creativecommons.org/licenses/by/4.0/,current_site_code_mapping_not_historical_photo_page_capture,"(c) Ben Costamagna, some rights reserved (CC BY)","Bird detection annotation; resized, cropped, and augmented for model training",platform_terms_reply_pending,2026-09-24T19:44:58.404988+00:00
inaturalist:608550962,608550962,335030455,https://www.inaturalist.org/observations/335030455,68b8df4eee34c9e93058e22bbc482054edef0ff98cc8c7b267551be838346d60,cc0,https://creativecommons.org/publicdomain/zero/1.0/,current_site_code_mapping_not_historical_photo_page_capture,no rights reserved,"Bird detection annotation; resized, cropped, and augmented for model training",platform_terms_reply_pending,2026-09-24T19:44:58.404988+00:00
inaturalist:608575033,608575033,335041933,https://www.inaturalist.org/observations/335041933,ecae29946a1506f8b6b128aeb2e4002a46eb45cc9ed2b719b8b8ad6cab0e7c88,cc-by,https://creativecommons.org/licenses/by/4.0/,current_site_code_mapping_not_historical_photo_page_capture,"(c) angryphyco, some rights reserved (CC BY)","Bird detection annotation; resized, cropped, and augmented for model training",platform_terms_reply_pending,2026-09-24T19:44:58.404988+00:00
inaturalist:608900421,608900421,335203463,https://www.inaturalist.org/observations/335203463,db3f55b009e5af382d246e2be60f497b0c22d77d58129d4bf161fe46a79cddbc,cc-by,https://creativecommons.org/licenses/by/4.0/,current_site_code_mapping_not_historical_photo_page_capture,"(c) PampaSorro, some rights reserved (CC BY)","Bird detection annotation; resized, cropped, and augmented for model training",platform_terms_reply_pending,2026-09-24T19:44:58.404988+00:00
inaturalist:609146477,609146477,335329054,https://www.inaturalist.org/observations/335329054,f33041241568904855c79c15f865e9169b1a3b0ec635d5d8d30860f5b25a9fa8,cc-by,https://creativecommons.org/licenses/by/4.0/,current_site_code_mapping_not_historical_photo_page_capture,"(c) Andrew Bazdyrev, some rights reserved (CC BY)","Bird detection annotation; resized, cropped, and augmented for model training",platform_terms_reply_pending,2026-09-24T19:44:58.404988+00:00
inaturalist:609159117,609159117,335332200,https://www.inaturalist.org/observations/335332200,f632877258c6947b46159c5541f46e9ba202a640cd8fc1feefc656d21853fa14,cc-by,https://creativecommons.org/licenses/by/4.0/,current_site_code_mapping_not_historical_photo_page_capture,"(c) Kelly Hu, some rights reserved (CC BY)","Bird detection annotation; resized, cropped, and augmented for model training",platform_terms_reply_pending,2026-09-24T19:44:58.404988+00:00
inaturalist:609200745,609200745,335353195,https://www.inaturalist.org/observations/335353195,d158d9dffde01813073c09456241f69dff92d771da6d3b193714749b9c5c5e87,cc-by,https://creativecommons.org/licenses/by/4.0/,current_site_code_mapping_not_historical_photo_page_capture,"(c) Ben Costamagna, some rights reserved (CC BY)","Bird detection annotation; resized, cropped, and augmented for model training",platform_terms_reply_pending,2026-09-24T19:44:58.404988+00:00
inaturalist:609421676,609421676,335462775,https://www.inaturalist.org/observations/335462775,b88a21d479633b188761093728f4ca4860621a4575b6834101a9b5adb2c7b845,cc-by,https://creativecommons.org/licenses/by/4.0/,current_site_code_mapping_not_historical_photo_page_capture,"(c) Wang.QG, some rights reserved (CC BY)","Bird detection annotation; resized, cropped, and augmented for model training",platform_terms_reply_pending,2026-09-24T19:44:58.404988+00:00
inaturalist:609610127,609610127,335555927,https://www.inaturalist.org/observations/335555927,83516a2ee832074ef3690164533790eaec7835db494708a5762b35b5a7f456f1,cc-by,https://creativecommons.org/licenses/by/4.0/,current_site_code_mapping_not_historical_photo_page_capture,"(c) angryphyco, some rights reserved (CC BY)","Bird detection annotation; resized, cropped, and augmented for model training",platform_terms_reply_pending,2026-09-24T19:44:58.404988+00:00
inaturalist:609684528,609684528,335596128,https://www.inaturalist.org/observations/335596128,fc77a5ab57344fc939a46595c3132ab0084e1ffdbeba4cee02d0212b6462b825,cc-by,https://creativecommons.org/licenses/by/4.0/,current_site_code_mapping_not_historical_photo_page_capture,"(c) Andrew Bazdyrev, some rights reserved (CC BY)","Bird detection annotation; resized, cropped, and augmented for model training",platform_terms_reply_pending,2026-09-24T19:44:58.404988+00:00
inaturalist:610119169,610119169,335807237,https://www.inaturalist.org/observations/335807237,10b2be3fbb592307311a374bcf652418870fba93c7ee0d59c40df7c65d9e125d,cc-by,https://creativecommons.org/licenses/by/4.0/,current_site_code_mapping_not_historical_photo_page_capture,"(c) Ben Costamagna, some rights reserved (CC BY)","Bird detection annotation; resized, cropped, and augmented for model training",platform_terms_reply_pending,2026-09-24T19:44:58.404988+00:00
inaturalist:611369348,611369348,336433404,https://www.inaturalist.org/observations/336433404,5cb9d13eaa04430e3afffc2c7808ea8e21f9e919793f86288fe94595a4955f32,cc0,https://creativecommons.org/publicdomain/zero/1.0/,current_site_code_mapping_not_historical_photo_page_capture,no rights reserved,"Bird detection annotation; resized, cropped, and augmented for model training",platform_terms_reply_pending,2026-09-24T19:44:58.404988+00:00
inaturalist:611369364,611369364,336433406,https://www.inaturalist.org/observations/336433406,ed76e18141e9df44d61970fefc5d8bc8a39b6948b80ddfd566b80d55c7dac15a,cc0,https://creativecommons.org/publicdomain/zero/1.0/,current_site_code_mapping_not_historical_photo_page_capture,no rights reserved,"Bird detection annotation; resized, cropped, and augmented for model training",platform_terms_reply_pending,2026-09-24T19:44:58.404988+00:00
inaturalist:611858728,611858728,336672167,https://www.inaturalist.org/observations/336672167,3a0a6069b66ad77d0255b9297843f1066d398224ad3cc7be59883f3dcf9eac03,cc-by,https://creativecommons.org/licenses/by/4.0/,current_site_code_mapping_not_historical_photo_page_capture,"(c) Ben Costamagna, some rights reserved (CC BY)","Bird detection annotation; resized, cropped, and augmented for model training",platform_terms_reply_pending,2026-09-24T19:44:58.404988+00:00
inaturalist:611885430,611885430,336686381,https://www.inaturalist.org/observations/336686381,51c8df0842ec0e16df05554c7c9f0a167b1a848337ea08f20a68c9a6c9932f2d,cc-by,https://creativecommons.org/licenses/by/4.0/,current_site_code_mapping_not_historical_photo_page_capture,"(c) Wang.QG, some rights reserved (CC BY)","Bird detection annotation; resized, cropped, and augmented for model training",platform_terms_reply_pending,2026-09-24T19:44:58.404988+00:00
inaturalist:612092145,612092145,336787280,https://www.inaturalist.org/observations/336787280,9b4d5c71c4fcc457e44d0166bb906e5c71000ab759b6fae21010391e00bc100f,cc-by,https://creativecommons.org/licenses/by/4.0/,current_site_code_mapping_not_historical_photo_page_capture,"(c) Pavel Smirnov, some rights reserved (CC BY)","Bird detection annotation; resized, cropped, and augmented for model training",platform_terms_reply_pending,2026-09-24T19:44:58.404988+00:00
inaturalist:612138223,612138223,336810387,https://www.inaturalist.org/observations/336810387,30085d60b6e725a8e820c445a39bda9212303aa8596d7467aa3f6cc3d31262a3,cc-by,https://creativecommons.org/licenses/by/4.0/,current_site_code_mapping_not_historical_photo_page_capture,"(c) Wang.QG, some rights reserved (CC BY)","Bird detection annotation; resized, cropped, and augmented for model training",platform_terms_reply_pending,2026-09-24T19:44:58.404988+00:00
inaturalist:612650120,612650120,337062188,https://www.inaturalist.org/observations/337062188,f86e982a7ebd07035907cfd46e19bee9e072ed164cf4a6ab1a2d601ae7411300,cc0,https://creativecommons.org/publicdomain/zero/1.0/,current_site_code_mapping_not_historical_photo_page_capture,no rights reserved,"Bird detection annotation; resized, cropped, and augmented for model training",platform_terms_reply_pending,2026-09-24T19:44:58.404988+00:00
inaturalist:613904427,613904427,337674979,https://www.inaturalist.org/observations/337674979,a85b20328cc6fab5bb110e1ad135e9864f57e924e48152b6e6ea051f0cac1c08,cc0,https://creativecommons.org/publicdomain/zero/1.0/,current_site_code_mapping_not_historical_photo_page_capture,no rights reserved,"Bird detection annotation; resized, cropped, and augmented for model training",platform_terms_reply_pending,2026-09-24T19:44:58.404988+00:00
inaturalist:614190035,614190035,337815012,https://www.inaturalist.org/observations/337815012,9ff42fe3c33c7fac9ea7982f973b4b283b71d3b83f7b34f46878e778be3cca64,cc-by,https://creativecommons.org/licenses/by/4.0/,current_site_code_mapping_not_historical_photo_page_capture,"(c) Pavel Smirnov, some rights reserved (CC BY)","Bird detection annotation; resized, cropped, and augmented for model training",platform_terms_reply_pending,2026-09-24T19:44:58.404988+00:00
inaturalist:614190236,614190236,337815063,https://www.inaturalist.org/observations/337815063,e5375ddae6b4cd9566396e0cf727810228995bbf69fdb3561cff23d68168a5ea,cc-by,https://creativecommons.org/licenses/by/4.0/,current_site_code_mapping_not_historical_photo_page_capture,"(c) Pavel Smirnov, some rights reserved (CC BY)","Bird detection annotation; resized, cropped, and augmented for model training",platform_terms_reply_pending,2026-09-24T19:44:58.404988+00:00
inaturalist:614195830,614195830,337816670,https://www.inaturalist.org/observations/337816670,d75851afa664fdfd5a128b485fc648bd5471d5da921c93e2701ebeb49c38daa3,cc-by,https://creativecommons.org/licenses/by/4.0/,current_site_code_mapping_not_historical_photo_page_capture,"(c) 呂一起(Lyu yi-chi), some rights reserved (CC BY)","Bird detection annotation; resized, cropped, and augmented for model training",platform_terms_reply_pending,2026-09-24T19:44:58.404988+00:00
inaturalist:614221105,614221105,337829847,https://www.inaturalist.org/observations/337829847,17f8b19a76ab8f51e64025725249467b03fc05d85a7baeafe607f30006ed52d5,cc0,https://creativecommons.org/publicdomain/zero/1.0/,current_site_code_mapping_not_historical_photo_page_capture,no rights reserved,"Bird detection annotation; resized, cropped, and augmented for model training",platform_terms_reply_pending,2026-09-24T19:44:58.404988+00:00
inaturalist:614273634,614273634,337856686,https://www.inaturalist.org/observations/337856686,272c3f476f64ad9c785be54188d481bb941a64c9100770f425c0d0860fc6bec4,cc0,https://creativecommons.org/publicdomain/zero/1.0/,current_site_code_mapping_not_historical_photo_page_capture,no rights reserved,"Bird detection annotation; resized, cropped, and augmented for model training",platform_terms_reply_pending,2026-09-24T19:44:58.404988+00:00
inaturalist:614273739,614273739,337856693,https://www.inaturalist.org/observations/337856693,72a90652684a1e138b577304f79f50dc1e29332b805538128ecd19169c01d474,cc0,https://creativecommons.org/publicdomain/zero/1.0/,current_site_code_mapping_not_historical_photo_page_capture,no rights reserved,"Bird detection annotation; resized, cropped, and augmented for model training",platform_terms_reply_pending,2026-09-24T19:44:58.404988+00:00
inaturalist:614618960,614618960,338024898,https://www.inaturalist.org/observations/338024898,766324fc4df09567707bd74df733c7a237ea8f27d01ff65857d9e59988e28dda,cc-by,https://creativecommons.org/licenses/by/4.0/,current_site_code_mapping_not_historical_photo_page_capture,"(c) Brodie Cass Talbott, some rights reserved (CC BY)","Bird detection annotation; resized, cropped, and augmented for model training",platform_terms_reply_pending,2026-09-24T19:44:58.404988+00:00
inaturalist:614618978,614618978,338024907,https://www.inaturalist.org/observations/338024907,58de7b96c6fa946370dbce7cb24ba7d3de2232ab6db4a2ab9191a048f3ec3b4b,cc-by,https://creativecommons.org/licenses/by/4.0/,current_site_code_mapping_not_historical_photo_page_capture,"(c) Brodie Cass Talbott, some rights reserved (CC BY)","Bird detection annotation; resized, cropped, and augmented for model training",platform_terms_reply_pending,2026-09-24T19:44:58.404988+00:00
inaturalist:614619092,614619092,338024941,https://www.inaturalist.org/observations/338024941,2b8c5317916d406da9c7310a6da6c3bec749d7b199320db324ac4f3311d47dbe,cc-by,https://creativecommons.org/licenses/by/4.0/,current_site_code_mapping_not_historical_photo_page_capture,"(c) Brodie Cass Talbott, some rights reserved (CC BY)","Bird detection annotation; resized, cropped, and augmented for model training",platform_terms_reply_pending,2026-09-24T19:44:58.404988+00:00
inaturalist:614631642,614631642,338029420,https://www.inaturalist.org/observations/338029420,d4e4878666f7a7cf09cf63b795aab83270909979d26c9ac96040bcbdd93ecf26,cc-by,https://creativecommons.org/licenses/by/4.0/,current_site_code_mapping_not_historical_photo_page_capture,"(c) Brodie Cass Talbott, some rights reserved (CC BY)","Bird detection annotation; resized, cropped, and augmented for model training",platform_terms_reply_pending,2026-09-24T19:44:58.404988+00:00
inaturalist:614631690,614631690,338029429,https://www.inaturalist.org/observations/338029429,c466ab6d1c886faf03d03a98a63d33a761bc2f272e79f44e8a0e95427979460d,cc-by,https://creativecommons.org/licenses/by/4.0/,current_site_code_mapping_not_historical_photo_page_capture,"(c) Brodie Cass Talbott, some rights reserved (CC BY)","Bird detection annotation; resized, cropped, and augmented for model training",platform_terms_reply_pending,2026-09-24T19:44:58.404988+00:00
inaturalist:614675442,614675442,338050882,https://www.inaturalist.org/observations/338050882,a25bb18634cd7a9c6c2ce75b9137196817b14496c863e79534a2ac4055cdecae,cc-by,https://creativecommons.org/licenses/by/4.0/,current_site_code_mapping_not_historical_photo_page_capture,"(c) Pavel Smirnov, some rights reserved (CC BY)","Bird detection annotation; resized, cropped, and augmented for model training",platform_terms_reply_pending,2026-09-24T19:44:58.404988+00:00
inaturalist:614689420,614689420,338056870,https://www.inaturalist.org/observations/338056870,4cbb445ed0ccfb160b2265887fb70297794d3b92d212df1e99d4b1b4f8ffdbdd,cc-by,https://creativecommons.org/licenses/by/4.0/,current_site_code_mapping_not_historical_photo_page_capture,"(c) Pavel Smirnov, some rights reserved (CC BY)","Bird detection annotation; resized, cropped, and augmented for model training",platform_terms_reply_pending,2026-09-24T19:44:58.404988+00:00
inaturalist:614713289,614713289,338068162,https://www.inaturalist.org/observations/338068162,43f4e6b64c922f2df795089424510751b8e3c5880f1db9f2a5cc14ad668de78e,cc-by,https://creativecommons.org/licenses/by/4.0/,current_site_code_mapping_not_historical_photo_page_capture,"(c) Pavel Smirnov, some rights reserved (CC BY)","Bird detection annotation; resized, cropped, and augmented for model training",platform_terms_reply_pending,2026-09-24T19:44:58.404988+00:00
inaturalist:615209302,615209302,338310939,https://www.inaturalist.org/observations/338310939,31464bb932a4c3ed30cca99c9e4485856fe07bcc09c3c357587a8ef6e9ad4b8f,cc-by,https://creativecommons.org/licenses/by/4.0/,current_site_code_mapping_not_historical_photo_page_capture,"(c) Mathieu Soetens, some rights reserved (CC BY)","Bird detection annotation; resized, cropped, and augmented for model training",platform_terms_reply_pending,2026-09-24T19:44:58.404988+00:00
inaturalist:615465905,615465905,338432570,https://www.inaturalist.org/observations/338432570,704c93689a5c78c0cd5425e0167f58df25ae16af467684b6bfb87a8ad94b946a,cc-by,https://creativecommons.org/licenses/by/4.0/,current_site_code_mapping_not_historical_photo_page_capture,"(c) Adrien Jailloux, some rights reserved (CC BY)","Bird detection annotation; resized, cropped, and augmented for model training",platform_terms_reply_pending,2026-09-24T19:44:58.404988+00:00
inaturalist:615656246,615656246,338592129,https://www.inaturalist.org/observations/338592129,e08dc02678d940566cefa30b597a57a2b938410c95be31a68fa69d2b2ff4d53b,cc-by,https://creativecommons.org/licenses/by/4.0/,current_site_code_mapping_not_historical_photo_page_capture,"(c) Brodie Cass Talbott, some rights reserved (CC BY)","Bird detection annotation; resized, cropped, and augmented for model training",platform_terms_reply_pending,2026-09-24T19:44:58.404988+00:00
inaturalist:615656845,615656845,338592247,https://www.inaturalist.org/observations/338592247,588747b879938c81c00c6330d1a6978e86555a8d81ff9d51faf2485dcaae5618,cc-by,https://creativecommons.org/licenses/by/4.0/,current_site_code_mapping_not_historical_photo_page_capture,"(c) Brodie Cass Talbott, some rights reserved (CC BY)","Bird detection annotation; resized, cropped, and augmented for model training",platform_terms_reply_pending,2026-09-24T19:44:58.404988+00:00
inaturalist:616165658,616165658,338785421,https://www.inaturalist.org/observations/338785421,c81fd61aff5cb011503cf904779aac91f1127fbc63ca66da3775bfe250a736be,cc-by,https://creativecommons.org/licenses/by/4.0/,current_site_code_mapping_not_historical_photo_page_capture,"(c) Brodie Cass Talbott, some rights reserved (CC BY)","Bird detection annotation; resized, cropped, and augmented for model training",platform_terms_reply_pending,2026-09-24T19:44:58.404988+00:00
inaturalist:616297117,616297117,338847818,https://www.inaturalist.org/observations/338847818,a98e52d4cffb0e0a202fc5e66d269e7e3efbb2cfbaee5f57b67e452cf6e2dde8,cc-by,https://creativecommons.org/licenses/by/4.0/,current_site_code_mapping_not_historical_photo_page_capture,"(c) Ryan F. Mandelbaum, some rights reserved (CC BY)","Bird detection annotation; resized, cropped, and augmented for model training",platform_terms_reply_pending,2026-09-24T19:44:58.404988+00:00
inaturalist:616316644,616316644,338857750,https://www.inaturalist.org/observations/338857750,b427e9f46760018b6a26c428359b0c7ece97c910d602062d308e9150f580d921,cc0,https://creativecommons.org/publicdomain/zero/1.0/,current_site_code_mapping_not_historical_photo_page_capture,no rights reserved,"Bird detection annotation; resized, cropped, and augmented for model training",platform_terms_reply_pending,2026-09-24T19:44:58.404988+00:00
inaturalist:616322778,616322778,338859507,https://www.inaturalist.org/observations/338859507,c6f4f4ee8dd39f2908500564fa21d1c92fd7b9a10bd5336334a7b221179d2399,cc0,https://creativecommons.org/publicdomain/zero/1.0/,current_site_code_mapping_not_historical_photo_page_capture,no rights reserved,"Bird detection annotation; resized, cropped, and augmented for model training",platform_terms_reply_pending,2026-09-24T19:44:58.404988+00:00
inaturalist:616546976,616546976,338980797,https://www.inaturalist.org/observations/338980797,37bb01eb3675e289bc6f15a272d67caab610e61eb7f93c6e3ad1b7770bd9e535,cc-by,https://creativecommons.org/licenses/by/4.0/,current_site_code_mapping_not_historical_photo_page_capture,"(c) Jagdish Singh Negi, some rights reserved (CC BY)","Bird detection annotation; resized, cropped, and augmented for model training",platform_terms_reply_pending,2026-09-24T19:44:58.404988+00:00
inaturalist:616548405,616548405,338980801,https://www.inaturalist.org/observations/338980801,537ee18079ce27601e6906b545d1501a58696668461e6611d19db78b56b78f96,cc-by,https://creativecommons.org/licenses/by/4.0/,current_site_code_mapping_not_historical_photo_page_capture,"(c) Jagdish Singh Negi, some rights reserved (CC BY)","Bird detection annotation; resized, cropped, and augmented for model training",platform_terms_reply_pending,2026-09-24T19:44:58.404988+00:00
inaturalist:616554829,616554829,338983430,https://www.inaturalist.org/observations/338983430,98200ded64f8bb2ad680174d66f6d1f984b9ede7e2c46b3021675f1939942ef5,cc-by,https://creativecommons.org/licenses/by/4.0/,current_site_code_mapping_not_historical_photo_page_capture,"(c) Jagdish Singh Negi, some rights reserved (CC BY)","Bird detection annotation; resized, cropped, and augmented for model training",platform_terms_reply_pending,2026-09-24T19:44:58.404988+00:00
inaturalist:616555129,616555129,338983460,https://www.inaturalist.org/observations/338983460,a501ed6712ca9ff9cc728f4ccff86ce011b69c99eedfa7f7589d95ba06cb6b1e,cc-by,https://creativecommons.org/licenses/by/4.0/,current_site_code_mapping_not_historical_photo_page_capture,"(c) Jagdish Singh Negi, some rights reserved (CC BY)","Bird detection annotation; resized, cropped, and augmented for model training",platform_terms_reply_pending,2026-09-24T19:44:58.404988+00:00
inaturalist:616594890,616594890,339002640,https://www.inaturalist.org/observations/339002640,cadd98ddf8cba7e86f20f5316d53650cbc381536a5d159c6256bfc4607721578,cc0,https://creativecommons.org/publicdomain/zero/1.0/,current_site_code_mapping_not_historical_photo_page_capture,no rights reserved,"Bird detection annotation; resized, cropped, and augmented for model training",platform_terms_reply_pending,2026-09-24T19:44:58.404988+00:00
inaturalist:616599005,616599005,339004553,https://www.inaturalist.org/observations/339004553,08f5143537c7fa479d6b637159d54ae18e38d3912a0c8d0ffff7c7d124522593,cc0,https://creativecommons.org/publicdomain/zero/1.0/,current_site_code_mapping_not_historical_photo_page_capture,no rights reserved,"Bird detection annotation; resized, cropped, and augmented for model training",platform_terms_reply_pending,2026-09-24T19:44:58.404988+00:00
inaturalist:616600842,616600842,339005367,https://www.inaturalist.org/observations/339005367,5f2b7d272066bd9bde201e4cde671eca12a1cc5926eee1ec7bc2ef91d767a16d,cc-by,https://creativecommons.org/licenses/by/4.0/,current_site_code_mapping_not_historical_photo_page_capture,"(c) Yi CHEN, some rights reserved (CC BY)","Bird detection annotation; resized, cropped, and augmented for model training",platform_terms_reply_pending,2026-09-24T19:44:58.404988+00:00
inaturalist:616682277,616682277,339047118,https://www.inaturalist.org/observations/339047118,b010c5a7e5f1ac3607392cae7cf40d4b8f7a24ff9e81ee2b7dab77a45163b203,cc-by,https://creativecommons.org/licenses/by/4.0/,current_site_code_mapping_not_historical_photo_page_capture,"(c) Brodie Cass Talbott, some rights reserved (CC BY)","Bird detection annotation; resized, cropped, and augmented for model training",platform_terms_reply_pending,2026-09-24T19:44:58.404988+00:00
inaturalist:616688239,616688239,339050593,https://www.inaturalist.org/observations/339050593,8cde49025d8d4d4cb5fabd7624bf612a30052895833573f8ea1454e8e38d5744,cc-by,https://creativecommons.org/licenses/by/4.0/,current_site_code_mapping_not_historical_photo_page_capture,"(c) Brodie Cass Talbott, some rights reserved (CC BY)","Bird detection annotation; resized, cropped, and augmented for model training",platform_terms_reply_pending,2026-09-24T19:44:58.404988+00:00
inaturalist:616761785,616761785,339089489,https://www.inaturalist.org/observations/339089489,e8206b55f19d804b1fb9479bafe681343709f6505a2bf0d1448dabcc6997dfeb,cc-by,https://creativecommons.org/licenses/by/4.0/,current_site_code_mapping_not_historical_photo_page_capture,"(c) Kalvin Chan, some rights reserved (CC BY)","Bird detection annotation; resized, cropped, and augmented for model training",platform_terms_reply_pending,2026-09-24T19:44:58.404988+00:00
inaturalist:616761786,616761786,339089490,https://www.inaturalist.org/observations/339089490,c2303ff4b8bf86d90cf36a5c30baadc72aac6fa8437919ea196238317978c3a7,cc-by,https://creativecommons.org/licenses/by/4.0/,current_site_code_mapping_not_historical_photo_page_capture,"(c) Kalvin Chan, some rights reserved (CC BY)","Bird detection annotation; resized, cropped, and augmented for model training",platform_terms_reply_pending,2026-09-24T19:44:58.404988+00:00
inaturalist:617110041,617110041,339254638,https://www.inaturalist.org/observations/339254638,9d98175d5a455d698dc4f5fbd95e8a9a9c7b2802b56d17b8a3bbf17aaba350b1,cc-by,https://creativecommons.org/licenses/by/4.0/,current_site_code_mapping_not_historical_photo_page_capture,"(c) Sagnik Dutta Roy, some rights reserved (CC BY)","Bird detection annotation; resized, cropped, and augmented for model training",platform_terms_reply_pending,2026-09-24T19:44:58.404988+00:00
inaturalist:617147226,617147226,339270463,https://www.inaturalist.org/observations/339270463,9ed1a7faf99d67e472fad6118e03f4e0f486f7ca9842f6fa69e2e46f4c8b5f66,cc-by,https://creativecommons.org/licenses/by/4.0/,current_site_code_mapping_not_historical_photo_page_capture,"(c) Ben Costamagna, some rights reserved (CC BY)","Bird detection annotation; resized, cropped, and augmented for model training",platform_terms_reply_pending,2026-09-24T19:44:58.404988+00:00
inaturalist:617165634,617165634,339279148,https://www.inaturalist.org/observations/339279148,d25382db7aaae309d8564778604814f819124348e24bb85914aea309ca045c6b,cc-by,https://creativecommons.org/licenses/by/4.0/,current_site_code_mapping_not_historical_photo_page_capture,"(c) angryphyco, some rights reserved (CC BY)","Bird detection annotation; resized, cropped, and augmented for model training",platform_terms_reply_pending,2026-09-24T19:44:58.404988+00:00
inaturalist:617207319,617207319,339301835,https://www.inaturalist.org/observations/339301835,5b60ad034b6c3656d09055fd04b818f997ee4821e4a229f33fd025db35c8f018,cc-by,https://creativecommons.org/licenses/by/4.0/,current_site_code_mapping_not_historical_photo_page_capture,"(c) Ajay, some rights reserved (CC BY)","Bird detection annotation; resized, cropped, and augmented for model training",platform_terms_reply_pending,2026-09-24T19:44:58.404988+00:00
inaturalist:617299196,617299196,339345735,https://www.inaturalist.org/observations/339345735,ef8a8b8a5a4bdeeb0ae4ff976fead84526497ac6f6ef9f2b7e2b729519c8ed83,cc0,https://creativecommons.org/publicdomain/zero/1.0/,current_site_code_mapping_not_historical_photo_page_capture,no rights reserved,"Bird detection annotation; resized, cropped, and augmented for model training",platform_terms_reply_pending,2026-09-24T19:44:58.404988+00:00
inaturalist:617368006,617368006,339380032,https://www.inaturalist.org/observations/339380032,a90c55d275f6a4aeb3c76fdab20d875c59960e0dd23a1dbd1a5fb4e1549c8656,cc-by,https://creativecommons.org/licenses/by/4.0/,current_site_code_mapping_not_historical_photo_page_capture,"(c) Kalvin Chan, some rights reserved (CC BY)","Bird detection annotation; resized, cropped, and augmented for model training",platform_terms_reply_pending,2026-09-24T19:44:58.404988+00:00
inaturalist:617370715,617370715,339382708,https://www.inaturalist.org/observations/339382708,20a29674b81a7af10848377524aa5e167d3329f0ed2730980f194ee0d8f225ff,cc-by,https://creativecommons.org/licenses/by/4.0/,current_site_code_mapping_not_historical_photo_page_capture,"(c) Kalvin Chan, some rights reserved (CC BY)","Bird detection annotation; resized, cropped, and augmented for model training",platform_terms_reply_pending,2026-09-24T19:44:58.404988+00:00
inaturalist:617370721,617370721,339382710,https://www.inaturalist.org/observations/339382710,ded49478bc892ff394c4264c21877580a2861223433e9e8d3541c9a8e3e59eb2,cc-by,https://creativecommons.org/licenses/by/4.0/,current_site_code_mapping_not_historical_photo_page_capture,"(c) Kalvin Chan, some rights reserved (CC BY)","Bird detection annotation; resized, cropped, and augmented for model training",platform_terms_reply_pending,2026-09-24T19:44:58.404988+00:00
inaturalist:617370801,617370801,339382858,https://www.inaturalist.org/observations/339382858,100806955b0fdd21caa4ba8c5d0e78a6d13edc3edea2362c606060334ce887e4,cc-by,https://creativecommons.org/licenses/by/4.0/,current_site_code_mapping_not_historical_photo_page_capture,"(c) Kalvin Chan, some rights reserved (CC BY)","Bird detection annotation; resized, cropped, and augmented for model training",platform_terms_reply_pending,2026-09-24T19:44:58.404988+00:00
inaturalist:617370894,617370894,339383160,https://www.inaturalist.org/observations/339383160,2442368a1f6dc498638d2c0edb842d14409c822f5bb92f79d4650247ec514bdc,cc-by,https://creativecommons.org/licenses/by/4.0/,current_site_code_mapping_not_historical_photo_page_capture,"(c) Kalvin Chan, some rights reserved (CC BY)","Bird detection annotation; resized, cropped, and augmented for model training",platform_terms_reply_pending,2026-09-24T19:44:58.404988+00:00
inaturalist:617371009,617371009,339383290,https://www.inaturalist.org/observations/339383290,71c72d5b0465471c17870098562e6600e94de62340897c8f4f8d73e0e4d6e3e8,cc-by,https://creativecommons.org/licenses/by/4.0/,current_site_code_mapping_not_historical_photo_page_capture,"(c) Kalvin Chan, some rights reserved (CC BY)","Bird detection annotation; resized, cropped, and augmented for model training",platform_terms_reply_pending,2026-09-24T19:44:58.404988+00:00
inaturalist:617371019,617371019,339383298,https://www.inaturalist.org/observations/339383298,0b4070a1f809c5964388d44b409eb6764562235b1f32ad58e8ed0996d0d2b402,cc-by,https://creativecommons.org/licenses/by/4.0/,current_site_code_mapping_not_historical_photo_page_capture,"(c) Kalvin Chan, some rights reserved (CC BY)","Bird detection annotation; resized, cropped, and augmented for model training",platform_terms_reply_pending,2026-09-24T19:44:58.404988+00:00
inaturalist:617424646,617424646,339406348,https://www.inaturalist.org/observations/339406348,0d8ca87d7d8ae7ab1febba8263b0f7a0d495a9b685ace21ba0cfb11a75ac69be,cc-by,https://creativecommons.org/licenses/by/4.0/,current_site_code_mapping_not_historical_photo_page_capture,"(c) rashidchan, some rights reserved (CC BY)","Bird detection annotation; resized, cropped, and augmented for model training",platform_terms_reply_pending,2026-09-24T19:44:58.404988+00:00
inaturalist:617508315,617508315,339457557,https://www.inaturalist.org/observations/339457557,6edce75818ed24342d40bb3aeb84636e8a42b9ac75ba7cbdd1be2615752bba13,cc-by,https://creativecommons.org/licenses/by/4.0/,current_site_code_mapping_not_historical_photo_page_capture,"(c) Brodie Cass Talbott, some rights reserved (CC BY)","Bird detection annotation; resized, cropped, and augmented for model training",platform_terms_reply_pending,2026-09-24T19:44:58.404988+00:00
inaturalist:617508578,617508578,339457608,https://www.inaturalist.org/observations/339457608,e3cea684785bbf6d500d491a3d7d387198a3f647ce2a42ada34b50e3716f992d,cc-by,https://creativecommons.org/licenses/by/4.0/,current_site_code_mapping_not_historical_photo_page_capture,"(c) Brodie Cass Talbott, some rights reserved (CC BY)","Bird detection annotation; resized, cropped, and augmented for model training",platform_terms_reply_pending,2026-09-24T19:44:58.404988+00:00
inaturalist:617508935,617508935,339457634,https://www.inaturalist.org/observations/339457634,f1b59f86edafc20e1d199681b7e034c650f9da145fce494e2297e21021703556,cc-by,https://creativecommons.org/licenses/by/4.0/,current_site_code_mapping_not_historical_photo_page_capture,"(c) Brodie Cass Talbott, some rights reserved (CC BY)","Bird detection annotation; resized, cropped, and augmented for model training",platform_terms_reply_pending,2026-09-24T19:44:58.404988+00:00
inaturalist:617509584,617509584,339457715,https://www.inaturalist.org/observations/339457715,e313169bc3fb84cabebce6c83345509ccb74c9e627e7a251d21d46a91d77d923,cc-by,https://creativecommons.org/licenses/by/4.0/,current_site_code_mapping_not_historical_photo_page_capture,"(c) Brodie Cass Talbott, some rights reserved (CC BY)","Bird detection annotation; resized, cropped, and augmented for model training",platform_terms_reply_pending,2026-09-24T19:44:58.404988+00:00
inaturalist:617716412,617716412,339549823,https://www.inaturalist.org/observations/339549823,c98155b9ebcf0b4fa13a75bb5eb5eb7ac482470226151b20581f1eaab40470a0,cc0,https://creativecommons.org/publicdomain/zero/1.0/,current_site_code_mapping_not_historical_photo_page_capture,no rights reserved,"Bird detection annotation; resized, cropped, and augmented for model training",platform_terms_reply_pending,2026-09-24T19:44:58.404988+00:00
inaturalist:617758601,617758601,339570570,https://www.inaturalist.org/observations/339570570,0e984a342d7f77267320607897f5aadc4b04562daf505658a481bf43d6f4c131,cc0,https://creativecommons.org/publicdomain/zero/1.0/,current_site_code_mapping_not_historical_photo_page_capture,no rights reserved,"Bird detection annotation; resized, cropped, and augmented for model training",platform_terms_reply_pending,2026-09-24T19:44:58.404988+00:00
inaturalist:617903012,617903012,339644010,https://www.inaturalist.org/observations/339644010,092d8e8d10e49acf05475d502463fd966b9c83985dea4de4e96b7d3178dd8c7a,cc0,https://creativecommons.org/publicdomain/zero/1.0/,current_site_code_mapping_not_historical_photo_page_capture,no rights reserved,"Bird detection annotation; resized, cropped, and augmented for model training",platform_terms_reply_pending,2026-09-24T19:44:58.404988+00:00
inaturalist:617909224,617909224,339647469,https://www.inaturalist.org/observations/339647469,7960d85dbe91023af21bc0ee85baa06bc5cfe9d159b4c163f42d1bd85f4d8a43,cc-by,https://creativecommons.org/licenses/by/4.0/,current_site_code_mapping_not_historical_photo_page_capture,"(c) Brian Henderson, some rights reserved (CC BY)","Bird detection annotation; resized, cropped, and augmented for model training",platform_terms_reply_pending,2026-09-24T19:44:58.404988+00:00
inaturalist:618047758,618047758,339715325,https://www.inaturalist.org/observations/339715325,971f6a8c1a9efd8ab5dcc078f8821582c7ceb851405c70b2590792d740b6b867,cc-by,https://creativecommons.org/licenses/by/4.0/,current_site_code_mapping_not_historical_photo_page_capture,"(c) Mathieu Soetens, some rights reserved (CC BY)","Bird detection annotation; resized, cropped, and augmented for model training",platform_terms_reply_pending,2026-09-24T19:44:58.404988+00:00
inaturalist:618240881,618240881,339810298,https://www.inaturalist.org/observations/339810298,f30731a07ca520c9cb48d102850d9cc484a8a0cfa79b8f28b453bf84027e27a6,cc0,https://creativecommons.org/publicdomain/zero/1.0/,current_site_code_mapping_not_historical_photo_page_capture,no rights reserved,"Bird detection annotation; resized, cropped, and augmented for model training",platform_terms_reply_pending,2026-09-24T19:44:58.404988+00:00
inaturalist:618381691,618381691,339878467,https://www.inaturalist.org/observations/339878467,e1e0893e9f661b5a1f44b7dc11f611ac88e7c3b8c8cb050dbd01f1f92d331b77,cc0,https://creativecommons.org/publicdomain/zero/1.0/,current_site_code_mapping_not_historical_photo_page_capture,no rights reserved,"Bird detection annotation; resized, cropped, and augmented for model training",platform_terms_reply_pending,2026-09-24T19:44:58.404988+00:00
inaturalist:618479242,618479242,339926784,https://www.inaturalist.org/observations/339926784,3535050cf82a81255030947ee41731d1f875edb7f0f31293d45ab6123e2051b3,cc-by,https://creativecommons.org/licenses/by/4.0/,current_site_code_mapping_not_historical_photo_page_capture,"(c) Ben Costamagna, some rights reserved (CC BY)","Bird detection annotation; resized, cropped, and augmented for model training",platform_terms_reply_pending,2026-09-24T19:44:58.404988+00:00
inaturalist:618851735,618851735,340266536,https://www.inaturalist.org/observations/340266536,437edfaafe3890ee95f189ab1ee71ef8881b83c147a91a6bb09eef9b542ba33b,cc-by,https://creativecommons.org/licenses/by/4.0/,current_site_code_mapping_not_historical_photo_page_capture,"(c) Jason Alexander, some rights reserved (CC BY)","Bird detection annotation; resized, cropped, and augmented for model training",platform_terms_reply_pending,2026-09-24T19:44:58.404988+00:00
inaturalist:618852021,618852021,340266601,https://www.inaturalist.org/observations/340266601,3f5c929c150111ef336fd78c55f1c2f44a21fda17c79e81afc4dec836cc04a5b,cc-by,https://creativecommons.org/licenses/by/4.0/,current_site_code_mapping_not_historical_photo_page_capture,"(c) Jason Alexander, some rights reserved (CC BY)","Bird detection annotation; resized, cropped, and augmented for model training",platform_terms_reply_pending,2026-09-24T19:44:58.404988+00:00
inaturalist:618933903,618933903,340144936,https://www.inaturalist.org/observations/340144936,674b8d7979b18e940235af8b9940b4586673bda7a85e87af57c60e4cc0393c64,cc0,https://creativecommons.org/publicdomain/zero/1.0/,current_site_code_mapping_not_historical_photo_page_capture,no rights reserved,"Bird detection annotation; resized, cropped, and augmented for model training",platform_terms_reply_pending,2026-09-24T19:44:58.404988+00:00
inaturalist:618934020,618934020,340145012,https://www.inaturalist.org/observations/340145012,72e9c6ee902d2bac90b2dd55c319db5e8f1b88937e8aed98e2e9435b41df5de4,cc0,https://creativecommons.org/publicdomain/zero/1.0/,current_site_code_mapping_not_historical_photo_page_capture,no rights reserved,"Bird detection annotation; resized, cropped, and augmented for model training",platform_terms_reply_pending,2026-09-24T19:44:58.404988+00:00
inaturalist:618934389,618934389,340145205,https://www.inaturalist.org/observations/340145205,f2fa188a1e701fe87ac62279aaa7c013c42a0525b37b47b9f82516b4281f90db,cc0,https://creativecommons.org/publicdomain/zero/1.0/,current_site_code_mapping_not_historical_photo_page_capture,no rights reserved,"Bird detection annotation; resized, cropped, and augmented for model training",platform_terms_reply_pending,2026-09-24T19:44:58.404988+00:00
inaturalist:618936453,618936453,340146269,https://www.inaturalist.org/observations/340146269,465cab24c47f58d97a07e1a65ea38a6439a4a04d6244b5c43e4fc04243dc824b,cc0,https://creativecommons.org/publicdomain/zero/1.0/,current_site_code_mapping_not_historical_photo_page_capture,no rights reserved,"Bird detection annotation; resized, cropped, and augmented for model training",platform_terms_reply_pending,2026-09-24T19:44:58.404988+00:00
inaturalist:618937555,618937555,340147006,https://www.inaturalist.org/observations/340147006,2610334be31a3ba6104bd7f6cbee9029af9b05b2788f1d633ce840164c080207,cc0,https://creativecommons.org/publicdomain/zero/1.0/,current_site_code_mapping_not_historical_photo_page_capture,no rights reserved,"Bird detection annotation; resized, cropped, and augmented for model training",platform_terms_reply_pending,2026-09-24T19:44:58.404988+00:00
inaturalist:618939909,618939909,340148068,https://www.inaturalist.org/observations/340148068,5faa6e9460cb34eb2bd021fefe6f48d971c9c234cdc1e60c59e7088745d922b4,cc0,https://creativecommons.org/publicdomain/zero/1.0/,current_site_code_mapping_not_historical_photo_page_capture,no rights reserved,"Bird detection annotation; resized, cropped, and augmented for model training",platform_terms_reply_pending,2026-09-24T19:44:58.404988+00:00
inaturalist:619189107,619189107,340270821,https://www.inaturalist.org/observations/340270821,f65ee3297402438860345f93e4c3455eb84874e68c833bb584b1ac1ee586934e,cc-by,https://creativecommons.org/licenses/by/4.0/,current_site_code_mapping_not_historical_photo_page_capture,"(c) avocat, some rights reserved (CC BY)","Bird detection annotation; resized, cropped, and augmented for model training",platform_terms_reply_pending,2026-09-24T19:44:58.404988+00:00
inaturalist:619388144,619388144,340370854,https://www.inaturalist.org/observations/340370854,b8a0464a131a33f1ab105df7ccdf60f650eda6ba1c8e41118736fc750ca2b58c,cc-by,https://creativecommons.org/licenses/by/4.0/,current_site_code_mapping_not_historical_photo_page_capture,"(c) Kai Squires, some rights reserved (CC BY)","Bird detection annotation; resized, cropped, and augmented for model training",platform_terms_reply_pending,2026-09-24T19:44:58.404988+00:00
inaturalist:619430018,619430018,340390474,https://www.inaturalist.org/observations/340390474,bd3ab1a01f8ce69ce7b0004f35b2de71cf3ca33673c6c3a637b19603aa4c7e15,cc-by,https://creativecommons.org/licenses/by/4.0/,current_site_code_mapping_not_historical_photo_page_capture,"(c) Tim, some rights reserved (CC BY)","Bird detection annotation; resized, cropped, and augmented for model training",platform_terms_reply_pending,2026-09-24T19:44:58.404988+00:00
inaturalist:619434706,619434706,340392865,https://www.inaturalist.org/observations/340392865,60ff03fd00d74ac83910580af677c2d46d3f7c5e753d022d70d3a887bf042fc2,cc-by,https://creativecommons.org/licenses/by/4.0/,current_site_code_mapping_not_historical_photo_page_capture,"(c) Tim, some rights reserved (CC BY)","Bird detection annotation; resized, cropped, and augmented for model training",platform_terms_reply_pending,2026-09-24T19:44:58.404988+00:00
inaturalist:619785384,619785384,340565468,https://www.inaturalist.org/observations/340565468,084b3cfdb9232d4a6bdfd47f09e8d42113735aa0b081fa6c1755c48d1f0a0c8e,cc-by,https://creativecommons.org/licenses/by/4.0/,current_site_code_mapping_not_historical_photo_page_capture,"(c) Ben Costamagna, some rights reserved (CC BY)","Bird detection annotation; resized, cropped, and augmented for model training",platform_terms_reply_pending,2026-09-24T19:44:58.404988+00:00
inaturalist:620472393,620472393,340905290,https://www.inaturalist.org/observations/340905290,d50c80ccab43ce73485501f6b170622ab0c5b0267f517c1962b4f65d1f125f9e,cc-by,https://creativecommons.org/licenses/by/4.0/,current_site_code_mapping_not_historical_photo_page_capture,"(c) Mathieu Soetens, some rights reserved (CC BY)","Bird detection annotation; resized, cropped, and augmented for model training",platform_terms_reply_pending,2026-09-24T19:44:58.404988+00:00
inaturalist:620755917,620755917,341043571,https://www.inaturalist.org/observations/341043571,1741d56ea71e893a802d479b0a9b69afcaf73cf5d99c5edf847d6eaaef089bcd,cc-by,https://creativecommons.org/licenses/by/4.0/,current_site_code_mapping_not_historical_photo_page_capture,"(c) Mathieu Soetens, some rights reserved (CC BY)","Bird detection annotation; resized, cropped, and augmented for model training",platform_terms_reply_pending,2026-09-24T19:44:58.404988+00:00
inaturalist:620817134,620817134,341200842,https://www.inaturalist.org/observations/341200842,d943d2493ba2f7b5b6fa0ae0260602fd63910057c143fffdb6c9be71c546e1b6,cc-by,https://creativecommons.org/licenses/by/4.0/,current_site_code_mapping_not_historical_photo_page_capture,"(c) Jason Alexander, some rights reserved (CC BY)","Bird detection annotation; resized, cropped, and augmented for model training",platform_terms_reply_pending,2026-09-24T19:44:58.404988+00:00
inaturalist:621406231,621406231,341356454,https://www.inaturalist.org/observations/341356454,0713258de967f4a0ae429e9396f7ea4181cc9653e35b1afd2415ed4fd3e281f1,cc-by,https://creativecommons.org/licenses/by/4.0/,current_site_code_mapping_not_historical_photo_page_capture,"(c) Matt Benjamin, some rights reserved (CC BY)","Bird detection annotation; resized, cropped, and augmented for model training",platform_terms_reply_pending,2026-09-24T19:44:58.404988+00:00
inaturalist:622396338,622396338,341842106,https://www.inaturalist.org/observations/341842106,da9c69c985fba976f1ff0121302b38337f132aae4d69c54b5c4316fa27a58c78,cc-by,https://creativecommons.org/licenses/by/4.0/,current_site_code_mapping_not_historical_photo_page_capture,"(c) Evgenii Iaitskii, some rights reserved (CC BY)","Bird detection annotation; resized, cropped, and augmented for model training",platform_terms_reply_pending,2026-09-24T19:44:58.404988+00:00
inaturalist:622837049,622837049,342061838,https://www.inaturalist.org/observations/342061838,69f9ca1723b032a5109394fcdcbe9572c9e705a28d80a4ed0d3164d916db8d3e,cc-by,https://creativecommons.org/licenses/by/4.0/,current_site_code_mapping_not_historical_photo_page_capture,"(c) rashidchan, some rights reserved (CC BY)","Bird detection annotation; resized, cropped, and augmented for model training",platform_terms_reply_pending,2026-09-24T19:44:58.404988+00:00
inaturalist:623151890,623151890,342218337,https://www.inaturalist.org/observations/342218337,546410e3a809e339676e4d28cc3dff6a2dd43f510473439ac9db1fe7a88492c4,cc0,https://creativecommons.org/publicdomain/zero/1.0/,current_site_code_mapping_not_historical_photo_page_capture,no rights reserved,"Bird detection annotation; resized, cropped, and augmented for model training",platform_terms_reply_pending,2026-09-24T19:44:58.404988+00:00
inaturalist:623759328,623759328,342520211,https://www.inaturalist.org/observations/342520211,ddccb6ac999e85565bc9daee506fc18b1818ba0f797429a99794293253810300,cc-by,https://creativecommons.org/licenses/by/4.0/,current_site_code_mapping_not_historical_photo_page_capture,"(c) Mark Clarke, some rights reserved (CC BY)","Bird detection annotation; resized, cropped, and augmented for model training",platform_terms_reply_pending,2026-09-24T19:44:58.404988+00:00
inaturalist:623847921,623847921,342560428,https://www.inaturalist.org/observations/342560428,4e6e9a9a07ce44e1e53b802b0e94364eef008e7322ab29b780689f9ac173a21b,cc-by,https://creativecommons.org/licenses/by/4.0/,current_site_code_mapping_not_historical_photo_page_capture,"(c) Wang.QG, some rights reserved (CC BY)","Bird detection annotation; resized, cropped, and augmented for model training",platform_terms_reply_pending,2026-09-24T19:44:58.404988+00:00
inaturalist:624035261,624035261,342661072,https://www.inaturalist.org/observations/342661072,ee27be8e503cfe92e86516337b984bf81e32cd570d87471472a524fe0f8575fc,cc-by,https://creativecommons.org/licenses/by/4.0/,current_site_code_mapping_not_historical_photo_page_capture,"(c) Mark Clarke, some rights reserved (CC BY)","Bird detection annotation; resized, cropped, and augmented for model training",platform_terms_reply_pending,2026-09-24T19:44:58.404988+00:00
inaturalist:624358107,624358107,342827774,https://www.inaturalist.org/observations/342827774,629a5cdfc04e2bb8daa29cec91b477aa4a44f4cc65f75f9ab4b2809ec91a4ad6,cc-by,https://creativecommons.org/licenses/by/4.0/,current_site_code_mapping_not_historical_photo_page_capture,"(c) Mark Clarke, some rights reserved (CC BY)","Bird detection annotation; resized, cropped, and augmented for model training",platform_terms_reply_pending,2026-09-24T19:44:58.404988+00:00
inaturalist:624829769,624829769,343057963,https://www.inaturalist.org/observations/343057963,99760c023b006d66f288dbb014b9c1dc815809593fee89045c0f50bebb652a59,cc-by,https://creativecommons.org/licenses/by/4.0/,current_site_code_mapping_not_historical_photo_page_capture,"(c) 夏仲归, some rights reserved (CC BY)","Bird detection annotation; resized, cropped, and augmented for model training",platform_terms_reply_pending,2026-09-24T19:44:58.404988+00:00
inaturalist:624829781,624829781,343057964,https://www.inaturalist.org/observations/343057964,5c0e521af17fb5dd965ef6dec45094959c8a1b4f00f62d4a23868c268f1df4cc,cc-by,https://creativecommons.org/licenses/by/4.0/,current_site_code_mapping_not_historical_photo_page_capture,"(c) 夏仲归, some rights reserved (CC BY)","Bird detection annotation; resized, cropped, and augmented for model training",platform_terms_reply_pending,2026-09-24T19:44:58.404988+00:00
inaturalist:624829946,624829946,343057968,https://www.inaturalist.org/observations/343057968,c286681de7bc502621909fe82164f4d0d3d9140a6e64f29a9b07e23b7845cc57,cc-by,https://creativecommons.org/licenses/by/4.0/,current_site_code_mapping_not_historical_photo_page_capture,"(c) 夏仲归, some rights reserved (CC BY)","Bird detection annotation; resized, cropped, and augmented for model training",platform_terms_reply_pending,2026-09-24T19:44:58.404988+00:00
inaturalist:624829970,624829970,343057976,https://www.inaturalist.org/observations/343057976,8eac2ee06798432f908060bf94a5a85bb45687bd2cae2222dadf4f88dd7d956c,cc-by,https://creativecommons.org/licenses/by/4.0/,current_site_code_mapping_not_historical_photo_page_capture,"(c) 夏仲归, some rights reserved (CC BY)","Bird detection annotation; resized, cropped, and augmented for model training",platform_terms_reply_pending,2026-09-24T19:44:58.404988+00:00
inaturalist:624859324,624859324,343071879,https://www.inaturalist.org/observations/343071879,0bbb09d53df865693f9dff406d988d33d8488198ccdd3a1f32b19654ad5d7c9a,cc0,https://creativecommons.org/publicdomain/zero/1.0/,current_site_code_mapping_not_historical_photo_page_capture,no rights reserved,"Bird detection annotation; resized, cropped, and augmented for model training",platform_terms_reply_pending,2026-09-24T19:44:58.404988+00:00
inaturalist:624877431,624877431,343084764,https://www.inaturalist.org/observations/343084764,09f2919b92c33cf0b70d38aa7c7d0a75123ecd1b2f12e9f46d85b9d7990ef983,cc-by,https://creativecommons.org/licenses/by/4.0/,current_site_code_mapping_not_historical_photo_page_capture,"(c) Licheng Shih, some rights reserved (CC BY)","Bird detection annotation; resized, cropped, and augmented for model training",platform_terms_reply_pending,2026-09-24T19:44:58.404988+00:00
inaturalist:625666866,625666866,343467990,https://www.inaturalist.org/observations/343467990,9a3f79bb8855881d5efcdf7f069f7c2f3b6ecf7d8d26acd0d987ef249153f7b7,cc-by,https://creativecommons.org/licenses/by/4.0/,current_site_code_mapping_not_historical_photo_page_capture,"(c) Peter Nathaniel Boyer, some rights reserved (CC BY)","Bird detection annotation; resized, cropped, and augmented for model training",platform_terms_reply_pending,2026-09-24T19:44:58.404988+00:00
inaturalist:625666904,625666904,343468007,https://www.inaturalist.org/observations/343468007,13d51646e7d1da25d324b9b850d233f5277a0293c81b2dedc48b5e88de8ddff9,cc-by,https://creativecommons.org/licenses/by/4.0/,current_site_code_mapping_not_historical_photo_page_capture,"(c) Peter Nathaniel Boyer, some rights reserved (CC BY)","Bird detection annotation; resized, cropped, and augmented for model training",platform_terms_reply_pending,2026-09-24T19:44:58.404988+00:00
inaturalist:625679804,625679804,343477505,https://www.inaturalist.org/observations/343477505,02b54e066008fca13fc9b76670424cf666eb8ee6f904a75a5d0ef59f2d8aa229,cc-by,https://creativecommons.org/licenses/by/4.0/,current_site_code_mapping_not_historical_photo_page_capture,"(c) Jiao Sun (孙娇), some rights reserved (CC BY)","Bird detection annotation; resized, cropped, and augmented for model training",platform_terms_reply_pending,2026-09-24T19:44:58.404988+00:00
inaturalist:625792461,625792461,343532279,https://www.inaturalist.org/observations/343532279,d367236934360b2d346d73b15a196381c8413a64e8c01fd0555ef6342adbc550,cc-by,https://creativecommons.org/licenses/by/4.0/,current_site_code_mapping_not_historical_photo_page_capture,"(c) Jiao Sun (孙娇), some rights reserved (CC BY)","Bird detection annotation; resized, cropped, and augmented for model training",platform_terms_reply_pending,2026-09-24T19:44:58.404988+00:00
inaturalist:625792515,625792515,343532286,https://www.inaturalist.org/observations/343532286,5fc8a655d60edecf10b0f5ff6a4ddebe4c814c9f46f2b2c2ccb8682b56493ec8,cc-by,https://creativecommons.org/licenses/by/4.0/,current_site_code_mapping_not_historical_photo_page_capture,"(c) Jiao Sun (孙娇), some rights reserved (CC BY)","Bird detection annotation; resized, cropped, and augmented for model training",platform_terms_reply_pending,2026-09-24T19:44:58.404988+00:00
inaturalist:625792559,625792559,343532290,https://www.inaturalist.org/observations/343532290,d4c3410a2e62dd50168c3f4def7bba366d7e8a9db9a056018a1e85915b289856,cc-by,https://creativecommons.org/licenses/by/4.0/,current_site_code_mapping_not_historical_photo_page_capture,"(c) Jiao Sun (孙娇), some rights reserved (CC BY)","Bird detection annotation; resized, cropped, and augmented for model training",platform_terms_reply_pending,2026-09-24T19:44:58.404988+00:00
inaturalist:625792637,625792637,343532303,https://www.inaturalist.org/observations/343532303,8bee5017d9b6ee2e24a510bcf3baa3af1944f8cf6d3a77839435b793eb0ec93e,cc-by,https://creativecommons.org/licenses/by/4.0/,current_site_code_mapping_not_historical_photo_page_capture,"(c) Jiao Sun (孙娇), some rights reserved (CC BY)","Bird detection annotation; resized, cropped, and augmented for model training",platform_terms_reply_pending,2026-09-24T19:44:58.404988+00:00
inaturalist:625792649,625792649,343532302,https://www.inaturalist.org/observations/343532302,5ca88fd23e6b782c8b6dc767b077a84470ed31c3448de8643cf679e8b78a3531,cc-by,https://creativecommons.org/licenses/by/4.0/,current_site_code_mapping_not_historical_photo_page_capture,"(c) Jiao Sun (孙娇), some rights reserved (CC BY)","Bird detection annotation; resized, cropped, and augmented for model training",platform_terms_reply_pending,2026-09-24T19:44:58.404988+00:00
inaturalist:625792939,625792939,343532327,https://www.inaturalist.org/observations/343532327,e1b6a44e94d84c1a047186e01cc07c5a3f043e45042d3107b72a8135e7a747a7,cc-by,https://creativecommons.org/licenses/by/4.0/,current_site_code_mapping_not_historical_photo_page_capture,"(c) Jiao Sun (孙娇), some rights reserved (CC BY)","Bird detection annotation; resized, cropped, and augmented for model training",platform_terms_reply_pending,2026-09-24T19:44:58.404988+00:00
inaturalist:625792963,625792963,343532341,https://www.inaturalist.org/observations/343532341,8706f05c691ddbcb2a4f8645b232aa228bd1dcd51a40d4c6668f7c67a0ff3641,cc-by,https://creativecommons.org/licenses/by/4.0/,current_site_code_mapping_not_historical_photo_page_capture,"(c) Jiao Sun (孙娇), some rights reserved (CC BY)","Bird detection annotation; resized, cropped, and augmented for model training",platform_terms_reply_pending,2026-09-24T19:44:58.404988+00:00
inaturalist:625969391,625969391,343615669,https://www.inaturalist.org/observations/343615669,34da0a0d6b83832a156bd06a7cd616d3c2efef9bfdc794b7954a35f87d841323,cc-by,https://creativecommons.org/licenses/by/4.0/,current_site_code_mapping_not_historical_photo_page_capture,"(c) angryphyco, some rights reserved (CC BY)","Bird detection annotation; resized, cropped, and augmented for model training",platform_terms_reply_pending,2026-09-24T19:44:58.404988+00:00
inaturalist:625975271,625975271,343619190,https://www.inaturalist.org/observations/343619190,8936143e19a6c08c2f53ca5afb2642f9536fafe84e30e086f17058027833419b,cc-by,https://creativecommons.org/licenses/by/4.0/,current_site_code_mapping_not_historical_photo_page_capture,"(c) Jiao Sun (孙娇), some rights reserved (CC BY)","Bird detection annotation; resized, cropped, and augmented for model training",platform_terms_reply_pending,2026-09-24T19:44:58.404988+00:00
inaturalist:625976790,625976790,343619941,https://www.inaturalist.org/observations/343619941,66b2e99619d1b7a0519281381fe32e3f88f33fdd7e5d550c1ab32f5189263619,cc-by,https://creativecommons.org/licenses/by/4.0/,current_site_code_mapping_not_historical_photo_page_capture,"(c) Jiao Sun (孙娇), some rights reserved (CC BY)","Bird detection annotation; resized, cropped, and augmented for model training",platform_terms_reply_pending,2026-09-24T19:44:58.404988+00:00
inaturalist:625977959,625977959,343620784,https://www.inaturalist.org/observations/343620784,e0a59947c8a0bb6ed77bd80a5c1fbd7e09f8321d542d91ca0ddf3d56940ddad9,cc-by,https://creativecommons.org/licenses/by/4.0/,current_site_code_mapping_not_historical_photo_page_capture,"(c) Jiao Sun (孙娇), some rights reserved (CC BY)","Bird detection annotation; resized, cropped, and augmented for model training",platform_terms_reply_pending,2026-09-24T19:44:58.404988+00:00
inaturalist:625978890,625978890,343621386,https://www.inaturalist.org/observations/343621386,110f0023e2bda273a72c99801fc92d6e180f306a53886cf11a094ade753a9ef3,cc-by,https://creativecommons.org/licenses/by/4.0/,current_site_code_mapping_not_historical_photo_page_capture,"(c) Jiao Sun (孙娇), some rights reserved (CC BY)","Bird detection annotation; resized, cropped, and augmented for model training",platform_terms_reply_pending,2026-09-24T19:44:58.404988+00:00
inaturalist:625981629,625981629,343623715,https://www.inaturalist.org/observations/343623715,9a4d849fcb66ea3075aad485fa3a6b2ca9b01e36e3e8fa8999e5e737d6a3c540,cc-by,https://creativecommons.org/licenses/by/4.0/,current_site_code_mapping_not_historical_photo_page_capture,"(c) Jiao Sun (孙娇), some rights reserved (CC BY)","Bird detection annotation; resized, cropped, and augmented for model training",platform_terms_reply_pending,2026-09-24T19:44:58.404988+00:00
inaturalist:625986121,625986121,343624752,https://www.inaturalist.org/observations/343624752,2a06386366e0d7d303aa9917ab96765bf9df49c7ebb150a673420c4330168c69,cc-by,https://creativecommons.org/licenses/by/4.0/,current_site_code_mapping_not_historical_photo_page_capture,"(c) Jiao Sun (孙娇), some rights reserved (CC BY)","Bird detection annotation; resized, cropped, and augmented for model training",platform_terms_reply_pending,2026-09-24T19:44:58.404988+00:00
inaturalist:625986200,625986200,343624764,https://www.inaturalist.org/observations/343624764,e932ed50b39ce48820e14140488a60c9bb6630fc7a72cdfacfcb6a55f16872cb,cc-by,https://creativecommons.org/licenses/by/4.0/,current_site_code_mapping_not_historical_photo_page_capture,"(c) Jiao Sun (孙娇), some rights reserved (CC BY)","Bird detection annotation; resized, cropped, and augmented for model training",platform_terms_reply_pending,2026-09-24T19:44:58.404988+00:00
inaturalist:625988834,625988834,343625779,https://www.inaturalist.org/observations/343625779,871dd00a8a6c2766462f000c7aa1aaca5b98fdf0eafe0b7e778e304a15188027,cc-by,https://creativecommons.org/licenses/by/4.0/,current_site_code_mapping_not_historical_photo_page_capture,"(c) Sandra Keller, some rights reserved (CC BY)","Bird detection annotation; resized, cropped, and augmented for model training",platform_terms_reply_pending,2026-09-24T19:44:58.404988+00:00
inaturalist:626020503,626020503,343642099,https://www.inaturalist.org/observations/343642099,a3cbe2fd2a942af0fc8cd0209f38f58721609102b1d304be72bff0a2df8d996d,cc-by,https://creativecommons.org/licenses/by/4.0/,current_site_code_mapping_not_historical_photo_page_capture,"(c) Jiao Sun (孙娇), some rights reserved (CC BY)","Bird detection annotation; resized, cropped, and augmented for model training",platform_terms_reply_pending,2026-09-24T19:44:58.404988+00:00
inaturalist:626020598,626020598,343642111,https://www.inaturalist.org/observations/343642111,ba421d6b0c0c9c67329cfac13abeef803a7c488e92344adc3557a46d69e6e7e1,cc-by,https://creativecommons.org/licenses/by/4.0/,current_site_code_mapping_not_historical_photo_page_capture,"(c) Jiao Sun (孙娇), some rights reserved (CC BY)","Bird detection annotation; resized, cropped, and augmented for model training",platform_terms_reply_pending,2026-09-24T19:44:58.404988+00:00
inaturalist:626145254,626145254,343711311,https://www.inaturalist.org/observations/343711311,7a594d968a46fb8d1648de5621d6f8f9355e9c9fd50767ed8a61ad7213abb8b8,cc-by,https://creativecommons.org/licenses/by/4.0/,current_site_code_mapping_not_historical_photo_page_capture,"(c) Jiao Sun (孙娇), some rights reserved (CC BY)","Bird detection annotation; resized, cropped, and augmented for model training",platform_terms_reply_pending,2026-09-24T19:44:58.404988+00:00
inaturalist:626641282,626641282,343953629,https://www.inaturalist.org/observations/343953629,a6fce37e3768411bdce71b371384b97feb01e3011b9f899189a3f188d3615be0,cc-by,https://creativecommons.org/licenses/by/4.0/,current_site_code_mapping_not_historical_photo_page_capture,"(c) Mathieu Soetens, some rights reserved (CC BY)","Bird detection annotation; resized, cropped, and augmented for model training",platform_terms_reply_pending,2026-09-24T19:44:58.404988+00:00
inaturalist:626642081,626642081,343953949,https://www.inaturalist.org/observations/343953949,efb8f4579f5a4a728040934eedeb9212ae3f999930fbe6a8ee620178b3657401,cc-by,https://creativecommons.org/licenses/by/4.0/,current_site_code_mapping_not_historical_photo_page_capture,"(c) Mathieu Soetens, some rights reserved (CC BY)","Bird detection annotation; resized, cropped, and augmented for model training",platform_terms_reply_pending,2026-09-24T19:44:58.404988+00:00
inaturalist:626967049,626967049,344119907,https://www.inaturalist.org/observations/344119907,7d008936bad6f99349a3b95e61790e9e1ff2b2a13ecc12fd68bbaf6fada62a4d,cc0,https://creativecommons.org/publicdomain/zero/1.0/,current_site_code_mapping_not_historical_photo_page_capture,no rights reserved,"Bird detection annotation; resized, cropped, and augmented for model training",platform_terms_reply_pending,2026-09-24T19:44:58.404988+00:00
inaturalist:626968383,626968383,344119918,https://www.inaturalist.org/observations/344119918,b4faaa80fb9efe5639c1d9b3e3478818c07fb9e81e38a943dc5b142824dbef34,cc0,https://creativecommons.org/publicdomain/zero/1.0/,current_site_code_mapping_not_historical_photo_page_capture,no rights reserved,"Bird detection annotation; resized, cropped, and augmented for model training",platform_terms_reply_pending,2026-09-24T19:44:58.404988+00:00
inaturalist:627084243,627084243,344180697,https://www.inaturalist.org/observations/344180697,e4d6dfac0ebbac87ee29788c0729ade04843532ddc4cab9b696a897c3d5f76fc,cc-by,https://creativecommons.org/licenses/by/4.0/,current_site_code_mapping_not_historical_photo_page_capture,"(c) byronswift, some rights reserved (CC BY)","Bird detection annotation; resized, cropped, and augmented for model training",platform_terms_reply_pending,2026-09-24T19:44:58.404988+00:00
inaturalist:627623508,627623508,344468365,https://www.inaturalist.org/observations/344468365,f14864ec8dbdd8b96ef9c9acc1451e3f0b4cc71fb9a0d21e56f06466e9fb6aa5,cc-by,https://creativecommons.org/licenses/by/4.0/,current_site_code_mapping_not_historical_photo_page_capture,"(c) Ashwin A, some rights reserved (CC BY)","Bird detection annotation; resized, cropped, and augmented for model training",platform_terms_reply_pending,2026-09-24T19:44:58.404988+00:00
inaturalist:62778689,62778689,39563170,https://www.inaturalist.org/observations/39563170,11dd38e3a2835bf54f2dc1d9f84b788e67a7b3de6f15686ee166adc00e3254c2,cc-by,https://creativecommons.org/licenses/by/4.0/,current_site_code_mapping_not_historical_photo_page_capture,"(c) Rejoice Gassah, some rights reserved (CC BY)","Bird detection annotation; resized, cropped, and augmented for model training",platform_terms_reply_pending,2026-09-24T19:44:58.404988+00:00
inaturalist:627943013,627943013,344628740,https://www.inaturalist.org/observations/344628740,bda0a2490d4ac430aa62298c14c13f0f66db3730f02f6b11e832fcef364f16ad,cc-by,https://creativecommons.org/licenses/by/4.0/,current_site_code_mapping_not_historical_photo_page_capture,"(c) Ashwin A, some rights reserved (CC BY)","Bird detection annotation; resized, cropped, and augmented for model training",platform_terms_reply_pending,2026-09-24T19:44:58.404988+00:00
inaturalist:629543588,629543588,345441067,https://www.inaturalist.org/observations/345441067,ce5d9d2c7df182b792ff254aaacb89edaa0922ecf6f7e675292dd82d91da37af,cc0,https://creativecommons.org/publicdomain/zero/1.0/,current_site_code_mapping_not_historical_photo_page_capture,no rights reserved,"Bird detection annotation; resized, cropped, and augmented for model training",platform_terms_reply_pending,2026-09-24T19:44:58.404988+00:00
inaturalist:630359523,630359523,345856120,https://www.inaturalist.org/observations/345856120,3a7f4cb58978105fd421e56c3dc8727f154a89a271acf212365a46ae6200f7e0,cc0,https://creativecommons.org/publicdomain/zero/1.0/,current_site_code_mapping_not_historical_photo_page_capture,no rights reserved,"Bird detection annotation; resized, cropped, and augmented for model training",platform_terms_reply_pending,2026-09-24T19:44:58.404988+00:00
inaturalist:630601101,630601101,345982748,https://www.inaturalist.org/observations/345982748,0d5264110da630784dfd00ea367681892486d87ccec71339989a3ee8ce3b7d39,cc-by,https://creativecommons.org/licenses/by/4.0/,current_site_code_mapping_not_historical_photo_page_capture,"(c) Jiao Sun (孙娇), some rights reserved (CC BY)","Bird detection annotation; resized, cropped, and augmented for model training",platform_terms_reply_pending,2026-09-24T19:44:58.404988+00:00
inaturalist:630601209,630601209,345982761,https://www.inaturalist.org/observations/345982761,42c71bdf035b8e686f80212a8100da9bfafd69dbceda4146607184198d5163f1,cc-by,https://creativecommons.org/licenses/by/4.0/,current_site_code_mapping_not_historical_photo_page_capture,"(c) Jiao Sun (孙娇), some rights reserved (CC BY)","Bird detection annotation; resized, cropped, and augmented for model training",platform_terms_reply_pending,2026-09-24T19:44:58.404988+00:00
inaturalist:630620228,630620228,345992635,https://www.inaturalist.org/observations/345992635,845c35fdd3989cce51dc461da15683a6b212b477bb74f600e285c7dc1ab33b8a,cc-by,https://creativecommons.org/licenses/by/4.0/,current_site_code_mapping_not_historical_photo_page_capture,"(c) Jiao Sun (孙娇), some rights reserved (CC BY)","Bird detection annotation; resized, cropped, and augmented for model training",platform_terms_reply_pending,2026-09-24T19:44:58.404988+00:00
inaturalist:630625863,630625863,345994834,https://www.inaturalist.org/observations/345994834,e63077e6b504c8f18cef7f5b08cb9ddac515adb1d1d8c3db02ac6e9f0736f55e,cc-by,https://creativecommons.org/licenses/by/4.0/,current_site_code_mapping_not_historical_photo_page_capture,"(c) Jiao Sun (孙娇), some rights reserved (CC BY)","Bird detection annotation; resized, cropped, and augmented for model training",platform_terms_reply_pending,2026-09-24T19:44:58.404988+00:00
inaturalist:630835227,630835227,346099882,https://www.inaturalist.org/observations/346099882,074aba8ba982217a880e3dbd2a1405e57cd065e907ead3a305951b0774f4dcb9,cc0,https://creativecommons.org/publicdomain/zero/1.0/,current_site_code_mapping_not_historical_photo_page_capture,no rights reserved,"Bird detection annotation; resized, cropped, and augmented for model training",platform_terms_reply_pending,2026-09-24T19:44:58.404988+00:00
inaturalist:630835269,630835269,346099884,https://www.inaturalist.org/observations/346099884,546d5e3d2c1e1e107f34e5118ad41f3f1ff63234b28923ec068560b298314992,cc0,https://creativecommons.org/publicdomain/zero/1.0/,current_site_code_mapping_not_historical_photo_page_capture,no rights reserved,"Bird detection annotation; resized, cropped, and augmented for model training",platform_terms_reply_pending,2026-09-24T19:44:58.404988+00:00
inaturalist:630835386,630835386,346099893,https://www.inaturalist.org/observations/346099893,7b2cf5033a947dd443698fbfd71aad34e4b57ad57a761180cbacd71da280d681,cc0,https://creativecommons.org/publicdomain/zero/1.0/,current_site_code_mapping_not_historical_photo_page_capture,no rights reserved,"Bird detection annotation; resized, cropped, and augmented for model training",platform_terms_reply_pending,2026-09-24T19:44:58.404988+00:00
inaturalist:631097856,631097856,346239153,https://www.inaturalist.org/observations/346239153,d98cd4a8f78e13e42dd17509670e6ff4c0fdff71c1ef4c3bce5072c20e8764ce,cc-by,https://creativecommons.org/licenses/by/4.0/,current_site_code_mapping_not_historical_photo_page_capture,"(c) Julien Renoult, some rights reserved (CC BY)","Bird detection annotation; resized, cropped, and augmented for model training",platform_terms_reply_pending,2026-09-24T19:44:58.404988+00:00
inaturalist:632134202,632134202,346754912,https://www.inaturalist.org/observations/346754912,4375c2c44d3e35224f438166094855ebd71cde686711c4462ae2c11367eb5ae1,cc0,https://creativecommons.org/publicdomain/zero/1.0/,current_site_code_mapping_not_historical_photo_page_capture,no rights reserved,"Bird detection annotation; resized, cropped, and augmented for model training",platform_terms_reply_pending,2026-09-24T19:44:58.404988+00:00
inaturalist:632184531,632184531,346781381,https://www.inaturalist.org/observations/346781381,948d124ef009833f53bd7d418e05d84038e9cdc8fb7ca414b43f7a06d4537f9d,cc-by,https://creativecommons.org/licenses/by/4.0/,current_site_code_mapping_not_historical_photo_page_capture,"(c) Sandra Keller, some rights reserved (CC BY)","Bird detection annotation; resized, cropped, and augmented for model training",platform_terms_reply_pending,2026-09-24T19:44:58.404988+00:00
inaturalist:632591947,632591947,346985619,https://www.inaturalist.org/observations/346985619,50c5a15dc7cde6e502c645611e2bda5aa5151d2fce93bed439a5bba674c2931e,cc-by,https://creativecommons.org/licenses/by/4.0/,current_site_code_mapping_not_historical_photo_page_capture,"(c) chrisdt, some rights reserved (CC BY)","Bird detection annotation; resized, cropped, and augmented for model training",platform_terms_reply_pending,2026-09-24T19:44:58.404988+00:00
inaturalist:632592357,632592357,346985830,https://www.inaturalist.org/observations/346985830,fc97caa2588fe1bead882d430c5e64346ac8f68cde2c8842827835c3736a67dd,cc-by,https://creativecommons.org/licenses/by/4.0/,current_site_code_mapping_not_historical_photo_page_capture,"(c) chrisdt, some rights reserved (CC BY)","Bird detection annotation; resized, cropped, and augmented for model training",platform_terms_reply_pending,2026-09-24T19:44:58.404988+00:00
inaturalist:632825572,632825572,347104187,https://www.inaturalist.org/observations/347104187,0edd26e614858b0e7e4e544dde9e45c3b3d54f2cdab0f1671302dd256d6af49d,cc-by,https://creativecommons.org/licenses/by/4.0/,current_site_code_mapping_not_historical_photo_page_capture,"(c) chrisdt, some rights reserved (CC BY)","Bird detection annotation; resized, cropped, and augmented for model training",platform_terms_reply_pending,2026-09-24T19:44:58.404988+00:00
inaturalist:633024473,633024473,347201784,https://www.inaturalist.org/observations/347201784,f69b8623a68bb293d4a53a46f34642836aaceeca5d1a3b4c5ac72f7f18b219a3,cc-by,https://creativecommons.org/licenses/by/4.0/,current_site_code_mapping_not_historical_photo_page_capture,"(c) chrisdt, some rights reserved (CC BY)","Bird detection annotation; resized, cropped, and augmented for model training",platform_terms_reply_pending,2026-09-24T19:44:58.404988+00:00
inaturalist:633030016,633030016,347204691,https://www.inaturalist.org/observations/347204691,d659bbd50c950b9296c0d878d6b91de408584c580980c6d708c4397d6d477403,cc-by,https://creativecommons.org/licenses/by/4.0/,current_site_code_mapping_not_historical_photo_page_capture,"(c) chrisdt, some rights reserved (CC BY)","Bird detection annotation; resized, cropped, and augmented for model training",platform_terms_reply_pending,2026-09-24T19:44:58.404988+00:00
inaturalist:633030504,633030504,347204915,https://www.inaturalist.org/observations/347204915,2e509720c6d00d26e0bea1f85584b9e793dc80ac6d179de5b9e0d3f0659801f3,cc-by,https://creativecommons.org/licenses/by/4.0/,current_site_code_mapping_not_historical_photo_page_capture,"(c) chrisdt, some rights reserved (CC BY)","Bird detection annotation; resized, cropped, and augmented for model training",platform_terms_reply_pending,2026-09-24T19:44:58.404988+00:00
inaturalist:633030610,633030610,347204973,https://www.inaturalist.org/observations/347204973,4c62dddf3df726f49c4c5972c93f44ee9600d699713633d2c24b5fecc4d224db,cc-by,https://creativecommons.org/licenses/by/4.0/,current_site_code_mapping_not_historical_photo_page_capture,"(c) chrisdt, some rights reserved (CC BY)","Bird detection annotation; resized, cropped, and augmented for model training",platform_terms_reply_pending,2026-09-24T19:44:58.404988+00:00
inaturalist:633031644,633031644,347205460,https://www.inaturalist.org/observations/347205460,3e3bce0246a9741e12524cb47625328c3f758f5d7db1c531253dcaf72fdd8b83,cc-by,https://creativecommons.org/licenses/by/4.0/,current_site_code_mapping_not_historical_photo_page_capture,"(c) chrisdt, some rights reserved (CC BY)","Bird detection annotation; resized, cropped, and augmented for model training",platform_terms_reply_pending,2026-09-24T19:44:58.404988+00:00
inaturalist:633032910,633032910,347206016,https://www.inaturalist.org/observations/347206016,8a4f78f1e29771e01373e389803c0f39cef639b79e01d8efb372677086d823d3,cc-by,https://creativecommons.org/licenses/by/4.0/,current_site_code_mapping_not_historical_photo_page_capture,"(c) chrisdt, some rights reserved (CC BY)","Bird detection annotation; resized, cropped, and augmented for model training",platform_terms_reply_pending,2026-09-24T19:44:58.404988+00:00
inaturalist:633032951,633032951,347206042,https://www.inaturalist.org/observations/347206042,a509b90b89e3c4c10b6e4b1bd37960a93b1f09abc3775ac41a3f323e90298c42,cc-by,https://creativecommons.org/licenses/by/4.0/,current_site_code_mapping_not_historical_photo_page_capture,"(c) chrisdt, some rights reserved (CC BY)","Bird detection annotation; resized, cropped, and augmented for model training",platform_terms_reply_pending,2026-09-24T19:44:58.404988+00:00
inaturalist:633033117,633033117,347206108,https://www.inaturalist.org/observations/347206108,e8b410dca5f4f643403a4c5bc8ec365d824bfaa51ea0f2bccbc5fc55c3ee208d,cc-by,https://creativecommons.org/licenses/by/4.0/,current_site_code_mapping_not_historical_photo_page_capture,"(c) chrisdt, some rights reserved (CC BY)","Bird detection annotation; resized, cropped, and augmented for model training",platform_terms_reply_pending,2026-09-24T19:44:58.404988+00:00
inaturalist:633724736,633724736,347556864,https://www.inaturalist.org/observations/347556864,0587440025c8b1785de3b003fa7b66c872d3b490d3b9240bb16515cd30813e31,cc-by,https://creativecommons.org/licenses/by/4.0/,current_site_code_mapping_not_historical_photo_page_capture,"(c) 呂一起(Lyu yi-chi), some rights reserved (CC BY)","Bird detection annotation; resized, cropped, and augmented for model training",platform_terms_reply_pending,2026-09-24T19:44:58.404988+00:00
inaturalist:634082189,634082189,347736235,https://www.inaturalist.org/observations/347736235,dc1274e0c2f4c4ff61346173e28123cffbb7a1618c381b2fa58543029776da03,cc0,https://creativecommons.org/publicdomain/zero/1.0/,current_site_code_mapping_not_historical_photo_page_capture,no rights reserved,"Bird detection annotation; resized, cropped, and augmented for model training",platform_terms_reply_pending,2026-09-24T19:44:58.404988+00:00
inaturalist:634082317,634082317,347736246,https://www.inaturalist.org/observations/347736246,0af8b1e9b538b2dac073baf98c0d9d60582366978236ea45f9975bb4e2f06c64,cc0,https://creativecommons.org/publicdomain/zero/1.0/,current_site_code_mapping_not_historical_photo_page_capture,no rights reserved,"Bird detection annotation; resized, cropped, and augmented for model training",platform_terms_reply_pending,2026-09-24T19:44:58.404988+00:00
inaturalist:634782949,634782949,348090168,https://www.inaturalist.org/observations/348090168,7670de42ba6b8f7e9f5eaa750e21579c32850d392266e88ecc64f115bfb5d0fb,cc-by,https://creativecommons.org/licenses/by/4.0/,current_site_code_mapping_not_historical_photo_page_capture,"(c) Mathieu Soetens, some rights reserved (CC BY)","Bird detection annotation; resized, cropped, and augmented for model training",platform_terms_reply_pending,2026-09-24T19:44:58.404988+00:00
inaturalist:635068747,635068747,348239253,https://www.inaturalist.org/observations/348239253,6098c6519f0f52a48cce7da7da2d09153bb950d477da90280a01b3520a74901d,cc-by,https://creativecommons.org/licenses/by/4.0/,current_site_code_mapping_not_historical_photo_page_capture,"(c) Jiao Sun (孙娇), some rights reserved (CC BY)","Bird detection annotation; resized, cropped, and augmented for model training",platform_terms_reply_pending,2026-09-24T19:44:58.404988+00:00
inaturalist:635068976,635068976,348239295,https://www.inaturalist.org/observations/348239295,9b516444cd718304c5775798591fe7a3f1f06de72b1071e30ac534dc3afad516,cc-by,https://creativecommons.org/licenses/by/4.0/,current_site_code_mapping_not_historical_photo_page_capture,"(c) Jiao Sun (孙娇), some rights reserved (CC BY)","Bird detection annotation; resized, cropped, and augmented for model training",platform_terms_reply_pending,2026-09-24T19:44:58.404988+00:00
inaturalist:635069019,635069019,348239302,https://www.inaturalist.org/observations/348239302,e2f42c2b90d3277596a6fc54bbc442d12320d3903b5f86de27ebfead252255ed,cc-by,https://creativecommons.org/licenses/by/4.0/,current_site_code_mapping_not_historical_photo_page_capture,"(c) Jiao Sun (孙娇), some rights reserved (CC BY)","Bird detection annotation; resized, cropped, and augmented for model training",platform_terms_reply_pending,2026-09-24T19:44:58.404988+00:00
inaturalist:635069118,635069118,348239326,https://www.inaturalist.org/observations/348239326,eb88ca4b9c6298feef584d133ae248da94723cbcda9fa44782db0d949a63003b,cc-by,https://creativecommons.org/licenses/by/4.0/,current_site_code_mapping_not_historical_photo_page_capture,"(c) Jiao Sun (孙娇), some rights reserved (CC BY)","Bird detection annotation; resized, cropped, and augmented for model training",platform_terms_reply_pending,2026-09-24T19:44:58.404988+00:00
inaturalist:635069208,635069208,348239337,https://www.inaturalist.org/observations/348239337,c07b5eaf5646ef834f7d6c82c904879baeaff26bb75a3dd85d60f05e014e0b5e,cc-by,https://creativecommons.org/licenses/by/4.0/,current_site_code_mapping_not_historical_photo_page_capture,"(c) Jiao Sun (孙娇), some rights reserved (CC BY)","Bird detection annotation; resized, cropped, and augmented for model training",platform_terms_reply_pending,2026-09-24T19:44:58.404988+00:00
inaturalist:635069568,635069568,348239403,https://www.inaturalist.org/observations/348239403,77b0539505dc2ab1f434fa942b712c336a079b2d5ebee5f6355a228ff01b8c59,cc-by,https://creativecommons.org/licenses/by/4.0/,current_site_code_mapping_not_historical_photo_page_capture,"(c) Jiao Sun (孙娇), some rights reserved (CC BY)","Bird detection annotation; resized, cropped, and augmented for model training",platform_terms_reply_pending,2026-09-24T19:44:58.404988+00:00
inaturalist:635153811,635153811,348277376,https://www.inaturalist.org/observations/348277376,74e95be060cbfd8f34907294a331f9671e0ecefb05c10661e26b121972223ff7,cc0,https://creativecommons.org/publicdomain/zero/1.0/,current_site_code_mapping_not_historical_photo_page_capture,no rights reserved,"Bird detection annotation; resized, cropped, and augmented for model training",platform_terms_reply_pending,2026-09-24T19:44:58.404988+00:00
inaturalist:635333398,635333398,348370329,https://www.inaturalist.org/observations/348370329,08690c3f283205fb3cda28ee1eee0058bf025f92824cadf3ff064cffc1b19f8d,cc-by,https://creativecommons.org/licenses/by/4.0/,current_site_code_mapping_not_historical_photo_page_capture,"(c) Jiao Sun (孙娇), some rights reserved (CC BY)","Bird detection annotation; resized, cropped, and augmented for model training",platform_terms_reply_pending,2026-09-24T19:44:58.404988+00:00
inaturalist:635333500,635333500,348370343,https://www.inaturalist.org/observations/348370343,6c3ec4b2ac8e65ae10a055771ce5d42a92bd7d16d143907f3806477265ea1658,cc-by,https://creativecommons.org/licenses/by/4.0/,current_site_code_mapping_not_historical_photo_page_capture,"(c) Jiao Sun (孙娇), some rights reserved (CC BY)","Bird detection annotation; resized, cropped, and augmented for model training",platform_terms_reply_pending,2026-09-24T19:44:58.404988+00:00
inaturalist:635476667,635476667,348439951,https://www.inaturalist.org/observations/348439951,8bbfd7907a1da39f69bea967f5c3b8c88ae32464562e983305104327d388eaaf,cc0,https://creativecommons.org/publicdomain/zero/1.0/,current_site_code_mapping_not_historical_photo_page_capture,no rights reserved,"Bird detection annotation; resized, cropped, and augmented for model training",platform_terms_reply_pending,2026-09-24T19:44:58.404988+00:00
inaturalist:635549061,635549061,348475529,https://www.inaturalist.org/observations/348475529,033269f391ea5585ac5beb81d9543a81ba5713a0c20ae253908d45ade61fd66c,cc-by,https://creativecommons.org/licenses/by/4.0/,current_site_code_mapping_not_historical_photo_page_capture,"(c) Mathieu Soetens, some rights reserved (CC BY)","Bird detection annotation; resized, cropped, and augmented for model training",platform_terms_reply_pending,2026-09-24T19:44:58.404988+00:00
inaturalist:635556142,635556142,348479516,https://www.inaturalist.org/observations/348479516,280c37650764e24306953055e1eeb08afe2de2e6ba64dc144f31ca8db5e1eb66,cc-by,https://creativecommons.org/licenses/by/4.0/,current_site_code_mapping_not_historical_photo_page_capture,"(c) Wang.QG, some rights reserved (CC BY)","Bird detection annotation; resized, cropped, and augmented for model training",platform_terms_reply_pending,2026-09-24T19:44:58.404988+00:00
inaturalist:635923071,635923071,348664269,https://www.inaturalist.org/observations/348664269,6aa574582b8203f100e3067c0ada415622ba27f0c96e83ce770237a2d622ebb8,cc-by,https://creativecommons.org/licenses/by/4.0/,current_site_code_mapping_not_historical_photo_page_capture,"(c) Jiao Sun (孙娇), some rights reserved (CC BY)","Bird detection annotation; resized, cropped, and augmented for model training",platform_terms_reply_pending,2026-09-24T19:44:58.404988+00:00
inaturalist:635923129,635923129,348664279,https://www.inaturalist.org/observations/348664279,a8951097ef5d66aa90e94fd8978e19f145737ba35a5cfd2eb02e54899e98f024,cc-by,https://creativecommons.org/licenses/by/4.0/,current_site_code_mapping_not_historical_photo_page_capture,"(c) Jiao Sun (孙娇), some rights reserved (CC BY)","Bird detection annotation; resized, cropped, and augmented for model training",platform_terms_reply_pending,2026-09-24T19:44:58.404988+00:00
inaturalist:635923148,635923148,348664285,https://www.inaturalist.org/observations/348664285,864b65ad742d65eeaed8529b2770014f4b5c5185a647437e2093bbb7aebc7de6,cc-by,https://creativecommons.org/licenses/by/4.0/,current_site_code_mapping_not_historical_photo_page_capture,"(c) Jiao Sun (孙娇), some rights reserved (CC BY)","Bird detection annotation; resized, cropped, and augmented for model training",platform_terms_reply_pending,2026-09-24T19:44:58.404988+00:00
inaturalist:635923169,635923169,348664292,https://www.inaturalist.org/observations/348664292,5e9b5ba64ef3caf54b3e1edcba2e383364eae9689591ea9c1017f71b932c9aee,cc-by,https://creativecommons.org/licenses/by/4.0/,current_site_code_mapping_not_historical_photo_page_capture,"(c) Jiao Sun (孙娇), some rights reserved (CC BY)","Bird detection annotation; resized, cropped, and augmented for model training",platform_terms_reply_pending,2026-09-24T19:44:58.404988+00:00
inaturalist:635923227,635923227,348664305,https://www.inaturalist.org/observations/348664305,93866044776fb12f003ff851a2ccf970c03a71f6e2e9a3e99fdcd44aa56613ac,cc-by,https://creativecommons.org/licenses/by/4.0/,current_site_code_mapping_not_historical_photo_page_capture,"(c) Jiao Sun (孙娇), some rights reserved (CC BY)","Bird detection annotation; resized, cropped, and augmented for model training",platform_terms_reply_pending,2026-09-24T19:44:58.404988+00:00
inaturalist:636024553,636024553,348714101,https://www.inaturalist.org/observations/348714101,cdff293240cf9cc47ead29522d0622a0e346ebbf3c136e0ccf06c37132e93191,cc-by,https://creativecommons.org/licenses/by/4.0/,current_site_code_mapping_not_historical_photo_page_capture,"(c) Huey, some rights reserved (CC BY)","Bird detection annotation; resized, cropped, and augmented for model training",platform_terms_reply_pending,2026-09-24T19:44:58.404988+00:00
inaturalist:636355548,636355548,348881638,https://www.inaturalist.org/observations/348881638,246fedbfda12f2746fe545e1483f442b26833b9d8fa41ac5c87f4877b6043259,cc0,https://creativecommons.org/publicdomain/zero/1.0/,current_site_code_mapping_not_historical_photo_page_capture,no rights reserved,"Bird detection annotation; resized, cropped, and augmented for model training",platform_terms_reply_pending,2026-09-24T19:44:58.404988+00:00
inaturalist:636355572,636355572,348881640,https://www.inaturalist.org/observations/348881640,38c5fd3977bdd511555553f0ddb81e2001f4fb5c25cdfcf0b19a416cd0d16cff,cc0,https://creativecommons.org/publicdomain/zero/1.0/,current_site_code_mapping_not_historical_photo_page_capture,no rights reserved,"Bird detection annotation; resized, cropped, and augmented for model training",platform_terms_reply_pending,2026-09-24T19:44:58.404988+00:00
inaturalist:636355583,636355583,348881641,https://www.inaturalist.org/observations/348881641,16f1f2801c2c1e5aa1d9fc66ab1315129aff2df46600f4c548f65e7a964b9c67,cc0,https://creativecommons.org/publicdomain/zero/1.0/,current_site_code_mapping_not_historical_photo_page_capture,no rights reserved,"Bird detection annotation; resized, cropped, and augmented for model training",platform_terms_reply_pending,2026-09-24T19:44:58.404988+00:00
inaturalist:636954972,636954972,349188112,https://www.inaturalist.org/observations/349188112,f57f3eb202ecb6b66c02272396d9e6009ac70ab05d3d7104f7fb8a01109bbfda,cc-by,https://creativecommons.org/licenses/by/4.0/,current_site_code_mapping_not_historical_photo_page_capture,"(c) Vladislav Isaev, some rights reserved (CC BY)","Bird detection annotation; resized, cropped, and augmented for model training",platform_terms_reply_pending,2026-09-24T19:44:58.404988+00:00
inaturalist:637015583,637015583,349220303,https://www.inaturalist.org/observations/349220303,58a852b2c2bb49510ee469fff07b187eeff40c1626db873a48aec21c2e7d7e51,cc0,https://creativecommons.org/publicdomain/zero/1.0/,current_site_code_mapping_not_historical_photo_page_capture,no rights reserved,"Bird detection annotation; resized, cropped, and augmented for model training",platform_terms_reply_pending,2026-09-24T19:44:58.404988+00:00
inaturalist:637577168,637577168,349502888,https://www.inaturalist.org/observations/349502888,523b40b688a0d86a022957b073c2daa9bb4c9b23bf86bd823b87c9e0f2c6b84d,cc0,https://creativecommons.org/publicdomain/zero/1.0/,current_site_code_mapping_not_historical_photo_page_capture,no rights reserved,"Bird detection annotation; resized, cropped, and augmented for model training",platform_terms_reply_pending,2026-09-24T19:44:58.404988+00:00
inaturalist:638444918,638444918,349950412,https://www.inaturalist.org/observations/349950412,c98946e23d38e609ce7da1a93bd7dd49fcda39f732bcdda978e18ad8e4f3240e,cc0,https://creativecommons.org/publicdomain/zero/1.0/,current_site_code_mapping_not_historical_photo_page_capture,no rights reserved,"Bird detection annotation; resized, cropped, and augmented for model training",platform_terms_reply_pending,2026-09-24T19:44:58.404988+00:00
inaturalist:638445226,638445226,349950413,https://www.inaturalist.org/observations/349950413,c69ddd413f7d29b65102135aace95c2c576dc21a65bea4bf404001cd9c4c2a70,cc0,https://creativecommons.org/publicdomain/zero/1.0/,current_site_code_mapping_not_historical_photo_page_capture,no rights reserved,"Bird detection annotation; resized, cropped, and augmented for model training",platform_terms_reply_pending,2026-09-24T19:44:58.404988+00:00
inaturalist:638495991,638495991,349976097,https://www.inaturalist.org/observations/349976097,75716ade3c8a4efb36967372eaa89a5490a34bfc373a7a72c2192e03f814224f,cc-by,https://creativecommons.org/licenses/by/4.0/,current_site_code_mapping_not_historical_photo_page_capture,"(c) sunnyjosef, some rights reserved (CC BY)","Bird detection annotation; resized, cropped, and augmented for model training",platform_terms_reply_pending,2026-09-24T19:44:58.404988+00:00
inaturalist:638610965,638610965,350065070,https://www.inaturalist.org/observations/350065070,a31ffe6d1de2c0dea4935dd94adb188133aee72d3264471c19ee054c84f6c24d,cc-by,https://creativecommons.org/licenses/by/4.0/,current_site_code_mapping_not_historical_photo_page_capture,"(c) Firos AK, some rights reserved (CC BY)","Bird detection annotation; resized, cropped, and augmented for model training",platform_terms_reply_pending,2026-09-24T19:44:58.404988+00:00
inaturalist:638967785,638967785,350215384,https://www.inaturalist.org/observations/350215384,6f9a0238fa42122d9e0f2b599c1140bc0f12dc3b1494f4b628b50b18dc513798,cc0,https://creativecommons.org/publicdomain/zero/1.0/,current_site_code_mapping_not_historical_photo_page_capture,no rights reserved,"Bird detection annotation; resized, cropped, and augmented for model training",platform_terms_reply_pending,2026-09-24T19:44:58.404988+00:00
inaturalist:640038155,640038155,350763001,https://www.inaturalist.org/observations/350763001,d373886a9076a68b467ba2b7bd90c03ea2add4a359259afe16b2583e228a34e6,cc-by,https://creativecommons.org/licenses/by/4.0/,current_site_code_mapping_not_historical_photo_page_capture,"(c) Wang.QG, some rights reserved (CC BY)","Bird detection annotation; resized, cropped, and augmented for model training",platform_terms_reply_pending,2026-09-24T19:44:58.404988+00:00
inaturalist:640605782,640605782,351065327,https://www.inaturalist.org/observations/351065327,bf573937abe9055948735b601e42059b505952b062fd8bb3add3aaf833c17757,cc-by,https://creativecommons.org/licenses/by/4.0/,current_site_code_mapping_not_historical_photo_page_capture,"(c) angryphyco, some rights reserved (CC BY)","Bird detection annotation; resized, cropped, and augmented for model training",platform_terms_reply_pending,2026-09-24T19:44:58.404988+00:00
inaturalist:640653368,640653368,351091715,https://www.inaturalist.org/observations/351091715,eef98ac99607641f9e94c1a68ae0cae1ba27697662e380eac77eb0bb2bed9178,cc-by,https://creativecommons.org/licenses/by/4.0/,current_site_code_mapping_not_historical_photo_page_capture,"(c) Wang.QG, some rights reserved (CC BY)","Bird detection annotation; resized, cropped, and augmented for model training",platform_terms_reply_pending,2026-09-24T19:44:58.404988+00:00
inaturalist:640698597,640698597,351115727,https://www.inaturalist.org/observations/351115727,bbcea3dc9261b9dd029e403981256c1ce3e97d5fa1785a1e1cddc4c4a4d7db95,cc-by,https://creativecommons.org/licenses/by/4.0/,current_site_code_mapping_not_historical_photo_page_capture,"(c) Wang.QG, some rights reserved (CC BY)","Bird detection annotation; resized, cropped, and augmented for model training",platform_terms_reply_pending,2026-09-24T19:44:58.404988+00:00
inaturalist:640758036,640758036,351146729,https://www.inaturalist.org/observations/351146729,61a58e7b80a5d0a46fa5b8c53ef50528375634a6626bf6a06362de0e69aabf7a,cc-by,https://creativecommons.org/licenses/by/4.0/,current_site_code_mapping_not_historical_photo_page_capture,"(c) Wang.QG, some rights reserved (CC BY)","Bird detection annotation; resized, cropped, and augmented for model training",platform_terms_reply_pending,2026-09-24T19:44:58.404988+00:00
inaturalist:641080843,641080843,351313359,https://www.inaturalist.org/observations/351313359,cc06566d6809d2dad6194a4f133dfaf86b86bba8486acd32c676e9dfbec05503,cc-by,https://creativecommons.org/licenses/by/4.0/,current_site_code_mapping_not_historical_photo_page_capture,"(c) Jagdish Singh Negi, some rights reserved (CC BY)","Bird detection annotation; resized, cropped, and augmented for model training",platform_terms_reply_pending,2026-09-24T19:44:58.404988+00:00
inaturalist:641081724,641081724,351317150,https://www.inaturalist.org/observations/351317150,b96e56bb4893b2f2b5a78c5bee28fca4dde22bed53204aabfb6c68907366c3ac,cc-by,https://creativecommons.org/licenses/by/4.0/,current_site_code_mapping_not_historical_photo_page_capture,"(c) patrickc, some rights reserved (CC BY)","Bird detection annotation; resized, cropped, and augmented for model training",platform_terms_reply_pending,2026-09-24T19:44:58.404988+00:00
inaturalist:641081811,641081811,351317163,https://www.inaturalist.org/observations/351317163,4c073fc5407bf7dce59b981e58ef226b8f41b14d7c6cd4c49929bef4a10d5d94,cc-by,https://creativecommons.org/licenses/by/4.0/,current_site_code_mapping_not_historical_photo_page_capture,"(c) patrickc, some rights reserved (CC BY)","Bird detection annotation; resized, cropped, and augmented for model training",platform_terms_reply_pending,2026-09-24T19:44:58.404988+00:00
inaturalist:642057683,642057683,351810802,https://www.inaturalist.org/observations/351810802,1468bf6bbc25e18ab462397700d5efcd82c9160816bf70c705936afe96298938,cc-by,https://creativecommons.org/licenses/by/4.0/,current_site_code_mapping_not_historical_photo_page_capture,"(c) Yedidya Popper, some rights reserved (CC BY)","Bird detection annotation; resized, cropped, and augmented for model training",platform_terms_reply_pending,2026-09-24T19:44:58.404988+00:00
inaturalist:642074835,642074835,351822490,https://www.inaturalist.org/observations/351822490,99809da625f7e26d822ae359d119f8d1fc050f6020f73c1b5e0628e75693ff61,cc-by,https://creativecommons.org/licenses/by/4.0/,current_site_code_mapping_not_historical_photo_page_capture,"(c) dhfischer, some rights reserved (CC BY)","Bird detection annotation; resized, cropped, and augmented for model training",platform_terms_reply_pending,2026-09-24T19:44:58.404988+00:00
inaturalist:642074856,642074856,351822491,https://www.inaturalist.org/observations/351822491,2c67d122fb07dbdac021e9e844c661197c0dc412c7a630982a6450c10d4e3a78,cc-by,https://creativecommons.org/licenses/by/4.0/,current_site_code_mapping_not_historical_photo_page_capture,"(c) dhfischer, some rights reserved (CC BY)","Bird detection annotation; resized, cropped, and augmented for model training",platform_terms_reply_pending,2026-09-24T19:44:58.404988+00:00
inaturalist:642074897,642074897,351822497,https://www.inaturalist.org/observations/351822497,8a97d0f1879877610c53c30892d1c60a91fd0f2b7a2e48bcda561ae8af122f95,cc-by,https://creativecommons.org/licenses/by/4.0/,current_site_code_mapping_not_historical_photo_page_capture,"(c) dhfischer, some rights reserved (CC BY)","Bird detection annotation; resized, cropped, and augmented for model training",platform_terms_reply_pending,2026-09-24T19:44:58.404988+00:00
inaturalist:642753581,642753581,352165885,https://www.inaturalist.org/observations/352165885,79aa21bf2154fc489aeeed1a0ba46d98f1811d004c612fd15967605ce5544687,cc-by,https://creativecommons.org/licenses/by/4.0/,current_site_code_mapping_not_historical_photo_page_capture,"(c) Mathieu Soetens, some rights reserved (CC BY)","Bird detection annotation; resized, cropped, and augmented for model training",platform_terms_reply_pending,2026-09-24T19:44:58.404988+00:00
inaturalist:642753915,642753915,352166022,https://www.inaturalist.org/observations/352166022,e1f83ba19c0a2930c90a5ee36be13dfcc575d9141f5c5d47d4355383a7d4463b,cc-by,https://creativecommons.org/licenses/by/4.0/,current_site_code_mapping_not_historical_photo_page_capture,"(c) Mathieu Soetens, some rights reserved (CC BY)","Bird detection annotation; resized, cropped, and augmented for model training",platform_terms_reply_pending,2026-09-24T19:44:58.404988+00:00
inaturalist:642756157,642756157,352166989,https://www.inaturalist.org/observations/352166989,9b5226a05c8aeaa482dff3dbb983c90f104edc24227ca0f69795d791d43bc7e1,cc-by,https://creativecommons.org/licenses/by/4.0/,current_site_code_mapping_not_historical_photo_page_capture,"(c) Mathieu Soetens, some rights reserved (CC BY)","Bird detection annotation; resized, cropped, and augmented for model training",platform_terms_reply_pending,2026-09-24T19:44:58.404988+00:00
inaturalist:642765674,642765674,352171969,https://www.inaturalist.org/observations/352171969,17564c409aa2b6c07d1de6fee3e0421d4de5dd4cedf241835dd7f4c3f7a18227,cc-by,https://creativecommons.org/licenses/by/4.0/,current_site_code_mapping_not_historical_photo_page_capture,"(c) Mathieu Soetens, some rights reserved (CC BY)","Bird detection annotation; resized, cropped, and augmented for model training",platform_terms_reply_pending,2026-09-24T19:44:58.404988+00:00
inaturalist:642887340,642887340,352235503,https://www.inaturalist.org/observations/352235503,bf32a4568be1738614260a0d2204527de845855b7cdd0127c8cf5bef6374b7a8,cc-by,https://creativecommons.org/licenses/by/4.0/,current_site_code_mapping_not_historical_photo_page_capture,"(c) Wang.QG, some rights reserved (CC BY)","Bird detection annotation; resized, cropped, and augmented for model training",platform_terms_reply_pending,2026-09-24T19:44:58.404988+00:00
inaturalist:642980743,642980743,352292779,https://www.inaturalist.org/observations/352292779,e4e2ebfdec4ee9d408b577ac4985ffbae7a8d9c003aeb3e201c8074c3f09635e,cc-by,https://creativecommons.org/licenses/by/4.0/,current_site_code_mapping_not_historical_photo_page_capture,"(c) Zac Peterson, some rights reserved (CC BY)","Bird detection annotation; resized, cropped, and augmented for model training",platform_terms_reply_pending,2026-09-24T19:44:58.404988+00:00
inaturalist:644864184,644864184,353421912,https://www.inaturalist.org/observations/353421912,fc6e468477353b745b2dce07337b31b3591c6d619fc76c24460076e64fe6fc09,cc0,https://creativecommons.org/publicdomain/zero/1.0/,current_site_code_mapping_not_historical_photo_page_capture,no rights reserved,"Bird detection annotation; resized, cropped, and augmented for model training",platform_terms_reply_pending,2026-09-24T19:44:58.404988+00:00
inaturalist:645137317,645137317,353652024,https://www.inaturalist.org/observations/353652024,0179213b74009e56d20e1e720244551721212d1498a4cfd8121f58db2d3fc5c3,cc-by,https://creativecommons.org/licenses/by/4.0/,current_site_code_mapping_not_historical_photo_page_capture,"(c) Johannes S., some rights reserved (CC BY)","Bird detection annotation; resized, cropped, and augmented for model training",platform_terms_reply_pending,2026-09-24T19:44:58.404988+00:00
inaturalist:645903312,645903312,354031913,https://www.inaturalist.org/observations/354031913,65fd8518a0d23341622f700c1215b62c967aed594bbe880865214aa9b4729441,cc0,https://creativecommons.org/publicdomain/zero/1.0/,current_site_code_mapping_not_historical_photo_page_capture,no rights reserved,"Bird detection annotation; resized, cropped, and augmented for model training",platform_terms_reply_pending,2026-09-24T19:44:58.404988+00:00
inaturalist:646001850,646001850,354084995,https://www.inaturalist.org/observations/354084995,bb3879011874bed2232c7b873b74331c8b6ef1b8b0ad5ae02af14e8f54adf6c8,cc-by,https://creativecommons.org/licenses/by/4.0/,current_site_code_mapping_not_historical_photo_page_capture,"(c) Ben Costamagna, some rights reserved (CC BY)","Bird detection annotation; resized, cropped, and augmented for model training",platform_terms_reply_pending,2026-09-24T19:44:58.404988+00:00
inaturalist:646092887,646092887,354137691,https://www.inaturalist.org/observations/354137691,5613816b25386c5c35b4dd1293a70d44d66f2340e5cbc00149e5aa4b9340a614,cc0,https://creativecommons.org/publicdomain/zero/1.0/,current_site_code_mapping_not_historical_photo_page_capture,no rights reserved,"Bird detection annotation; resized, cropped, and augmented for model training",platform_terms_reply_pending,2026-09-24T19:44:58.404988+00:00
inaturalist:647117771,647117771,354754489,https://www.inaturalist.org/observations/354754489,e587bd0119089ef757731c0cfdc2f3fd313005e0135ff93dde76b04ab339be17,cc0,https://creativecommons.org/publicdomain/zero/1.0/,current_site_code_mapping_not_historical_photo_page_capture,no rights reserved,"Bird detection annotation; resized, cropped, and augmented for model training",platform_terms_reply_pending,2026-09-24T19:44:58.404988+00:00
inaturalist:649413312,649413312,356117116,https://www.inaturalist.org/observations/356117116,8368765c3f8d1bc87c0accedf1ee190caf102cf5b4263dff3287959889f593ec,cc0,https://creativecommons.org/publicdomain/zero/1.0/,current_site_code_mapping_not_historical_photo_page_capture,no rights reserved,"Bird detection annotation; resized, cropped, and augmented for model training",platform_terms_reply_pending,2026-09-24T19:44:58.404988+00:00
inaturalist:650000026,650000026,356170510,https://www.inaturalist.org/observations/356170510,10f7bce49cd094fa620ccbfe8f64e3899b0c9eebfa0c322b29107f4bceaf96b8,cc-by,https://creativecommons.org/licenses/by/4.0/,current_site_code_mapping_not_historical_photo_page_capture,"(c) Mikael Nyman, some rights reserved (CC BY)","Bird detection annotation; resized, cropped, and augmented for model training",platform_terms_reply_pending,2026-09-24T19:44:58.404988+00:00
inaturalist:650871949,650871949,356893966,https://www.inaturalist.org/observations/356893966,e9ab0c1be4dac0985b08da926a3b0c968e8fddd94da920061447178e74ec518d,cc-by,https://creativecommons.org/licenses/by/4.0/,current_site_code_mapping_not_historical_photo_page_capture,"(c) Paulmathi Vinod, some rights reserved (CC BY)","Bird detection annotation; resized, cropped, and augmented for model training",platform_terms_reply_pending,2026-09-24T19:44:58.404988+00:00
inaturalist:651518953,651518953,357227858,https://www.inaturalist.org/observations/357227858,c0e7c38873a1e60ce030b6df6e1019a4b9d2d9b559e9b229f39c44459e9e44aa,cc-by,https://creativecommons.org/licenses/by/4.0/,current_site_code_mapping_not_historical_photo_page_capture,"(c) Вячеслав Юсупов, some rights reserved (CC BY)","Bird detection annotation; resized, cropped, and augmented for model training",platform_terms_reply_pending,2026-09-24T19:44:58.404988+00:00
inaturalist:651579857,651579857,357261039,https://www.inaturalist.org/observations/357261039,e4ec1c50e8d735b9e4971b69e57248f320310f38e376a487f622b130ebb7933a,cc-by,https://creativecommons.org/licenses/by/4.0/,current_site_code_mapping_not_historical_photo_page_capture,"(c) Jiao Sun (孙娇), some rights reserved (CC BY)","Bird detection annotation; resized, cropped, and augmented for model training",platform_terms_reply_pending,2026-09-24T19:44:58.404988+00:00
inaturalist:651589434,651589434,357266722,https://www.inaturalist.org/observations/357266722,f10d9f37a12067bfc2148655c47905f6f0be9d93b9de485a08b73062adb0f662,cc-by,https://creativecommons.org/licenses/by/4.0/,current_site_code_mapping_not_historical_photo_page_capture,"(c) Jiao Sun (孙娇), some rights reserved (CC BY)","Bird detection annotation; resized, cropped, and augmented for model training",platform_terms_reply_pending,2026-09-24T19:44:58.404988+00:00
inaturalist:651598236,651598236,357269313,https://www.inaturalist.org/observations/357269313,27344710de8656182f42598a45763cbbf53373fda1532ac0d073d7db95b06d9b,cc-by,https://creativecommons.org/licenses/by/4.0/,current_site_code_mapping_not_historical_photo_page_capture,"(c) Jiao Sun (孙娇), some rights reserved (CC BY)","Bird detection annotation; resized, cropped, and augmented for model training",platform_terms_reply_pending,2026-09-24T19:44:58.404988+00:00
inaturalist:651603991,651603991,357274807,https://www.inaturalist.org/observations/357274807,525434cb0ae49149b3d27dc9fed49942876032f4cc32164961cc7d6a2292582e,cc-by,https://creativecommons.org/licenses/by/4.0/,current_site_code_mapping_not_historical_photo_page_capture,"(c) Jiao Sun (孙娇), some rights reserved (CC BY)","Bird detection annotation; resized, cropped, and augmented for model training",platform_terms_reply_pending,2026-09-24T19:44:58.404988+00:00
inaturalist:652084762,652084762,357514916,https://www.inaturalist.org/observations/357514916,c680e1b19e6af6491406bc3d6429b13f6045a95f960af5212b64aac90a7723af,cc-by,https://creativecommons.org/licenses/by/4.0/,current_site_code_mapping_not_historical_photo_page_capture,"(c) Tarun Meena, some rights reserved (CC BY)","Bird detection annotation; resized, cropped, and augmented for model training",platform_terms_reply_pending,2026-09-24T19:44:58.404988+00:00
inaturalist:654072386,654072386,358536444,https://www.inaturalist.org/observations/358536444,b78e196ba85470630d4ad45723ec0ac04aa47b70218a8b0311e928dc7f2fca9f,cc-by,https://creativecommons.org/licenses/by/4.0/,current_site_code_mapping_not_historical_photo_page_capture,"(c) rashidchan, some rights reserved (CC BY)","Bird detection annotation; resized, cropped, and augmented for model training",platform_terms_reply_pending,2026-09-24T19:44:58.404988+00:00
inaturalist:654749418,654749418,358886686,https://www.inaturalist.org/observations/358886686,cd7490f5f8cdb6097639d354ea9844c857777566236a80dfe5f6ae38f62ca84a,cc-by,https://creativecommons.org/licenses/by/4.0/,current_site_code_mapping_not_historical_photo_page_capture,"(c) rashidchan, some rights reserved (CC BY)","Bird detection annotation; resized, cropped, and augmented for model training",platform_terms_reply_pending,2026-09-24T19:44:58.404988+00:00
inaturalist:654755607,654755607,358892278,https://www.inaturalist.org/observations/358892278,9a77b0fc1eef99beeb705d505878908fc07bda3fd0825fa78faf0d0bfdea18e0,cc-by,https://creativecommons.org/licenses/by/4.0/,current_site_code_mapping_not_historical_photo_page_capture,"(c) rashidchan, some rights reserved (CC BY)","Bird detection annotation; resized, cropped, and augmented for model training",platform_terms_reply_pending,2026-09-24T19:44:58.404988+00:00
inaturalist:654755610,654755610,358892280,https://www.inaturalist.org/observations/358892280,38a7a465d286fe23545629f774c37ab08af1e164d5903be796cc1b9073216baa,cc-by,https://creativecommons.org/licenses/by/4.0/,current_site_code_mapping_not_historical_photo_page_capture,"(c) rashidchan, some rights reserved (CC BY)","Bird detection annotation; resized, cropped, and augmented for model training",platform_terms_reply_pending,2026-09-24T19:44:58.404988+00:00
inaturalist:655335381,655335381,359196177,https://www.inaturalist.org/observations/359196177,874ee45c9a21e9e1417014e369777518f7f21a318e792fd8755ae63e1708081d,cc-by,https://creativecommons.org/licenses/by/4.0/,current_site_code_mapping_not_historical_photo_page_capture,"(c) rashidchan, some rights reserved (CC BY)","Bird detection annotation; resized, cropped, and augmented for model training",platform_terms_reply_pending,2026-09-24T19:44:58.404988+00:00
inaturalist:658720930,658720930,360975057,https://www.inaturalist.org/observations/360975057,18a1a3ef6e6e4babe4c83119ace9e442ed5d814b3186ce8c1e6d34d33a7fdfb2,cc-by,https://creativecommons.org/licenses/by/4.0/,current_site_code_mapping_not_historical_photo_page_capture,"(c) Fred Derks, some rights reserved (CC BY)","Bird detection annotation; resized, cropped, and augmented for model training",platform_terms_reply_pending,2026-09-24T19:44:58.404988+00:00
inaturalist:659571988,659571988,361410622,https://www.inaturalist.org/observations/361410622,af6c9315ee0e351563b38c5e48d3d04b42e483beed0ec1e04b7822084015a87c,cc-by,https://creativecommons.org/licenses/by/4.0/,current_site_code_mapping_not_historical_photo_page_capture,"(c) Licheng Shih, some rights reserved (CC BY)","Bird detection annotation; resized, cropped, and augmented for model training",platform_terms_reply_pending,2026-09-24T19:44:58.404988+00:00
inaturalist:660286897,660286897,361788917,https://www.inaturalist.org/observations/361788917,be4625cbfc2e91ecba4d206cae6d7ebca5033582214b777d5ea3fb269902859f,cc-by,https://creativecommons.org/licenses/by/4.0/,current_site_code_mapping_not_historical_photo_page_capture,"(c) morbiddread, some rights reserved (CC BY)","Bird detection annotation; resized, cropped, and augmented for model training",platform_terms_reply_pending,2026-09-24T19:44:58.404988+00:00
inaturalist:660812532,660812532,363738209,https://www.inaturalist.org/observations/363738209,a3748e8456282242b1eb7929a5a43274872f43c6758f7af0d97c49684e2544ac,cc0,https://creativecommons.org/publicdomain/zero/1.0/,current_site_code_mapping_not_historical_photo_page_capture,no rights reserved,"Bird detection annotation; resized, cropped, and augmented for model training",platform_terms_reply_pending,2026-09-24T19:44:58.404988+00:00
inaturalist:660815921,660815921,363738224,https://www.inaturalist.org/observations/363738224,66d13302b6f1c2c0958afe3b84e22cbc8a1c68254a23420cc8f35f2fb768f34f,cc0,https://creativecommons.org/publicdomain/zero/1.0/,current_site_code_mapping_not_historical_photo_page_capture,no rights reserved,"Bird detection annotation; resized, cropped, and augmented for model training",platform_terms_reply_pending,2026-09-24T19:44:58.404988+00:00
inaturalist:660816493,660816493,363738280,https://www.inaturalist.org/observations/363738280,44051227617267845dc36ce46ab5ad3029aa0f121ee3414be614161b10a89687,cc0,https://creativecommons.org/publicdomain/zero/1.0/,current_site_code_mapping_not_historical_photo_page_capture,no rights reserved,"Bird detection annotation; resized, cropped, and augmented for model training",platform_terms_reply_pending,2026-09-24T19:44:58.404988+00:00
inaturalist:660817009,660817009,363738319,https://www.inaturalist.org/observations/363738319,67301bc14743d70733afbe9693f20769b8cd5a423ed4b3ef4633797c88d5b2e9,cc0,https://creativecommons.org/publicdomain/zero/1.0/,current_site_code_mapping_not_historical_photo_page_capture,no rights reserved,"Bird detection annotation; resized, cropped, and augmented for model training",platform_terms_reply_pending,2026-09-24T19:44:58.404988+00:00
inaturalist:660817248,660817248,363738335,https://www.inaturalist.org/observations/363738335,d832455b5e42add9284721489b2453781b7cf5e1e3c112e0edfd5fd88f595f40,cc0,https://creativecommons.org/publicdomain/zero/1.0/,current_site_code_mapping_not_historical_photo_page_capture,no rights reserved,"Bird detection annotation; resized, cropped, and augmented for model training",platform_terms_reply_pending,2026-09-24T19:44:58.404988+00:00
inaturalist:660817345,660817345,363738345,https://www.inaturalist.org/observations/363738345,a9582b6e125c0cbb34ec1c949ce4b0743d994349b706a8c3a8f46224073783b6,cc0,https://creativecommons.org/publicdomain/zero/1.0/,current_site_code_mapping_not_historical_photo_page_capture,no rights reserved,"Bird detection annotation; resized, cropped, and augmented for model training",platform_terms_reply_pending,2026-09-24T19:44:58.404988+00:00
inaturalist:660817492,660817492,363738361,https://www.inaturalist.org/observations/363738361,d114f9f108c64abf5b69cb33174ea33b5fb7eb96eb7d975417bbe884d88d1a47,cc0,https://creativecommons.org/publicdomain/zero/1.0/,current_site_code_mapping_not_historical_photo_page_capture,no rights reserved,"Bird detection annotation; resized, cropped, and augmented for model training",platform_terms_reply_pending,2026-09-24T19:44:58.404988+00:00
inaturalist:660818077,660818077,363738408,https://www.inaturalist.org/observations/363738408,768dcca2c013e4d75da844a50247fcce46850d5f931442898a8a1c94747d7563,cc0,https://creativecommons.org/publicdomain/zero/1.0/,current_site_code_mapping_not_historical_photo_page_capture,no rights reserved,"Bird detection annotation; resized, cropped, and augmented for model training",platform_terms_reply_pending,2026-09-24T19:44:58.404988+00:00
inaturalist:660818143,660818143,363738411,https://www.inaturalist.org/observations/363738411,daae8cb68ea6e57053dca07c77e27af73a414db409f9d9127b98065322a15270,cc0,https://creativecommons.org/publicdomain/zero/1.0/,current_site_code_mapping_not_historical_photo_page_capture,no rights reserved,"Bird detection annotation; resized, cropped, and augmented for model training",platform_terms_reply_pending,2026-09-24T19:44:58.404988+00:00
inaturalist:660818146,660818146,363738414,https://www.inaturalist.org/observations/363738414,c9034c0623a5da7dfaf7a2eb52f50a222890a51460b993476bb6415d9207b7b0,cc0,https://creativecommons.org/publicdomain/zero/1.0/,current_site_code_mapping_not_historical_photo_page_capture,no rights reserved,"Bird detection annotation; resized, cropped, and augmented for model training",platform_terms_reply_pending,2026-09-24T19:44:58.404988+00:00
inaturalist:660819428,660819428,363738492,https://www.inaturalist.org/observations/363738492,5e70be0f6e9ba3e761dac8cc359c434baf8f2b76caddcaf9064d9f079725fc48,cc0,https://creativecommons.org/publicdomain/zero/1.0/,current_site_code_mapping_not_historical_photo_page_capture,no rights reserved,"Bird detection annotation; resized, cropped, and augmented for model training",platform_terms_reply_pending,2026-09-24T19:44:58.404988+00:00
inaturalist:661076975,661076975,362210011,https://www.inaturalist.org/observations/362210011,31efaa87c88a19bab1ed400e66dcce3b84c18406159eeda12658f68e4b03055f,cc-by,https://creativecommons.org/licenses/by/4.0/,current_site_code_mapping_not_historical_photo_page_capture,"(c) Nathaniel Isabella, some rights reserved (CC BY)","Bird detection annotation; resized, cropped, and augmented for model training",platform_terms_reply_pending,2026-09-24T19:44:58.404988+00:00
inaturalist:661467376,661467376,362415242,https://www.inaturalist.org/observations/362415242,23cbe1b018b5ca7d6fe891310456ac1af02f84f8ad3280e9fb4832ba3a35d5f7,cc-by,https://creativecommons.org/licenses/by/4.0/,current_site_code_mapping_not_historical_photo_page_capture,"(c) Barry Stewart, some rights reserved (CC BY)","Bird detection annotation; resized, cropped, and augmented for model training",platform_terms_reply_pending,2026-09-24T19:44:58.404988+00:00
inaturalist:661498742,661498742,362433736,https://www.inaturalist.org/observations/362433736,5531805f5e1ccbd2dd302dbcf38bacc5688cbd86356a1984adaf177c4c66833a,cc-by,https://creativecommons.org/licenses/by/4.0/,current_site_code_mapping_not_historical_photo_page_capture,"(c) patrickc, some rights reserved (CC BY)","Bird detection annotation; resized, cropped, and augmented for model training",platform_terms_reply_pending,2026-09-24T19:44:58.404988+00:00
inaturalist:661993468,661993468,362690411,https://www.inaturalist.org/observations/362690411,774fea355fab2afbb06fd9a768e1ed913cbbd794389beff71e5b9339f788f17d,cc0,https://creativecommons.org/publicdomain/zero/1.0/,current_site_code_mapping_not_historical_photo_page_capture,no rights reserved,"Bird detection annotation; resized, cropped, and augmented for model training",platform_terms_reply_pending,2026-09-24T19:44:58.404988+00:00
inaturalist:66203366,66203366,41729242,https://www.inaturalist.org/observations/41729242,7d935fd37c7fac5f73d353adfa1f9c6307cf18abfbac8a4b931d599d61464926,cc-by,https://creativecommons.org/licenses/by/4.0/,current_site_code_mapping_not_historical_photo_page_capture,"(c) desertnaturalist, some rights reserved (CC BY)","Bird detection annotation; resized, cropped, and augmented for model training",platform_terms_reply_pending,2026-09-24T19:44:58.404988+00:00
inaturalist:662541884,662541884,362975912,https://www.inaturalist.org/observations/362975912,ca2a8bb565a3b16f58a87b7b0efd55d96c7b09b2f71651bc45f8dc9133d99ce5,cc-by,https://creativecommons.org/licenses/by/4.0/,current_site_code_mapping_not_historical_photo_page_capture,"(c) Benedikt Schulte, some rights reserved (CC BY)","Bird detection annotation; resized, cropped, and augmented for model training",platform_terms_reply_pending,2026-09-24T19:44:58.404988+00:00
inaturalist:663705462,663705462,363586650,https://www.inaturalist.org/observations/363586650,1f41b53a065a97813ff4f7371678a3acad47cdc6eb912c609a41c2edc805507b,cc-by,https://creativecommons.org/licenses/by/4.0/,current_site_code_mapping_not_historical_photo_page_capture,"(c) Шальнов Кирилл, some rights reserved (CC BY)","Bird detection annotation; resized, cropped, and augmented for model training",platform_terms_reply_pending,2026-09-24T19:44:58.404988+00:00
inaturalist:664340417,664340417,363924354,https://www.inaturalist.org/observations/363924354,0288f8429fe1e91d46a2eefb1601a2c8257c35809538838c2c8c9bef67659c99,cc-by,https://creativecommons.org/licenses/by/4.0/,current_site_code_mapping_not_historical_photo_page_capture,"(c) Marco Mussita, some rights reserved (CC BY)","Bird detection annotation; resized, cropped, and augmented for model training",platform_terms_reply_pending,2026-09-24T19:44:58.404988+00:00
inaturalist:665568713,665568713,364576788,https://www.inaturalist.org/observations/364576788,496a19ecc268dea2628af8e19be38b062c373b1ca15a48191089180831341851,cc0,https://creativecommons.org/publicdomain/zero/1.0/,current_site_code_mapping_not_historical_photo_page_capture,no rights reserved,"Bird detection annotation; resized, cropped, and augmented for model training",platform_terms_reply_pending,2026-09-24T19:44:58.404988+00:00
inaturalist:668279429,668279429,366003044,https://www.inaturalist.org/observations/366003044,70ddecf9e853adddb56f250953daea1a3e98b2b27aa67ee53802b31c739f6a1f,cc-by,https://creativecommons.org/licenses/by/4.0/,current_site_code_mapping_not_historical_photo_page_capture,"(c) Demian Hiß, some rights reserved (CC BY)","Bird detection annotation; resized, cropped, and augmented for model training",platform_terms_reply_pending,2026-09-24T19:44:58.404988+00:00
inaturalist:668279790,668279790,366003056,https://www.inaturalist.org/observations/366003056,759378f39788b2d9fd59944dc592c397f04d982d8e0f1e8419b51750a3103cb6,cc-by,https://creativecommons.org/licenses/by/4.0/,current_site_code_mapping_not_historical_photo_page_capture,"(c) Demian Hiß, some rights reserved (CC BY)","Bird detection annotation; resized, cropped, and augmented for model training",platform_terms_reply_pending,2026-09-24T19:44:58.404988+00:00
inaturalist:668284467,668284467,366004244,https://www.inaturalist.org/observations/366004244,84c373ffdac33fe17bebc293251eb6108c0a6ef3c88e6da0a1f416b710c49026,cc-by,https://creativecommons.org/licenses/by/4.0/,current_site_code_mapping_not_historical_photo_page_capture,"(c) James Hunt, some rights reserved (CC BY)","Bird detection annotation; resized, cropped, and augmented for model training",platform_terms_reply_pending,2026-09-24T19:44:58.404988+00:00
inaturalist:668291287,668291287,366007577,https://www.inaturalist.org/observations/366007577,3ec459b9f2f21eaf05fb712c91724bcdec7e19792095b4d2c08bd125e341aaf0,cc-by,https://creativecommons.org/licenses/by/4.0/,current_site_code_mapping_not_historical_photo_page_capture,"(c) James Hunt, some rights reserved (CC BY)","Bird detection annotation; resized, cropped, and augmented for model training",platform_terms_reply_pending,2026-09-24T19:44:58.404988+00:00
inaturalist:668597267,668597267,366173877,https://www.inaturalist.org/observations/366173877,a2c4d2e2d36f69bd17e4802c1aa6b190139ee384155c724cd5d82dacebc31cf7,cc0,https://creativecommons.org/publicdomain/zero/1.0/,current_site_code_mapping_not_historical_photo_page_capture,no rights reserved,"Bird detection annotation; resized, cropped, and augmented for model training",platform_terms_reply_pending,2026-09-24T19:44:58.404988+00:00
inaturalist:669326024,669326024,366550515,https://www.inaturalist.org/observations/366550515,92f8ba5d8828afe2d3b197a56b9044584fc81014d47b2e0db0ae1059d86c475a,cc-by,https://creativecommons.org/licenses/by/4.0/,current_site_code_mapping_not_historical_photo_page_capture,"(c) Afsar Nayakkan, some rights reserved (CC BY)","Bird detection annotation; resized, cropped, and augmented for model training",platform_terms_reply_pending,2026-09-24T19:44:58.404988+00:00
inaturalist:670147984,670147984,366979738,https://www.inaturalist.org/observations/366979738,806b173f4c610ecbdb277bb0181fa5353c5506b7c10d63caed138ca074fc58c2,cc0,https://creativecommons.org/publicdomain/zero/1.0/,current_site_code_mapping_not_historical_photo_page_capture,no rights reserved,"Bird detection annotation; resized, cropped, and augmented for model training",platform_terms_reply_pending,2026-09-24T19:44:58.404988+00:00
inaturalist:670874554,670874554,367361475,https://www.inaturalist.org/observations/367361475,d4ecc7a04293dd56780a5d1c904c47866ab78122f24d17ecead2559994f921ae,cc0,https://creativecommons.org/publicdomain/zero/1.0/,current_site_code_mapping_not_historical_photo_page_capture,no rights reserved,"Bird detection annotation; resized, cropped, and augmented for model training",platform_terms_reply_pending,2026-09-24T19:44:58.404988+00:00
inaturalist:671447280,671447280,367657729,https://www.inaturalist.org/observations/367657729,e7ff6341fe5fa70d3d78098bb0c6823ec1c83e04db12de4f3344016af2cde6c1,cc-by,https://creativecommons.org/licenses/by/4.0/,current_site_code_mapping_not_historical_photo_page_capture,"(c) Jiao Sun (孙娇), some rights reserved (CC BY)","Bird detection annotation; resized, cropped, and augmented for model training",platform_terms_reply_pending,2026-09-24T19:44:58.404988+00:00
inaturalist:671447352,671447352,367657740,https://www.inaturalist.org/observations/367657740,b08ed697ead5dd78cbcaddf276c8cbcb718748aa3cd8078d0d73908dbdc3ac40,cc-by,https://creativecommons.org/licenses/by/4.0/,current_site_code_mapping_not_historical_photo_page_capture,"(c) Jiao Sun (孙娇), some rights reserved (CC BY)","Bird detection annotation; resized, cropped, and augmented for model training",platform_terms_reply_pending,2026-09-24T19:44:58.404988+00:00
inaturalist:671869821,671869821,367884162,https://www.inaturalist.org/observations/367884162,ebcc8ac2c1c65882fc0fbed823c9c95c560ea007f7da18eb9c3e6dbced05958f,cc0,https://creativecommons.org/publicdomain/zero/1.0/,current_site_code_mapping_not_historical_photo_page_capture,no rights reserved,"Bird detection annotation; resized, cropped, and augmented for model training",platform_terms_reply_pending,2026-09-24T19:44:58.404988+00:00
inaturalist:6727533,6727533,5463746,https://www.inaturalist.org/observations/5463746,d02f16ed4b5f49614e45fef9543191e4f999ed795b5f7300197d2c760e1dab53,cc-by,https://creativecommons.org/licenses/by/4.0/,current_site_code_mapping_not_historical_photo_page_capture,"(c) Marco Mussita, some rights reserved (CC BY)","Bird detection annotation; resized, cropped, and augmented for model training",platform_terms_reply_pending,2026-09-24T19:44:58.404988+00:00
inaturalist:674497612,674497612,369262952,https://www.inaturalist.org/observations/369262952,91c863d0e99abaa89ddfe3e2fb9029999d9b2066f77be5b82973bf9bf7bba484,cc0,https://creativecommons.org/publicdomain/zero/1.0/,current_site_code_mapping_not_historical_photo_page_capture,no rights reserved,"Bird detection annotation; resized, cropped, and augmented for model training",platform_terms_reply_pending,2026-09-24T19:44:58.404988+00:00
inaturalist:674555899,674555899,369302910,https://www.inaturalist.org/observations/369302910,a4d536219441301af2d284e4e0b6a0d81f30632790efe41b5f73aebbd24cb649,cc-by,https://creativecommons.org/licenses/by/4.0/,current_site_code_mapping_not_historical_photo_page_capture,"(c) Sagnik Dutta Roy, some rights reserved (CC BY)","Bird detection annotation; resized, cropped, and augmented for model training",platform_terms_reply_pending,2026-09-24T19:44:58.404988+00:00
inaturalist:674556780,674556780,369302956,https://www.inaturalist.org/observations/369302956,55b0bbdbb502cd9676ca7f872869137ed24d20adc2d1b62a405f90cd575b0d67,cc-by,https://creativecommons.org/licenses/by/4.0/,current_site_code_mapping_not_historical_photo_page_capture,"(c) Sagnik Dutta Roy, some rights reserved (CC BY)","Bird detection annotation; resized, cropped, and augmented for model training",platform_terms_reply_pending,2026-09-24T19:44:58.404988+00:00
inaturalist:674557562,674557562,369303017,https://www.inaturalist.org/observations/369303017,8950932ff816e1e90a2da15a545fb806e04aa708d9cc08ef0c04fcaa34d6c3e4,cc-by,https://creativecommons.org/licenses/by/4.0/,current_site_code_mapping_not_historical_photo_page_capture,"(c) Sagnik Dutta Roy, some rights reserved (CC BY)","Bird detection annotation; resized, cropped, and augmented for model training",platform_terms_reply_pending,2026-09-24T19:44:58.404988+00:00
inaturalist:678306998,678306998,371260388,https://www.inaturalist.org/observations/371260388,84d6033430777f48a307a00606a3b6211c1c94930a3ba2d3655542bae9d14855,cc-by,https://creativecommons.org/licenses/by/4.0/,current_site_code_mapping_not_historical_photo_page_capture,"(c) Алексей Логинов, some rights reserved (CC BY)","Bird detection annotation; resized, cropped, and augmented for model training",platform_terms_reply_pending,2026-09-24T19:44:58.404988+00:00
inaturalist:678886938,678886938,371562277,https://www.inaturalist.org/observations/371562277,fc34cabec640cbca7afd4468b0c4cde4a8b053c7ed8ed4bbeee724fc2b27d1c8,cc-by,https://creativecommons.org/licenses/by/4.0/,current_site_code_mapping_not_historical_photo_page_capture,"(c) Vladislav Isaev, some rights reserved (CC BY)","Bird detection annotation; resized, cropped, and augmented for model training",platform_terms_reply_pending,2026-09-24T19:44:58.404988+00:00
inaturalist:678889722,678889722,371563852,https://www.inaturalist.org/observations/371563852,bbe4ee0e8885a7b7d6e9304ca44baf36f67b1f0eb160faa805d473eb21ddd25b,cc-by,https://creativecommons.org/licenses/by/4.0/,current_site_code_mapping_not_historical_photo_page_capture,"(c) Vladislav Isaev, some rights reserved (CC BY)","Bird detection annotation; resized, cropped, and augmented for model training",platform_terms_reply_pending,2026-09-24T19:44:58.404988+00:00
inaturalist:680795506,680795506,372555189,https://www.inaturalist.org/observations/372555189,913b6694efe1b5a570cf042ee0f54aad07f25b5a33757b516607ea3d6453daeb,cc-by,https://creativecommons.org/licenses/by/4.0/,current_site_code_mapping_not_historical_photo_page_capture,"(c) PampaSorro, some rights reserved (CC BY)","Bird detection annotation; resized, cropped, and augmented for model training",platform_terms_reply_pending,2026-09-24T19:44:58.404988+00:00
inaturalist:682484520,682484520,373442151,https://www.inaturalist.org/observations/373442151,0f203bad00492024fd3d76d73efb3a55eb3b5c5cd82ff3aba706eaf1c8c26c6e,cc-by,https://creativecommons.org/licenses/by/4.0/,current_site_code_mapping_not_historical_photo_page_capture,"(c) Ben Costamagna, some rights reserved (CC BY)","Bird detection annotation; resized, cropped, and augmented for model training",platform_terms_reply_pending,2026-09-24T19:44:58.404988+00:00
inaturalist:683164144,683164144,373803400,https://www.inaturalist.org/observations/373803400,a58a255e5c6daab72cf14ebbf3a2e8d960233bc1b7f51803fa5029cc5cd59d1a,cc-by,https://creativecommons.org/licenses/by/4.0/,current_site_code_mapping_not_historical_photo_page_capture,"(c) Wang (Tom) ZiYi, some rights reserved (CC BY)","Bird detection annotation; resized, cropped, and augmented for model training",platform_terms_reply_pending,2026-09-24T19:44:58.404988+00:00
inaturalist:683403074,683403074,373924621,https://www.inaturalist.org/observations/373924621,3960111e185665bda449273bb1dae11adc1640ae4614a41061101da7ad0c5735,cc-by,https://creativecommons.org/licenses/by/4.0/,current_site_code_mapping_not_historical_photo_page_capture,"(c) 呂一起(Lyu yi-chi), some rights reserved (CC BY)","Bird detection annotation; resized, cropped, and augmented for model training",platform_terms_reply_pending,2026-09-24T19:44:58.404988+00:00
inaturalist:683454741,683454741,374047716,https://www.inaturalist.org/observations/374047716,1883553f19d2e3d107d06a950a9b118e4ca3bfabfbd938c48bce1345dc97c1f1,cc0,https://creativecommons.org/publicdomain/zero/1.0/,current_site_code_mapping_not_historical_photo_page_capture,no rights reserved,"Bird detection annotation; resized, cropped, and augmented for model training",platform_terms_reply_pending,2026-09-24T19:44:58.404988+00:00
inaturalist:684032359,684032359,374249080,https://www.inaturalist.org/observations/374249080,f8dd6ce29729a6ae96fd8939d9ea83ef6e8c1220ba2d53042599793095b53071,cc-by,https://creativecommons.org/licenses/by/4.0/,current_site_code_mapping_not_historical_photo_page_capture,"(c) Михаил Голомысов, some rights reserved (CC BY)","Bird detection annotation; resized, cropped, and augmented for model training",platform_terms_reply_pending,2026-09-24T19:44:58.404988+00:00
inaturalist:684362687,684362687,374418564,https://www.inaturalist.org/observations/374418564,dc4d5adbdadfe1081f6a4cac332114e43418451fe0cb53de9971edc65135add9,cc-by,https://creativecommons.org/licenses/by/4.0/,current_site_code_mapping_not_historical_photo_page_capture,"(c) Adrien Jailloux, some rights reserved (CC BY)","Bird detection annotation; resized, cropped, and augmented for model training",platform_terms_reply_pending,2026-09-24T19:44:58.404988+00:00
inaturalist:685092619,685092619,374793474,https://www.inaturalist.org/observations/374793474,1ccd1b57a5e4a1bddf48ba622677b39a589eb3a080db693fd8526ceffc6d8a42,cc-by,https://creativecommons.org/licenses/by/4.0/,current_site_code_mapping_not_historical_photo_page_capture,"(c) angryphyco, some rights reserved (CC BY)","Bird detection annotation; resized, cropped, and augmented for model training",platform_terms_reply_pending,2026-09-24T19:44:58.404988+00:00
inaturalist:685985233,685985233,375258515,https://www.inaturalist.org/observations/375258515,052e73493bb60822d58320b6bbeba1511a3e9c17b8fc4abefeb90fc3cfdee394,cc-by,https://creativecommons.org/licenses/by/4.0/,current_site_code_mapping_not_historical_photo_page_capture,"(c) Константин Шатилов, some rights reserved (CC BY)","Bird detection annotation; resized, cropped, and augmented for model training",platform_terms_reply_pending,2026-09-24T19:44:58.404988+00:00
inaturalist:686338657,686338657,375433639,https://www.inaturalist.org/observations/375433639,8eccdbf48f27d7e9734bf00e5a47b129c67cf2606fcc51e2bf0a57c72d5d57bb,cc-by,https://creativecommons.org/licenses/by/4.0/,current_site_code_mapping_not_historical_photo_page_capture,"(c) Timur Kalininsky, some rights reserved (CC BY)","Bird detection annotation; resized, cropped, and augmented for model training",platform_terms_reply_pending,2026-09-24T19:44:58.404988+00:00
inaturalist:686913412,686913412,375728401,https://www.inaturalist.org/observations/375728401,8c7a90236aeb04faf212a15722d6a97fd78e9d071865e7a55ea1cc526adc04ac,cc0,https://creativecommons.org/publicdomain/zero/1.0/,current_site_code_mapping_not_historical_photo_page_capture,no rights reserved,"Bird detection annotation; resized, cropped, and augmented for model training",platform_terms_reply_pending,2026-09-24T19:44:58.404988+00:00
inaturalist:687060989,687060989,375803871,https://www.inaturalist.org/observations/375803871,7ad2c3d431c16e57b70b5d27fcd831193ac5c5fb15e6fce0e394b0ca32b25ff2,cc-by,https://creativecommons.org/licenses/by/4.0/,current_site_code_mapping_not_historical_photo_page_capture,"(c) Ben Costamagna, some rights reserved (CC BY)","Bird detection annotation; resized, cropped, and augmented for model training",platform_terms_reply_pending,2026-09-24T19:44:58.404988+00:00
inaturalist:687105116,687105116,375828866,https://www.inaturalist.org/observations/375828866,193d04f31e28204b5f8e03a9e0841e93d7a29458792a18443fa862739cb13aaa,cc-by,https://creativecommons.org/licenses/by/4.0/,current_site_code_mapping_not_historical_photo_page_capture,"(c) Николай Гнездилов, some rights reserved (CC BY)","Bird detection annotation; resized, cropped, and augmented for model training",platform_terms_reply_pending,2026-09-24T19:44:58.404988+00:00
inaturalist:687211561,687211561,375885353,https://www.inaturalist.org/observations/375885353,6753b078a91e7dfb7d7ad9f85c8440f7efbd8906ae37224a1076d02eaf3aa01d,cc-by,https://creativecommons.org/licenses/by/4.0/,current_site_code_mapping_not_historical_photo_page_capture,"(c) Mitul and Vijul Singh, some rights reserved (CC BY)","Bird detection annotation; resized, cropped, and augmented for model training",platform_terms_reply_pending,2026-09-24T19:44:58.404988+00:00
inaturalist:687398494,687398494,375985016,https://www.inaturalist.org/observations/375985016,b82bcebb7a35c2ffe6df2644b234aaf8e0ef1895da4c08ababe6a9d92a74eee4,cc0,https://creativecommons.org/publicdomain/zero/1.0/,current_site_code_mapping_not_historical_photo_page_capture,no rights reserved,"Bird detection annotation; resized, cropped, and augmented for model training",platform_terms_reply_pending,2026-09-24T19:44:58.404988+00:00
inaturalist:687462309,687462309,376026205,https://www.inaturalist.org/observations/376026205,9c12b12ca4081f7ae4504b504043ffcec4426a4c42a3769f5e0cc44f6ba42706,cc-by,https://creativecommons.org/licenses/by/4.0/,current_site_code_mapping_not_historical_photo_page_capture,"(c) Matt Muir, some rights reserved (CC BY)","Bird detection annotation; resized, cropped, and augmented for model training",platform_terms_reply_pending,2026-09-24T19:44:58.404988+00:00
inaturalist:687529076,687529076,376051521,https://www.inaturalist.org/observations/376051521,205042fa0f6f64f8ccfd47bc5c387ccbb6f016fdcb47743405d188f7d0407e11,cc-by,https://creativecommons.org/licenses/by/4.0/,current_site_code_mapping_not_historical_photo_page_capture,"(c) white_cheeked_barbet, some rights reserved (CC BY)","Bird detection annotation; resized, cropped, and augmented for model training",platform_terms_reply_pending,2026-09-24T19:44:58.404988+00:00
inaturalist:687633039,687633039,376102215,https://www.inaturalist.org/observations/376102215,d7a366c784aa0959e1b433d52597b6bda340566b43247aeef2c378d03d8697e1,cc0,https://creativecommons.org/publicdomain/zero/1.0/,current_site_code_mapping_not_historical_photo_page_capture,no rights reserved,"Bird detection annotation; resized, cropped, and augmented for model training",platform_terms_reply_pending,2026-09-24T19:44:58.404988+00:00
inaturalist:687728955,687728955,376152699,https://www.inaturalist.org/observations/376152699,f336af3965566832573d862d238618dee480bd92fa751b7f5c26f02b387d45f4,cc-by,https://creativecommons.org/licenses/by/4.0/,current_site_code_mapping_not_historical_photo_page_capture,"(c) 祐, some rights reserved (CC BY)","Bird detection annotation; resized, cropped, and augmented for model training",platform_terms_reply_pending,2026-09-24T19:44:58.404988+00:00
inaturalist:687786936,687786936,376184940,https://www.inaturalist.org/observations/376184940,34f59f24ae1140904143ee662ec1cde8041548329c1b59aa4b95c1c323aab47c,cc0,https://creativecommons.org/publicdomain/zero/1.0/,current_site_code_mapping_not_historical_photo_page_capture,no rights reserved,"Bird detection annotation; resized, cropped, and augmented for model training",platform_terms_reply_pending,2026-09-24T19:44:58.404988+00:00
inaturalist:688310357,688310357,376456771,https://www.inaturalist.org/observations/376456771,c2312deff63dd74556d75228da09dee995b46aa132d4a1129a3b840caf8fac25,cc0,https://creativecommons.org/publicdomain/zero/1.0/,current_site_code_mapping_not_historical_photo_page_capture,no rights reserved,"Bird detection annotation; resized, cropped, and augmented for model training",platform_terms_reply_pending,2026-09-24T19:44:58.404988+00:00
inaturalist:688366122,688366122,376485290,https://www.inaturalist.org/observations/376485290,22330f4c165a30c0e343a2494e9113892e3dd0a06341e3bbccb253d04f9800f0,cc0,https://creativecommons.org/publicdomain/zero/1.0/,current_site_code_mapping_not_historical_photo_page_capture,no rights reserved,"Bird detection annotation; resized, cropped, and augmented for model training",platform_terms_reply_pending,2026-09-24T19:44:58.404988+00:00
inaturalist:688386655,688386655,376496288,https://www.inaturalist.org/observations/376496288,5d126c786b4c7469a50f134508211c6c0eea73094057d791e02a7a36bfba4696,cc0,https://creativecommons.org/publicdomain/zero/1.0/,current_site_code_mapping_not_historical_photo_page_capture,no rights reserved,"Bird detection annotation; resized, cropped, and augmented for model training",platform_terms_reply_pending,2026-09-24T19:44:58.404988+00:00
inaturalist:688391484,688391484,376498742,https://www.inaturalist.org/observations/376498742,01560125057be23bbd1a6958897408035bb4a790122f073fa208bb51cdd03ab1,cc-by,https://creativecommons.org/licenses/by/4.0/,current_site_code_mapping_not_historical_photo_page_capture,"(c) Matt B, some rights reserved (CC BY)","Bird detection annotation; resized, cropped, and augmented for model training",platform_terms_reply_pending,2026-09-24T19:44:58.404988+00:00
inaturalist:689065144,689065144,376845402,https://www.inaturalist.org/observations/376845402,2072a344342fd8ddd4f9c8a8a10b8ba52f7660aa68743dd989ce92e2fdaff9a7,cc0,https://creativecommons.org/publicdomain/zero/1.0/,current_site_code_mapping_not_historical_photo_page_capture,no rights reserved,"Bird detection annotation; resized, cropped, and augmented for model training",platform_terms_reply_pending,2026-09-24T19:44:58.404988+00:00
inaturalist:689592132,689592132,377122397,https://www.inaturalist.org/observations/377122397,3d1765ac4c2ad53d97abf83d8f77d81e8ff296bb72c74bfb52361fe0664763c2,cc-by,https://creativecommons.org/licenses/by/4.0/,current_site_code_mapping_not_historical_photo_page_capture,"(c) Jay Paroline, some rights reserved (CC BY)","Bird detection annotation; resized, cropped, and augmented for model training",platform_terms_reply_pending,2026-09-24T19:44:58.404988+00:00
inaturalist:689651672,689651672,377151457,https://www.inaturalist.org/observations/377151457,e904ed8c0ab98dd99e867b38dd1281b776654672c97473b565aa2841921ba5b3,cc0,https://creativecommons.org/publicdomain/zero/1.0/,current_site_code_mapping_not_historical_photo_page_capture,no rights reserved,"Bird detection annotation; resized, cropped, and augmented for model training",platform_terms_reply_pending,2026-09-24T19:44:58.404988+00:00
inaturalist:689965132,689965132,377315616,https://www.inaturalist.org/observations/377315616,a06c9ae844a009af82e566e886699df7af7c3cb4dc97c0d6acaa5a309ff642fa,cc-by,https://creativecommons.org/licenses/by/4.0/,current_site_code_mapping_not_historical_photo_page_capture,"(c) Tom Field, some rights reserved (CC BY)","Bird detection annotation; resized, cropped, and augmented for model training",platform_terms_reply_pending,2026-09-24T19:44:58.404988+00:00
inaturalist:690329105,690329105,377500613,https://www.inaturalist.org/observations/377500613,cbe299b1051dd949a3a74c90beecb4377bb0d77a5ab7fa4007b809de3cf8c8b6,cc-by,https://creativecommons.org/licenses/by/4.0/,current_site_code_mapping_not_historical_photo_page_capture,"(c) Михаил Голомысов, some rights reserved (CC BY)","Bird detection annotation; resized, cropped, and augmented for model training",platform_terms_reply_pending,2026-09-24T19:44:58.404988+00:00
inaturalist:690416258,690416258,377544284,https://www.inaturalist.org/observations/377544284,bfa32a9724dc59ab1fdbdc106d38cbded1a3a5aad1e4299c61f31010291d9e6b,cc0,https://creativecommons.org/publicdomain/zero/1.0/,current_site_code_mapping_not_historical_photo_page_capture,no rights reserved,"Bird detection annotation; resized, cropped, and augmented for model training",platform_terms_reply_pending,2026-09-24T19:44:58.404988+00:00
inaturalist:690474699,690474699,377573757,https://www.inaturalist.org/observations/377573757,e6473783b861be4e0c4c7b5e04acd140440332561ee8bc3a34a3210bb8e23d14,cc0,https://creativecommons.org/publicdomain/zero/1.0/,current_site_code_mapping_not_historical_photo_page_capture,no rights reserved,"Bird detection annotation; resized, cropped, and augmented for model training",platform_terms_reply_pending,2026-09-24T19:44:58.404988+00:00
inaturalist:691674871,691674871,378200170,https://www.inaturalist.org/observations/378200170,e1b03c971bccb63e1ce14cc3ce2776bfd5e1493e05f7c0112271faefdcaa5cd6,cc0,https://creativecommons.org/publicdomain/zero/1.0/,current_site_code_mapping_not_historical_photo_page_capture,no rights reserved,"Bird detection annotation; resized, cropped, and augmented for model training",platform_terms_reply_pending,2026-09-24T19:44:58.404988+00:00
inaturalist:691944108,691944108,378335954,https://www.inaturalist.org/observations/378335954,49ce7ebcfef61d68f8e69a46cf4ac93c019eaac596afb3bd4069e02ebcdd8cf7,cc-by,https://creativecommons.org/licenses/by/4.0/,current_site_code_mapping_not_historical_photo_page_capture,"(c) PampaSorro, some rights reserved (CC BY)","Bird detection annotation; resized, cropped, and augmented for model training",platform_terms_reply_pending,2026-09-24T19:44:58.404988+00:00
inaturalist:692629401,692629401,378693167,https://www.inaturalist.org/observations/378693167,8563179cf6a17273adeadc796dab752da43bb2c8e62ce281662131090fff8608,cc-by,https://creativecommons.org/licenses/by/4.0/,current_site_code_mapping_not_historical_photo_page_capture,"(c) 祐, some rights reserved (CC BY)","Bird detection annotation; resized, cropped, and augmented for model training",platform_terms_reply_pending,2026-09-24T19:44:58.404988+00:00
inaturalist:692710134,692710134,378735966,https://www.inaturalist.org/observations/378735966,8eaf2c1d105e4f06f97906e6f5ff6a6054ea0cfa1d508f66188410a0e9312689,cc-by,https://creativecommons.org/licenses/by/4.0/,current_site_code_mapping_not_historical_photo_page_capture,"(c) Pavel Smirnov, some rights reserved (CC BY)","Bird detection annotation; resized, cropped, and augmented for model training",platform_terms_reply_pending,2026-09-24T19:44:58.404988+00:00
inaturalist:692712489,692712489,378737829,https://www.inaturalist.org/observations/378737829,bf4d792367e068ee85fcf183e3cdf16ad56f0d5562303d3834c04050a8e8a4df,cc-by,https://creativecommons.org/licenses/by/4.0/,current_site_code_mapping_not_historical_photo_page_capture,"(c) Pavel Smirnov, some rights reserved (CC BY)","Bird detection annotation; resized, cropped, and augmented for model training",platform_terms_reply_pending,2026-09-24T19:44:58.404988+00:00
inaturalist:693142112,693142112,378959155,https://www.inaturalist.org/observations/378959155,a75d98a662fffa5cba32c3496062400186165de2ea987529d31c883a14682811,cc-by,https://creativecommons.org/licenses/by/4.0/,current_site_code_mapping_not_historical_photo_page_capture,"(c) avocat, some rights reserved (CC BY)","Bird detection annotation; resized, cropped, and augmented for model training",platform_terms_reply_pending,2026-09-24T19:44:58.404988+00:00
inaturalist:693212564,693212564,378993193,https://www.inaturalist.org/observations/378993193,acb7ac63c37650d782fef15b9381060a6fd4d7980ebce1e04595935024d0bb43,cc-by,https://creativecommons.org/licenses/by/4.0/,current_site_code_mapping_not_historical_photo_page_capture,"(c) avocat, some rights reserved (CC BY)","Bird detection annotation; resized, cropped, and augmented for model training",platform_terms_reply_pending,2026-09-24T19:44:58.404988+00:00
inaturalist:693812782,693812782,379302930,https://www.inaturalist.org/observations/379302930,52811c3ba284f33af9590f4bc79004fb65cd90e7015b0c5ebbe8585b4348fb98,cc-by,https://creativecommons.org/licenses/by/4.0/,current_site_code_mapping_not_historical_photo_page_capture,"(c) Kesava G., some rights reserved (CC BY)","Bird detection annotation; resized, cropped, and augmented for model training",platform_terms_reply_pending,2026-09-24T19:44:58.404988+00:00
inaturalist:693894307,693894307,379345413,https://www.inaturalist.org/observations/379345413,4d9f0dcab8f20606efdc3129885d1a6ff1f5084d540b69b0d4bc7b5482b08927,cc-by,https://creativecommons.org/licenses/by/4.0/,current_site_code_mapping_not_historical_photo_page_capture,"(c) euqirneto, some rights reserved (CC BY)","Bird detection annotation; resized, cropped, and augmented for model training",platform_terms_reply_pending,2026-09-24T19:44:58.404988+00:00
inaturalist:693960116,693960116,379382291,https://www.inaturalist.org/observations/379382291,1a43b767114446f3c929f9b413fea58eb58197058b004ce14dce1dff905e4c46,cc-by,https://creativecommons.org/licenses/by/4.0/,current_site_code_mapping_not_historical_photo_page_capture,"(c) Jiao Sun (孙娇), some rights reserved (CC BY)","Bird detection annotation; resized, cropped, and augmented for model training",platform_terms_reply_pending,2026-09-24T19:44:58.404988+00:00
inaturalist:694897603,694897603,379878771,https://www.inaturalist.org/observations/379878771,c8fcd648a7ed6e08e9eba34ee35d63aa48c51f21679bc1fbc514bfb918fc606f,cc-by,https://creativecommons.org/licenses/by/4.0/,current_site_code_mapping_not_historical_photo_page_capture,"(c) Tom Field, some rights reserved (CC BY)","Bird detection annotation; resized, cropped, and augmented for model training",platform_terms_reply_pending,2026-09-24T19:44:58.404988+00:00
inaturalist:695690287,695690287,380272002,https://www.inaturalist.org/observations/380272002,c2d62d5da55c1daa31c22536520fc86183a103ea13675f2a1434d87228cf4aaa,cc-by,https://creativecommons.org/licenses/by/4.0/,current_site_code_mapping_not_historical_photo_page_capture,"(c) Jiao Sun (孙娇), some rights reserved (CC BY)","Bird detection annotation; resized, cropped, and augmented for model training",platform_terms_reply_pending,2026-09-24T19:44:58.404988+00:00
inaturalist:695690350,695690350,380272015,https://www.inaturalist.org/observations/380272015,16ea4f037faebc9720c4faccaef3a7625c00fbe52338a108e7f1df57094b96ee,cc-by,https://creativecommons.org/licenses/by/4.0/,current_site_code_mapping_not_historical_photo_page_capture,"(c) Jiao Sun (孙娇), some rights reserved (CC BY)","Bird detection annotation; resized, cropped, and augmented for model training",platform_terms_reply_pending,2026-09-24T19:44:58.404988+00:00
inaturalist:695724918,695724918,380295863,https://www.inaturalist.org/observations/380295863,cbded6ddf2334659c1b8e3eae05d0ad124ca824a4f9e52bceafdd0b8147aab19,cc0,https://creativecommons.org/publicdomain/zero/1.0/,current_site_code_mapping_not_historical_photo_page_capture,no rights reserved,"Bird detection annotation; resized, cropped, and augmented for model training",platform_terms_reply_pending,2026-09-24T19:44:58.404988+00:00
inaturalist:696160615,696160615,380534553,https://www.inaturalist.org/observations/380534553,c12be8d2d42e63c04c499ad2c059a5702134070296633dd91d15923eef58a907,cc-by,https://creativecommons.org/licenses/by/4.0/,current_site_code_mapping_not_historical_photo_page_capture,"(c) Tom Field, some rights reserved (CC BY)","Bird detection annotation; resized, cropped, and augmented for model training",platform_terms_reply_pending,2026-09-24T19:44:58.404988+00:00
inaturalist:696381132,696381132,380632028,https://www.inaturalist.org/observations/380632028,1a2f7d34b2bfd9e5e942ffb793d32b8864a93624574dbcf3be87cb48eed2cdf2,cc-by,https://creativecommons.org/licenses/by/4.0/,current_site_code_mapping_not_historical_photo_page_capture,"(c) angryphyco, some rights reserved (CC BY)","Bird detection annotation; resized, cropped, and augmented for model training",platform_terms_reply_pending,2026-09-24T19:44:58.404988+00:00
inaturalist:696381683,696381683,380632504,https://www.inaturalist.org/observations/380632504,e570e41c586ba5646d279ca5ddaac7609e5cd2c10cf48a70858cb85c1d15f248,cc-by,https://creativecommons.org/licenses/by/4.0/,current_site_code_mapping_not_historical_photo_page_capture,"(c) angryphyco, some rights reserved (CC BY)","Bird detection annotation; resized, cropped, and augmented for model training",platform_terms_reply_pending,2026-09-24T19:44:58.404988+00:00
inaturalist:696386779,696386779,380635161,https://www.inaturalist.org/observations/380635161,5dcb8efa686e387621c8aae818e042832da13c4a599971a03b79db9101d337cc,cc0,https://creativecommons.org/publicdomain/zero/1.0/,current_site_code_mapping_not_historical_photo_page_capture,no rights reserved,"Bird detection annotation; resized, cropped, and augmented for model training",platform_terms_reply_pending,2026-09-24T19:44:58.404988+00:00
inaturalist:696387763,696387763,380637219,https://www.inaturalist.org/observations/380637219,5ce8c9c2c0966b2c13628eb9b541bc65b6f26f834f97f5baac7df626cd88603d,cc0,https://creativecommons.org/publicdomain/zero/1.0/,current_site_code_mapping_not_historical_photo_page_capture,no rights reserved,"Bird detection annotation; resized, cropped, and augmented for model training",platform_terms_reply_pending,2026-09-24T19:44:58.404988+00:00
inaturalist:696414368,696414368,380650887,https://www.inaturalist.org/observations/380650887,63b02d00362270cd8e4587e32e9353fc539c7fa632ead542ccb3544ab13b0cfb,cc0,https://creativecommons.org/publicdomain/zero/1.0/,current_site_code_mapping_not_historical_photo_page_capture,no rights reserved,"Bird detection annotation; resized, cropped, and augmented for model training",platform_terms_reply_pending,2026-09-24T19:44:58.404988+00:00
inaturalist:696434056,696434056,380663966,https://www.inaturalist.org/observations/380663966,dc122caa17fdc58d443b80321f85ef7e0b212759acf0456adaf28318e20c69e3,cc-by,https://creativecommons.org/licenses/by/4.0/,current_site_code_mapping_not_historical_photo_page_capture,"(c) MATVEY KALACHEV, some rights reserved (CC BY)","Bird detection annotation; resized, cropped, and augmented for model training",platform_terms_reply_pending,2026-09-24T19:44:58.404988+00:00
inaturalist:696434268,696434268,380663974,https://www.inaturalist.org/observations/380663974,675b385c4bd12ec9e9ade7a1aec362f0be2554d23bd32cf13c3024ef0eed3e1b,cc-by,https://creativecommons.org/licenses/by/4.0/,current_site_code_mapping_not_historical_photo_page_capture,"(c) MATVEY KALACHEV, some rights reserved (CC BY)","Bird detection annotation; resized, cropped, and augmented for model training",platform_terms_reply_pending,2026-09-24T19:44:58.404988+00:00
inaturalist:696457355,696457355,380679598,https://www.inaturalist.org/observations/380679598,44f4317e64e7160be29744943e256b6acce89cab3a4fe82bd0dcb89d1cd39682,cc0,https://creativecommons.org/publicdomain/zero/1.0/,current_site_code_mapping_not_historical_photo_page_capture,no rights reserved,"Bird detection annotation; resized, cropped, and augmented for model training",platform_terms_reply_pending,2026-09-24T19:44:58.404988+00:00
inaturalist:697143236,697143236,381155520,https://www.inaturalist.org/observations/381155520,fa7bac032baee827c3338c3643ad0f581c8cc06fbf0ef55cd036169ffdabc16c,cc-by,https://creativecommons.org/licenses/by/4.0/,current_site_code_mapping_not_historical_photo_page_capture,"(c) Ashwin, some rights reserved (CC BY)","Bird detection annotation; resized, cropped, and augmented for model training",platform_terms_reply_pending,2026-09-24T19:44:58.404988+00:00
inaturalist:697311464,697311464,381121394,https://www.inaturalist.org/observations/381121394,b255d52bf607d9dd6195383631038ffb70b95d338b030e3461329713136b7592,cc0,https://creativecommons.org/publicdomain/zero/1.0/,current_site_code_mapping_not_historical_photo_page_capture,no rights reserved,"Bird detection annotation; resized, cropped, and augmented for model training",platform_terms_reply_pending,2026-09-24T19:44:58.404988+00:00
inaturalist:697490738,697490738,381211101,https://www.inaturalist.org/observations/381211101,56e7c2b7c3801715eb652b9ce696f72e035a52d1ac712c6c0886484a9c6ca8e1,cc-by,https://creativecommons.org/licenses/by/4.0/,current_site_code_mapping_not_historical_photo_page_capture,"(c) avocat, some rights reserved (CC BY)","Bird detection annotation; resized, cropped, and augmented for model training",platform_terms_reply_pending,2026-09-24T19:44:58.404988+00:00
inaturalist:697676601,697676601,381301623,https://www.inaturalist.org/observations/381301623,d3ef5fbbcc35e523e85091ab1e594122c246d885a380177f3dbb67c264cbd1dd,cc-by,https://creativecommons.org/licenses/by/4.0/,current_site_code_mapping_not_historical_photo_page_capture,"(c) 祐, some rights reserved (CC BY)","Bird detection annotation; resized, cropped, and augmented for model training",platform_terms_reply_pending,2026-09-24T19:44:58.404988+00:00
inaturalist:698073863,698073863,381506948,https://www.inaturalist.org/observations/381506948,8ec1773a558664761af1b8e14ad2ca18b75b312d00b9e0fcc76363e2af7a80f9,cc-by,https://creativecommons.org/licenses/by/4.0/,current_site_code_mapping_not_historical_photo_page_capture,"(c) libby hepburn, some rights reserved (CC BY)","Bird detection annotation; resized, cropped, and augmented for model training",platform_terms_reply_pending,2026-09-24T19:44:58.404988+00:00
inaturalist:698584304,698584304,381770150,https://www.inaturalist.org/observations/381770150,242c2aba81c307eca29b92f6d81a2fba837b84b5cee6f5310d0e9fa12b29e8cd,cc-by,https://creativecommons.org/licenses/by/4.0/,current_site_code_mapping_not_historical_photo_page_capture,"(c) MIMI, some rights reserved (CC BY)","Bird detection annotation; resized, cropped, and augmented for model training",platform_terms_reply_pending,2026-09-24T19:44:58.404988+00:00
inaturalist:698866315,698866315,381912668,https://www.inaturalist.org/observations/381912668,985dce6997531c80696cdc4e72feb06f12c09244861ac61db270d2713ce70434,cc-by,https://creativecommons.org/licenses/by/4.0/,current_site_code_mapping_not_historical_photo_page_capture,"(c) Jiao Sun (孙娇), some rights reserved (CC BY)","Bird detection annotation; resized, cropped, and augmented for model training",platform_terms_reply_pending,2026-09-24T19:44:58.404988+00:00
inaturalist:700635294,700635294,382834792,https://www.inaturalist.org/observations/382834792,c7fbaff0ba24ec3cc504c0212063e643e60fa0d0ddc6304b4599aac97c3f15e8,cc0,https://creativecommons.org/publicdomain/zero/1.0/,current_site_code_mapping_not_historical_photo_page_capture,no rights reserved,"Bird detection annotation; resized, cropped, and augmented for model training",platform_terms_reply_pending,2026-09-24T19:44:58.404988+00:00
inaturalist:70083280,70083280,44203208,https://www.inaturalist.org/observations/44203208,32b2de9b1ccb34551bae63e71885dbb902183e7795b13bec70a7798129243d6d,cc-by,https://creativecommons.org/licenses/by/4.0/,current_site_code_mapping_not_historical_photo_page_capture,"(c) Raja bandi, some rights reserved (CC BY)","Bird detection annotation; resized, cropped, and augmented for model training",platform_terms_reply_pending,2026-09-24T19:44:58.404988+00:00
inaturalist:701555578,701555578,383312243,https://www.inaturalist.org/observations/383312243,05fb1e40fdd1a23df1c9d794318f62bface23578b93d2c761c90b621587dd205,cc-by,https://creativecommons.org/licenses/by/4.0/,current_site_code_mapping_not_historical_photo_page_capture,"(c) Max, some rights reserved (CC BY)","Bird detection annotation; resized, cropped, and augmented for model training",platform_terms_reply_pending,2026-09-24T19:44:58.404988+00:00
inaturalist:701555742,701555742,383312325,https://www.inaturalist.org/observations/383312325,16ef647f5c02cba12822bab33fdb49f9f81b0a1e78c35cb0bd441d53b8296ee6,cc-by,https://creativecommons.org/licenses/by/4.0/,current_site_code_mapping_not_historical_photo_page_capture,"(c) Max, some rights reserved (CC BY)","Bird detection annotation; resized, cropped, and augmented for model training",platform_terms_reply_pending,2026-09-24T19:44:58.404988+00:00
inaturalist:701556545,701556545,383312792,https://www.inaturalist.org/observations/383312792,ac44aaced633fdcd6c0d574bf215ee48aacec03b88293c40e38a012086390c8f,cc-by,https://creativecommons.org/licenses/by/4.0/,current_site_code_mapping_not_historical_photo_page_capture,"(c) Max, some rights reserved (CC BY)","Bird detection annotation; resized, cropped, and augmented for model training",platform_terms_reply_pending,2026-09-24T19:44:58.404988+00:00
inaturalist:702461950,702461950,383784923,https://www.inaturalist.org/observations/383784923,ac93a1829ba026b2206173c0ff2c5206605388ab1ad6ac45fac88be6461095cf,cc-by,https://creativecommons.org/licenses/by/4.0/,current_site_code_mapping_not_historical_photo_page_capture,"(c) Gonzalo Ganda Álvarez, some rights reserved (CC BY)","Bird detection annotation; resized, cropped, and augmented for model training",platform_terms_reply_pending,2026-09-24T19:44:58.404988+00:00
inaturalist:702597010,702597010,383854732,https://www.inaturalist.org/observations/383854732,3dc50cf6233bbd09ac404a84c11c22a66ae487377733cc78ded030b72365e818,cc-by,https://creativecommons.org/licenses/by/4.0/,current_site_code_mapping_not_historical_photo_page_capture,"(c) Srivatsan Ramkumar, some rights reserved (CC BY)","Bird detection annotation; resized, cropped, and augmented for model training",platform_terms_reply_pending,2026-09-24T19:44:58.404988+00:00
inaturalist:702645461,702645461,383882037,https://www.inaturalist.org/observations/383882037,a5eace6ea3745795344912b0492bacc299429cf8c9976e8d2b209236b87037cf,cc-by,https://creativecommons.org/licenses/by/4.0/,current_site_code_mapping_not_historical_photo_page_capture,"(c) Demian Hiß, some rights reserved (CC BY)","Bird detection annotation; resized, cropped, and augmented for model training",platform_terms_reply_pending,2026-09-24T19:44:58.404988+00:00
inaturalist:702647040,702647040,383879737,https://www.inaturalist.org/observations/383879737,61b56ef9eb006bd811be8ca4100e7c0d621029f42235d1d117438d4e00f8582c,cc0,https://creativecommons.org/publicdomain/zero/1.0/,current_site_code_mapping_not_historical_photo_page_capture,no rights reserved,"Bird detection annotation; resized, cropped, and augmented for model training",platform_terms_reply_pending,2026-09-24T19:44:58.404988+00:00
inaturalist:702652752,702652752,383884689,https://www.inaturalist.org/observations/383884689,a16ed74605e252f64ede368069d175a838a2962993c3d2867f147665259f14b6,cc-by,https://creativecommons.org/licenses/by/4.0/,current_site_code_mapping_not_historical_photo_page_capture,"(c) Demian Hiß, some rights reserved (CC BY)","Bird detection annotation; resized, cropped, and augmented for model training",platform_terms_reply_pending,2026-09-24T19:44:58.404988+00:00
inaturalist:702713512,702713512,383914702,https://www.inaturalist.org/observations/383914702,eaddce08d879ec9fee2f6801f8c49803224a7697cc2cb3ca16600f7b665ec0cb,cc-by,https://creativecommons.org/licenses/by/4.0/,current_site_code_mapping_not_historical_photo_page_capture,"(c) SIA, some rights reserved (CC BY)","Bird detection annotation; resized, cropped, and augmented for model training",platform_terms_reply_pending,2026-09-24T19:44:58.404988+00:00
inaturalist:702883225,702883225,384007884,https://www.inaturalist.org/observations/384007884,e8c75aaf16ada83b812b6e48d0fd1a02d11d1035cef6de75d2795e4807bb5a9c,cc-by,https://creativecommons.org/licenses/by/4.0/,current_site_code_mapping_not_historical_photo_page_capture,"(c) Piyush Marwadi, some rights reserved (CC BY)","Bird detection annotation; resized, cropped, and augmented for model training",platform_terms_reply_pending,2026-09-24T19:44:58.404988+00:00
inaturalist:702890443,702890443,384008711,https://www.inaturalist.org/observations/384008711,e1b134793dbe2613772aeac9cf4f41ee1ba62d20b8ef33b6ff84d199cd0aed94,cc-by,https://creativecommons.org/licenses/by/4.0/,current_site_code_mapping_not_historical_photo_page_capture,"(c) Piyush Marwadi, some rights reserved (CC BY)","Bird detection annotation; resized, cropped, and augmented for model training",platform_terms_reply_pending,2026-09-24T19:44:58.404988+00:00
inaturalist:703337167,703337167,384241642,https://www.inaturalist.org/observations/384241642,aa80218e11be37159ae842705595db95e770ba62ff835a6af9737436732d604d,cc-by,https://creativecommons.org/licenses/by/4.0/,current_site_code_mapping_not_historical_photo_page_capture,"(c) Tom Field, some rights reserved (CC BY)","Bird detection annotation; resized, cropped, and augmented for model training",platform_terms_reply_pending,2026-09-24T19:44:58.404988+00:00
inaturalist:703785455,703785455,384468170,https://www.inaturalist.org/observations/384468170,9dbc6712d47edfeaace4b3f9929b26b80fd0faf9c3ba5cf97df95b5f2ea40e35,cc-by,https://creativecommons.org/licenses/by/4.0/,current_site_code_mapping_not_historical_photo_page_capture,"(c) Mitul and Vijul Singh, some rights reserved (CC BY)","Bird detection annotation; resized, cropped, and augmented for model training",platform_terms_reply_pending,2026-09-24T19:44:58.404988+00:00
inaturalist:703951816,703951816,384555090,https://www.inaturalist.org/observations/384555090,68005866b6eb4824172e28b97707a2d1ae2726f4946b429458a8ade63c47193c,cc-by,https://creativecommons.org/licenses/by/4.0/,current_site_code_mapping_not_historical_photo_page_capture,"(c) Rachael Kaiser, some rights reserved (CC BY)","Bird detection annotation; resized, cropped, and augmented for model training",platform_terms_reply_pending,2026-09-24T19:44:58.404988+00:00
inaturalist:704105490,704105490,384638550,https://www.inaturalist.org/observations/384638550,857745536834c206c8b9ba6338a91de4ff4968ba92c11c8323ff0cc997ad01a3,cc-by,https://creativecommons.org/licenses/by/4.0/,current_site_code_mapping_not_historical_photo_page_capture,"(c) Demian Hiß, some rights reserved (CC BY)","Bird detection annotation; resized, cropped, and augmented for model training",platform_terms_reply_pending,2026-09-24T19:44:58.404988+00:00
inaturalist:704304920,704304920,384742491,https://www.inaturalist.org/observations/384742491,43896b9d4259c590ef0014fea9d6dff3f11df54918cabc533b121ddb4bf36364,cc-by,https://creativecommons.org/licenses/by/4.0/,current_site_code_mapping_not_historical_photo_page_capture,"(c) Tom Field, some rights reserved (CC BY)","Bird detection annotation; resized, cropped, and augmented for model training",platform_terms_reply_pending,2026-09-24T19:44:58.404988+00:00
inaturalist:70458745,70458745,44439913,https://www.inaturalist.org/observations/44439913,2efd79c8f7d754fb8d4cb7cf5b948cb93849ef6f8fd9baa359c4e8c1e1575250,cc-by,https://creativecommons.org/licenses/by/4.0/,current_site_code_mapping_not_historical_photo_page_capture,"(c) scaup, some rights reserved (CC BY)","Bird detection annotation; resized, cropped, and augmented for model training",platform_terms_reply_pending,2026-09-24T19:44:58.404988+00:00
inaturalist:704938494,704938494,385070211,https://www.inaturalist.org/observations/385070211,2b0b5fd291d76b53f352490dcb6b67be305e7c6ad1e3e1398889f517a63236d8,cc-by,https://creativecommons.org/licenses/by/4.0/,current_site_code_mapping_not_historical_photo_page_capture,"(c) Cheongweei Gan, some rights reserved (CC BY)","Bird detection annotation; resized, cropped, and augmented for model training",platform_terms_reply_pending,2026-09-24T19:44:58.404988+00:00
inaturalist:704985711,704985711,385093897,https://www.inaturalist.org/observations/385093897,97d754c7cd56b8109ab5457915908ea3baaabf60f6ec8ebe8069d9c2c3d7f49e,cc-by,https://creativecommons.org/licenses/by/4.0/,current_site_code_mapping_not_historical_photo_page_capture,"(c) Jagdish Singh Negi, some rights reserved (CC BY)","Bird detection annotation; resized, cropped, and augmented for model training",platform_terms_reply_pending,2026-09-24T19:44:58.404988+00:00
inaturalist:705285060,705285060,385253436,https://www.inaturalist.org/observations/385253436,b272e62a2663285d0897e54bcc3b84a1225271b8f4133d3d3c0ddd9e7cfc3b22,cc-by,https://creativecommons.org/licenses/by/4.0/,current_site_code_mapping_not_historical_photo_page_capture,"(c) Coralie, some rights reserved (CC BY)","Bird detection annotation; resized, cropped, and augmented for model training",platform_terms_reply_pending,2026-09-24T19:44:58.404988+00:00
inaturalist:705333856,705333856,385286698,https://www.inaturalist.org/observations/385286698,a23bbf3af65b6c0a22642dfd1c1e5d2aa660dc9bc289006157a02cf67384247d,cc-by,https://creativecommons.org/licenses/by/4.0/,current_site_code_mapping_not_historical_photo_page_capture,"(c) Cheongweei Gan, some rights reserved (CC BY)","Bird detection annotation; resized, cropped, and augmented for model training",platform_terms_reply_pending,2026-09-24T19:44:58.404988+00:00
inaturalist:705333951,705333951,385286711,https://www.inaturalist.org/observations/385286711,7c2e81a53686407a786ae10d7ff0d3ef93aa6c0025b0403a2767ef8de90717b2,cc-by,https://creativecommons.org/licenses/by/4.0/,current_site_code_mapping_not_historical_photo_page_capture,"(c) Cheongweei Gan, some rights reserved (CC BY)","Bird detection annotation; resized, cropped, and augmented for model training",platform_terms_reply_pending,2026-09-24T19:44:58.404988+00:00
inaturalist:705832437,705832437,385542509,https://www.inaturalist.org/observations/385542509,cee34814fc5975cff4493ad7e5ed435ce1b0188dfc24ff9f82d1a55487bc52e8,cc0,https://creativecommons.org/publicdomain/zero/1.0/,current_site_code_mapping_not_historical_photo_page_capture,no rights reserved,"Bird detection annotation; resized, cropped, and augmented for model training",platform_terms_reply_pending,2026-09-24T19:44:58.404988+00:00
inaturalist:705832884,705832884,385542716,https://www.inaturalist.org/observations/385542716,fd89bb5bb1e16d5e6ae895a342405f2ede79c22a980df76c7707ec11b39558cf,cc0,https://creativecommons.org/publicdomain/zero/1.0/,current_site_code_mapping_not_historical_photo_page_capture,no rights reserved,"Bird detection annotation; resized, cropped, and augmented for model training",platform_terms_reply_pending,2026-09-24T19:44:58.404988+00:00
inaturalist:705832954,705832954,385542747,https://www.inaturalist.org/observations/385542747,8f15011efb691278358b404a211a5b9b49d37f2830c3002aa19acd1e5d1a291c,cc0,https://creativecommons.org/publicdomain/zero/1.0/,current_site_code_mapping_not_historical_photo_page_capture,no rights reserved,"Bird detection annotation; resized, cropped, and augmented for model training",platform_terms_reply_pending,2026-09-24T19:44:58.404988+00:00
inaturalist:705832998,705832998,385542766,https://www.inaturalist.org/observations/385542766,1e8750f26de7e036cb603907eeb4576519ef8766891d6c3cc33e6d4d24fcae7f,cc0,https://creativecommons.org/publicdomain/zero/1.0/,current_site_code_mapping_not_historical_photo_page_capture,no rights reserved,"Bird detection annotation; resized, cropped, and augmented for model training",platform_terms_reply_pending,2026-09-24T19:44:58.404988+00:00
inaturalist:705905756,705905756,385581155,https://www.inaturalist.org/observations/385581155,8cf21ba1fc3e827007ada7b89258b688524889a9aa5def83970e68c0a1fd2dec,cc-by,https://creativecommons.org/licenses/by/4.0/,current_site_code_mapping_not_historical_photo_page_capture,"(c) Cheongweei Gan, some rights reserved (CC BY)","Bird detection annotation; resized, cropped, and augmented for model training",platform_terms_reply_pending,2026-09-24T19:44:58.404988+00:00
inaturalist:706011345,706011345,385637013,https://www.inaturalist.org/observations/385637013,7bbb5c817d2bcd80171b46f9004ca379ce51217d8f0d1a37fc988c1fecface29,cc-by,https://creativecommons.org/licenses/by/4.0/,current_site_code_mapping_not_historical_photo_page_capture,"(c) 祐, some rights reserved (CC BY)","Bird detection annotation; resized, cropped, and augmented for model training",platform_terms_reply_pending,2026-09-24T19:44:58.404988+00:00
inaturalist:706034784,706034784,385649451,https://www.inaturalist.org/observations/385649451,9c041defa8e830b62080d4458ba1cebdb80d3158c164b9b090bb6255df8c9a96,cc-by,https://creativecommons.org/licenses/by/4.0/,current_site_code_mapping_not_historical_photo_page_capture,"(c) 祐, some rights reserved (CC BY)","Bird detection annotation; resized, cropped, and augmented for model training",platform_terms_reply_pending,2026-09-24T19:44:58.404988+00:00
inaturalist:706036795,706036795,385656084,https://www.inaturalist.org/observations/385656084,2a0562d9445cc1ffcb536b1577ffe6b41b1c66eb15aa0a7d68907e1cb8bcf8e8,cc-by,https://creativecommons.org/licenses/by/4.0/,current_site_code_mapping_not_historical_photo_page_capture,"(c) Srivatsan Ramkumar, some rights reserved (CC BY)","Bird detection annotation; resized, cropped, and augmented for model training",platform_terms_reply_pending,2026-09-24T19:44:58.404988+00:00
inaturalist:706036829,706036829,385656083,https://www.inaturalist.org/observations/385656083,ddbebff7e01976aea8811524ded6734a8371c384370c32149f8c5dfc65720507,cc-by,https://creativecommons.org/licenses/by/4.0/,current_site_code_mapping_not_historical_photo_page_capture,"(c) Srivatsan Ramkumar, some rights reserved (CC BY)","Bird detection annotation; resized, cropped, and augmented for model training",platform_terms_reply_pending,2026-09-24T19:44:58.404988+00:00
inaturalist:706037206,706037206,385650973,https://www.inaturalist.org/observations/385650973,5ffb74a072a051a9ae9ecd7303b2607949014e30bd65e34e7fdaadce1ed14ab4,cc-by,https://creativecommons.org/licenses/by/4.0/,current_site_code_mapping_not_historical_photo_page_capture,"(c) Thomas Gyselinck, some rights reserved (CC BY)","Bird detection annotation; resized, cropped, and augmented for model training",platform_terms_reply_pending,2026-09-24T19:44:58.404988+00:00
inaturalist:706037452,706037452,385656133,https://www.inaturalist.org/observations/385656133,c1b5a6a504e983d08584edac5408cf14d7f9d547a290154bd65f5f362ba2f319,cc-by,https://creativecommons.org/licenses/by/4.0/,current_site_code_mapping_not_historical_photo_page_capture,"(c) Srivatsan Ramkumar, some rights reserved (CC BY)","Bird detection annotation; resized, cropped, and augmented for model training",platform_terms_reply_pending,2026-09-24T19:44:58.404988+00:00
inaturalist:706376817,706376817,385835346,https://www.inaturalist.org/observations/385835346,525d0dd409ad754025164a14365d44931a108358110af052c1a2860527a003a7,cc-by,https://creativecommons.org/licenses/by/4.0/,current_site_code_mapping_not_historical_photo_page_capture,"(c) Tom Field, some rights reserved (CC BY)","Bird detection annotation; resized, cropped, and augmented for model training",platform_terms_reply_pending,2026-09-24T19:44:58.404988+00:00
inaturalist:706972191,706972191,386137109,https://www.inaturalist.org/observations/386137109,416d2a448cbe5782276dbe11c21cfdfe7fec07b31540700cf86f87e2619f10db,cc-by,https://creativecommons.org/licenses/by/4.0/,current_site_code_mapping_not_historical_photo_page_capture,"(c) Aalbert Rebergen, some rights reserved (CC BY)","Bird detection annotation; resized, cropped, and augmented for model training",platform_terms_reply_pending,2026-09-24T19:44:58.404988+00:00
inaturalist:706973838,706973838,386137662,https://www.inaturalist.org/observations/386137662,d7e8ff8b6c243e5f78e0a630d67421247db7ff25df50dfb5c2dca452127b917b,cc-by,https://creativecommons.org/licenses/by/4.0/,current_site_code_mapping_not_historical_photo_page_capture,"(c) Aalbert Rebergen, some rights reserved (CC BY)","Bird detection annotation; resized, cropped, and augmented for model training",platform_terms_reply_pending,2026-09-24T19:44:58.404988+00:00
inaturalist:707038468,707038468,386170102,https://www.inaturalist.org/observations/386170102,f49f715b9dc4de1f540a2ad1f53320959a1ccb34c44104853f9ea05989348c77,cc-by,https://creativecommons.org/licenses/by/4.0/,current_site_code_mapping_not_historical_photo_page_capture,"(c) Aalbert Rebergen, some rights reserved (CC BY)","Bird detection annotation; resized, cropped, and augmented for model training",platform_terms_reply_pending,2026-09-24T19:44:58.404988+00:00
inaturalist:707048403,707048403,386174826,https://www.inaturalist.org/observations/386174826,fbe052eabb83890751804d72656498d1ab28988ac296a0707b7f396f13c26096,cc-by,https://creativecommons.org/licenses/by/4.0/,current_site_code_mapping_not_historical_photo_page_capture,"(c) Zheyuan LIU, some rights reserved (CC BY)","Bird detection annotation; resized, cropped, and augmented for model training",platform_terms_reply_pending,2026-09-24T19:44:58.404988+00:00
inaturalist:707218352,707218352,386264365,https://www.inaturalist.org/observations/386264365,d36abcec9756a230e3e3a515f20701327da251f253e8c73b20f133a75e5ca420,cc-by,https://creativecommons.org/licenses/by/4.0/,current_site_code_mapping_not_historical_photo_page_capture,"(c) jzfu, some rights reserved (CC BY)","Bird detection annotation; resized, cropped, and augmented for model training",platform_terms_reply_pending,2026-09-24T19:44:58.404988+00:00
inaturalist:707714398,707714398,386524011,https://www.inaturalist.org/observations/386524011,fb3a2af05a912ee2a3a752bbbd6b9b792ddfe1778838c13b194080f8597663f1,cc-by,https://creativecommons.org/licenses/by/4.0/,current_site_code_mapping_not_historical_photo_page_capture,"(c) jzfu, some rights reserved (CC BY)","Bird detection annotation; resized, cropped, and augmented for model training",platform_terms_reply_pending,2026-09-24T19:44:58.404988+00:00
inaturalist:707714758,707714758,386524275,https://www.inaturalist.org/observations/386524275,1428d2531b81a2bc15fbad35567ddc3da5c373e48886f2986d84cf1262188435,cc-by,https://creativecommons.org/licenses/by/4.0/,current_site_code_mapping_not_historical_photo_page_capture,"(c) jzfu, some rights reserved (CC BY)","Bird detection annotation; resized, cropped, and augmented for model training",platform_terms_reply_pending,2026-09-24T19:44:58.404988+00:00
inaturalist:707753806,707753806,386544270,https://www.inaturalist.org/observations/386544270,25c04881bcbf7c6f09b58bf5695372d1df024891120e8508e81261aff89e8705,cc-by,https://creativecommons.org/licenses/by/4.0/,current_site_code_mapping_not_historical_photo_page_capture,"(c) Tom Field, some rights reserved (CC BY)","Bird detection annotation; resized, cropped, and augmented for model training",platform_terms_reply_pending,2026-09-24T19:44:58.404988+00:00
inaturalist:708080047,708080047,386720076,https://www.inaturalist.org/observations/386720076,0763b1a3db9b0c1584c9eb83ef5c197813b767e6c68e2eb8204f0fe694904347,cc-by,https://creativecommons.org/licenses/by/4.0/,current_site_code_mapping_not_historical_photo_page_capture,"(c) Ingvild Riska, some rights reserved (CC BY)","Bird detection annotation; resized, cropped, and augmented for model training",platform_terms_reply_pending,2026-09-24T19:44:58.404988+00:00
inaturalist:708226707,708226707,386802120,https://www.inaturalist.org/observations/386802120,fe909a4fb09b8f3e75e20a4992bdb8d789b134d81e4050559d4caa1ce0209b9f,cc-by,https://creativecommons.org/licenses/by/4.0/,current_site_code_mapping_not_historical_photo_page_capture,"(c) Peter T. Rühr, some rights reserved (CC BY)","Bird detection annotation; resized, cropped, and augmented for model training",platform_terms_reply_pending,2026-09-24T19:44:58.404988+00:00
inaturalist:708228790,708228790,386802141,https://www.inaturalist.org/observations/386802141,a6be3636509bf68e5201c98aa096dad0f41f1be488d97021d3faa663e49cc8d7,cc-by,https://creativecommons.org/licenses/by/4.0/,current_site_code_mapping_not_historical_photo_page_capture,"(c) Peter T. Rühr, some rights reserved (CC BY)","Bird detection annotation; resized, cropped, and augmented for model training",platform_terms_reply_pending,2026-09-24T19:44:58.404988+00:00
inaturalist:708231731,708231731,386802177,https://www.inaturalist.org/observations/386802177,78bb63d64230d876f5b988c7b3937cfa97f519696a5ba0dc70952f9015d99f06,cc-by,https://creativecommons.org/licenses/by/4.0/,current_site_code_mapping_not_historical_photo_page_capture,"(c) Peter T. Rühr, some rights reserved (CC BY)","Bird detection annotation; resized, cropped, and augmented for model training",platform_terms_reply_pending,2026-09-24T19:44:58.404988+00:00
inaturalist:708240047,708240047,386802190,https://www.inaturalist.org/observations/386802190,a3e7c6f20725327f94b686ed5f0f7586007131a61a441fa9d9847e11b86c0718,cc-by,https://creativecommons.org/licenses/by/4.0/,current_site_code_mapping_not_historical_photo_page_capture,"(c) Peter T. Rühr, some rights reserved (CC BY)","Bird detection annotation; resized, cropped, and augmented for model training",platform_terms_reply_pending,2026-09-24T19:44:58.404988+00:00
inaturalist:708240054,708240054,386802191,https://www.inaturalist.org/observations/386802191,42d1aa90487155ef41cc7de319b61a5de2b97f286095513e535feebdf4d0b640,cc-by,https://creativecommons.org/licenses/by/4.0/,current_site_code_mapping_not_historical_photo_page_capture,"(c) Peter T. Rühr, some rights reserved (CC BY)","Bird detection annotation; resized, cropped, and augmented for model training",platform_terms_reply_pending,2026-09-24T19:44:58.404988+00:00
inaturalist:708240169,708240169,386802230,https://www.inaturalist.org/observations/386802230,ac4b35672842371e5f30ed1b1d49b3e356081b455690f5b459afa6ff5de0563d,cc-by,https://creativecommons.org/licenses/by/4.0/,current_site_code_mapping_not_historical_photo_page_capture,"(c) Peter T. Rühr, some rights reserved (CC BY)","Bird detection annotation; resized, cropped, and augmented for model training",platform_terms_reply_pending,2026-09-24T19:44:58.404988+00:00
inaturalist:708240180,708240180,386802238,https://www.inaturalist.org/observations/386802238,259dbf7071801bbc6da775e4a76f192c82008845225c56ea5b4c59a58c1788af,cc-by,https://creativecommons.org/licenses/by/4.0/,current_site_code_mapping_not_historical_photo_page_capture,"(c) Peter T. Rühr, some rights reserved (CC BY)","Bird detection annotation; resized, cropped, and augmented for model training",platform_terms_reply_pending,2026-09-24T19:44:58.404988+00:00
inaturalist:708240186,708240186,386802244,https://www.inaturalist.org/observations/386802244,1a232a6b67df11b02f5730e82b24896de5756fa4ddbcdef189de9211ea3eef85,cc-by,https://creativecommons.org/licenses/by/4.0/,current_site_code_mapping_not_historical_photo_page_capture,"(c) Peter T. Rühr, some rights reserved (CC BY)","Bird detection annotation; resized, cropped, and augmented for model training",platform_terms_reply_pending,2026-09-24T19:44:58.404988+00:00
inaturalist:708240213,708240213,386802259,https://www.inaturalist.org/observations/386802259,2441213ec3143ba5b5147abc6da5da6077002260fae963ed9132935ab0352f68,cc-by,https://creativecommons.org/licenses/by/4.0/,current_site_code_mapping_not_historical_photo_page_capture,"(c) Peter T. Rühr, some rights reserved (CC BY)","Bird detection annotation; resized, cropped, and augmented for model training",platform_terms_reply_pending,2026-09-24T19:44:58.404988+00:00
inaturalist:708240216,708240216,386802263,https://www.inaturalist.org/observations/386802263,af48c58efa68d7e68aac310ef6a132bdf6a2d3eb1e8d870aacdf9c80090f524f,cc-by,https://creativecommons.org/licenses/by/4.0/,current_site_code_mapping_not_historical_photo_page_capture,"(c) Peter T. Rühr, some rights reserved (CC BY)","Bird detection annotation; resized, cropped, and augmented for model training",platform_terms_reply_pending,2026-09-24T19:44:58.404988+00:00
inaturalist:708240253,708240253,386802243,https://www.inaturalist.org/observations/386802243,9ee33b5c612e5cdfc2cfd0cdcca0567940821474a984d8e75839af4f44b09e35,cc-by,https://creativecommons.org/licenses/by/4.0/,current_site_code_mapping_not_historical_photo_page_capture,"(c) Peter T. Rühr, some rights reserved (CC BY)","Bird detection annotation; resized, cropped, and augmented for model training",platform_terms_reply_pending,2026-09-24T19:44:58.404988+00:00
inaturalist:70828253,70828253,44676710,https://www.inaturalist.org/observations/44676710,fa46b785e2013dee732e8c95721a0568ec88c46ebe2951139730eefaf2631cb5,cc-by,https://creativecommons.org/licenses/by/4.0/,current_site_code_mapping_not_historical_photo_page_capture,"(c) scaup, some rights reserved (CC BY)","Bird detection annotation; resized, cropped, and augmented for model training",platform_terms_reply_pending,2026-09-24T19:44:58.404988+00:00
inaturalist:708840193,708840193,387114285,https://www.inaturalist.org/observations/387114285,33c260967d7ab27e3f5db5114bb0db5057341cb1efffe5f01a2f2e13537173e5,cc-by,https://creativecommons.org/licenses/by/4.0/,current_site_code_mapping_not_historical_photo_page_capture,"(c) SIA, some rights reserved (CC BY)","Bird detection annotation; resized, cropped, and augmented for model training",platform_terms_reply_pending,2026-09-24T19:44:58.404988+00:00
inaturalist:708886855,708886855,387137879,https://www.inaturalist.org/observations/387137879,42fcc0465a1298f76531984da14f5b5efa1c861f6e9426d0e9c712b4460c9a45,cc-by,https://creativecommons.org/licenses/by/4.0/,current_site_code_mapping_not_historical_photo_page_capture,"(c) 祐, some rights reserved (CC BY)","Bird detection annotation; resized, cropped, and augmented for model training",platform_terms_reply_pending,2026-09-24T19:44:58.404988+00:00
inaturalist:709104100,709104100,387252408,https://www.inaturalist.org/observations/387252408,e99a3b183411e10216f892e7c67542d2611edc906b517b847f571dfa49e7bb62,cc-by,https://creativecommons.org/licenses/by/4.0/,current_site_code_mapping_not_historical_photo_page_capture,"(c) Ingvild Riska, some rights reserved (CC BY)","Bird detection annotation; resized, cropped, and augmented for model training",platform_terms_reply_pending,2026-09-24T19:44:58.404988+00:00
inaturalist:709455647,709455647,387432181,https://www.inaturalist.org/observations/387432181,818b4b35d86ed5ca8d6cd1054632b506b39e10d24b57a0b5c4da99fcf1620d8e,cc-by,https://creativecommons.org/licenses/by/4.0/,current_site_code_mapping_not_historical_photo_page_capture,"(c) Modest_Reindeer, some rights reserved (CC BY)","Bird detection annotation; resized, cropped, and augmented for model training",platform_terms_reply_pending,2026-09-24T19:44:58.404988+00:00
inaturalist:709459861,709459861,387434080,https://www.inaturalist.org/observations/387434080,e00a5701ae17e62f012dc492c44bd4afd1633736db86460a91337fcda08b1228,cc-by,https://creativecommons.org/licenses/by/4.0/,current_site_code_mapping_not_historical_photo_page_capture,"(c) Modest_Reindeer, some rights reserved (CC BY)","Bird detection annotation; resized, cropped, and augmented for model training",platform_terms_reply_pending,2026-09-24T19:44:58.404988+00:00
inaturalist:709477804,709477804,387443311,https://www.inaturalist.org/observations/387443311,00bac322a6dff5ec58a140738be9ad90836ecaceb176f272d6dcd7dccbf9f622,cc-by,https://creativecommons.org/licenses/by/4.0/,current_site_code_mapping_not_historical_photo_page_capture,"(c) Modest_Reindeer, some rights reserved (CC BY)","Bird detection annotation; resized, cropped, and augmented for model training",platform_terms_reply_pending,2026-09-24T19:44:58.404988+00:00
inaturalist:709546042,709546042,387479472,https://www.inaturalist.org/observations/387479472,a28a97ac45713f12c2607b4395925bc6baa82136e566b08ac537d16ea8d9b128,cc-by,https://creativecommons.org/licenses/by/4.0/,current_site_code_mapping_not_historical_photo_page_capture,"(c) Aalbert Rebergen, some rights reserved (CC BY)","Bird detection annotation; resized, cropped, and augmented for model training",platform_terms_reply_pending,2026-09-24T19:44:58.404988+00:00
inaturalist:709835147,709835147,387631439,https://www.inaturalist.org/observations/387631439,5320772936fe47baf8f79d4336882410d9326c32478efd779d5e8ab6014d05bb,cc0,https://creativecommons.org/publicdomain/zero/1.0/,current_site_code_mapping_not_historical_photo_page_capture,no rights reserved,"Bird detection annotation; resized, cropped, and augmented for model training",platform_terms_reply_pending,2026-09-24T19:44:58.404988+00:00
inaturalist:709838058,709838058,387633045,https://www.inaturalist.org/observations/387633045,dc1c8a36a4466465409b840562f333e9fafab2f9882f4f7fdef6dcbef5eec4db,cc0,https://creativecommons.org/publicdomain/zero/1.0/,current_site_code_mapping_not_historical_photo_page_capture,no rights reserved,"Bird detection annotation; resized, cropped, and augmented for model training",platform_terms_reply_pending,2026-09-24T19:44:58.404988+00:00
inaturalist:710025868,710025868,387729310,https://www.inaturalist.org/observations/387729310,ef3e3a3c20eeb44a39805c4d5543f517b52ef2bfce4522e20beb9737277a4277,cc0,https://creativecommons.org/publicdomain/zero/1.0/,current_site_code_mapping_not_historical_photo_page_capture,no rights reserved,"Bird detection annotation; resized, cropped, and augmented for model training",platform_terms_reply_pending,2026-09-24T19:44:58.404988+00:00
inaturalist:710069034,710069034,387750869,https://www.inaturalist.org/observations/387750869,3663afe56dcaecb1ce031ca9dd8b98d88637c3bded7e82f6900196176363e5e3,cc0,https://creativecommons.org/publicdomain/zero/1.0/,current_site_code_mapping_not_historical_photo_page_capture,no rights reserved,"Bird detection annotation; resized, cropped, and augmented for model training",platform_terms_reply_pending,2026-09-24T19:44:58.404988+00:00
inaturalist:710069344,710069344,387750992,https://www.inaturalist.org/observations/387750992,a0cb0230269beb02dfe9351554b87f1416dcc3931a5c17a79ed916c32dd15346,cc0,https://creativecommons.org/publicdomain/zero/1.0/,current_site_code_mapping_not_historical_photo_page_capture,no rights reserved,"Bird detection annotation; resized, cropped, and augmented for model training",platform_terms_reply_pending,2026-09-24T19:44:58.404988+00:00
inaturalist:710069448,710069448,387751057,https://www.inaturalist.org/observations/387751057,f2a3fbaca2fdc4eb964d62df0c73778515668e1590ba68103bfef023d19b95f6,cc0,https://creativecommons.org/publicdomain/zero/1.0/,current_site_code_mapping_not_historical_photo_page_capture,no rights reserved,"Bird detection annotation; resized, cropped, and augmented for model training",platform_terms_reply_pending,2026-09-24T19:44:58.404988+00:00
inaturalist:710227550,710227550,387831934,https://www.inaturalist.org/observations/387831934,75c5512036acaf49cef32f950b77f1aafe7419493929245eb7843a3063b742fc,cc0,https://creativecommons.org/publicdomain/zero/1.0/,current_site_code_mapping_not_historical_photo_page_capture,no rights reserved,"Bird detection annotation; resized, cropped, and augmented for model training",platform_terms_reply_pending,2026-09-24T19:44:58.404988+00:00
inaturalist:710229489,710229489,387833018,https://www.inaturalist.org/observations/387833018,ffb3c979997ae1ccdcd6fb89f9b09d61ee2fd9ce76aff0606043b42326826478,cc0,https://creativecommons.org/publicdomain/zero/1.0/,current_site_code_mapping_not_historical_photo_page_capture,no rights reserved,"Bird detection annotation; resized, cropped, and augmented for model training",platform_terms_reply_pending,2026-09-24T19:44:58.404988+00:00
inaturalist:710230661,710230661,387833558,https://www.inaturalist.org/observations/387833558,3f41fee5a3214e2a0c0b1b3278b43e08f2378eb330c07a860bfaa14fff4cf3a5,cc0,https://creativecommons.org/publicdomain/zero/1.0/,current_site_code_mapping_not_historical_photo_page_capture,no rights reserved,"Bird detection annotation; resized, cropped, and augmented for model training",platform_terms_reply_pending,2026-09-24T19:44:58.404988+00:00
inaturalist:710794503,710794503,388117788,https://www.inaturalist.org/observations/388117788,24f261d6f1371be8594359a43c17cd5a366b5fb679b96fab4ba5e7a108f6dfeb,cc0,https://creativecommons.org/publicdomain/zero/1.0/,current_site_code_mapping_not_historical_photo_page_capture,no rights reserved,"Bird detection annotation; resized, cropped, and augmented for model training",platform_terms_reply_pending,2026-09-24T19:44:58.404988+00:00
inaturalist:710832651,710832651,388137245,https://www.inaturalist.org/observations/388137245,07c269c3264a4ad4c537f88c4d2190105e938b2a27da696e69a13c67fba5456c,cc-by,https://creativecommons.org/licenses/by/4.0/,current_site_code_mapping_not_historical_photo_page_capture,"(c) Matt B, some rights reserved (CC BY)","Bird detection annotation; resized, cropped, and augmented for model training",platform_terms_reply_pending,2026-09-24T19:44:58.404988+00:00
inaturalist:710875674,710875674,388160986,https://www.inaturalist.org/observations/388160986,0d23f81e0dac482011aad549c4e1d29c318305920995ad1fdf612808ecb125f5,cc-by,https://creativecommons.org/licenses/by/4.0/,current_site_code_mapping_not_historical_photo_page_capture,"(c) Emily Nyenyedzi Davies, some rights reserved (CC BY)","Bird detection annotation; resized, cropped, and augmented for model training",platform_terms_reply_pending,2026-09-24T19:44:58.404988+00:00
inaturalist:710876821,710876821,388159941,https://www.inaturalist.org/observations/388159941,e076037ceda8a893d5c4fe5b6a42d707158528d0ccda9f95fba911de9805eb72,cc0,https://creativecommons.org/publicdomain/zero/1.0/,current_site_code_mapping_not_historical_photo_page_capture,no rights reserved,"Bird detection annotation; resized, cropped, and augmented for model training",platform_terms_reply_pending,2026-09-24T19:44:58.404988+00:00
inaturalist:711021791,711021791,388235335,https://www.inaturalist.org/observations/388235335,9c0101c0c39f8895623c369220b1549a958c243421d16d392cf0a5f2747cfaa2,cc-by,https://creativecommons.org/licenses/by/4.0/,current_site_code_mapping_not_historical_photo_page_capture,"(c) SIA, some rights reserved (CC BY)","Bird detection annotation; resized, cropped, and augmented for model training",platform_terms_reply_pending,2026-09-24T19:44:58.404988+00:00
inaturalist:711128712,711128712,388294309,https://www.inaturalist.org/observations/388294309,aa45b2260abadbc23651251f235301b549f99482b5e98ab7bcd6892c5c2a8818,cc-by,https://creativecommons.org/licenses/by/4.0/,current_site_code_mapping_not_historical_photo_page_capture,"(c) Barry Stewart, some rights reserved (CC BY)","Bird detection annotation; resized, cropped, and augmented for model training",platform_terms_reply_pending,2026-09-24T19:44:58.404988+00:00
inaturalist:711430846,711430846,388443708,https://www.inaturalist.org/observations/388443708,371f54c4822ce2e670d72c1ce33a65a014ece1bd7f430bc4cc1080828da55c68,cc0,https://creativecommons.org/publicdomain/zero/1.0/,current_site_code_mapping_not_historical_photo_page_capture,no rights reserved,"Bird detection annotation; resized, cropped, and augmented for model training",platform_terms_reply_pending,2026-09-24T19:44:58.404988+00:00
inaturalist:711729751,711729751,388597941,https://www.inaturalist.org/observations/388597941,6ea7186d78f3b5cd32bd183f7f2f3a88c4f1c9fce3fc35f3b9d6fcbb8c5a2e52,cc-by,https://creativecommons.org/licenses/by/4.0/,current_site_code_mapping_not_historical_photo_page_capture,"(c) Barry Stewart, some rights reserved (CC BY)","Bird detection annotation; resized, cropped, and augmented for model training",platform_terms_reply_pending,2026-09-24T19:44:58.404988+00:00
inaturalist:711790611,711790611,388627894,https://www.inaturalist.org/observations/388627894,1875a1c92664be83849763f371650e4bc05438194988b5c34982727dd468380f,cc-by,https://creativecommons.org/licenses/by/4.0/,current_site_code_mapping_not_historical_photo_page_capture,"(c) Ingvild Riska, some rights reserved (CC BY)","Bird detection annotation; resized, cropped, and augmented for model training",platform_terms_reply_pending,2026-09-24T19:44:58.404988+00:00
inaturalist:711792515,711792515,388628773,https://www.inaturalist.org/observations/388628773,0ae7842202dc2b743cee4ccef9c049f392b43c8f7686534df395bf3456f3feab,cc-by,https://creativecommons.org/licenses/by/4.0/,current_site_code_mapping_not_historical_photo_page_capture,"(c) Ingvild Riska, some rights reserved (CC BY)","Bird detection annotation; resized, cropped, and augmented for model training",platform_terms_reply_pending,2026-09-24T19:44:58.404988+00:00
inaturalist:711990067,711990067,388730285,https://www.inaturalist.org/observations/388730285,23493caaeb6e9c70ff0e914d05ed08120e3169f7d216cc2b779fa32d2016bdf1,cc-by,https://creativecommons.org/licenses/by/4.0/,current_site_code_mapping_not_historical_photo_page_capture,"(c) Max, some rights reserved (CC BY)","Bird detection annotation; resized, cropped, and augmented for model training",platform_terms_reply_pending,2026-09-24T19:44:58.404988+00:00
inaturalist:712042549,712042549,388759411,https://www.inaturalist.org/observations/388759411,5f90c9f119eb3d94d4e490a584b9d3c2eeca52365433576fcc40cc8035162c17,cc-by,https://creativecommons.org/licenses/by/4.0/,current_site_code_mapping_not_historical_photo_page_capture,"(c) apoorva sr, some rights reserved (CC BY)","Bird detection annotation; resized, cropped, and augmented for model training",platform_terms_reply_pending,2026-09-24T19:44:58.404988+00:00
inaturalist:712435505,712435505,388955122,https://www.inaturalist.org/observations/388955122,a04a1e6f5973c893218c3bfa391c9287044368eace46ccd8c55d09f0ff844d3b,cc-by,https://creativecommons.org/licenses/by/4.0/,current_site_code_mapping_not_historical_photo_page_capture,"(c) Sabarni Sarker, some rights reserved (CC BY)","Bird detection annotation; resized, cropped, and augmented for model training",platform_terms_reply_pending,2026-09-24T19:44:58.404988+00:00
inaturalist:712445479,712445479,388960196,https://www.inaturalist.org/observations/388960196,d54498fbabce1f460512296368f965e8bfb113bc9e811d89a9dfb791b3f45905,cc-by,https://creativecommons.org/licenses/by/4.0/,current_site_code_mapping_not_historical_photo_page_capture,"(c) Martin Rady, some rights reserved (CC BY)","Bird detection annotation; resized, cropped, and augmented for model training",platform_terms_reply_pending,2026-09-24T19:44:58.404988+00:00
inaturalist:712450520,712450520,388963295,https://www.inaturalist.org/observations/388963295,d13f2bd2f22e88affc1c6d9321f3cd90d26001147169827b4248c928fe8ce277,cc-by,https://creativecommons.org/licenses/by/4.0/,current_site_code_mapping_not_historical_photo_page_capture,"(c) Martin Rady, some rights reserved (CC BY)","Bird detection annotation; resized, cropped, and augmented for model training",platform_terms_reply_pending,2026-09-24T19:44:58.404988+00:00
inaturalist:712467954,712467954,388972755,https://www.inaturalist.org/observations/388972755,9df9a01738bc1cefa529f05179b8692ca62f8e60d5bf3ddfc0720488cdd30882,cc-by,https://creativecommons.org/licenses/by/4.0/,current_site_code_mapping_not_historical_photo_page_capture,"(c) Aalbert Rebergen, some rights reserved (CC BY)","Bird detection annotation; resized, cropped, and augmented for model training",platform_terms_reply_pending,2026-09-24T19:44:58.404988+00:00
inaturalist:712470194,712470194,388973430,https://www.inaturalist.org/observations/388973430,ecc736fc1bb7542c6723f62d0f9759f69e8a647a084c72137eb639bb6afdba70,cc-by,https://creativecommons.org/licenses/by/4.0/,current_site_code_mapping_not_historical_photo_page_capture,"(c) Aalbert Rebergen, some rights reserved (CC BY)","Bird detection annotation; resized, cropped, and augmented for model training",platform_terms_reply_pending,2026-09-24T19:44:58.404988+00:00
inaturalist:712470648,712470648,388973700,https://www.inaturalist.org/observations/388973700,330cabdf7b82dfe3169bc39a0bfeab04be0469c6160479a00e4a0888fae6c2a3,cc-by,https://creativecommons.org/licenses/by/4.0/,current_site_code_mapping_not_historical_photo_page_capture,"(c) Aalbert Rebergen, some rights reserved (CC BY)","Bird detection annotation; resized, cropped, and augmented for model training",platform_terms_reply_pending,2026-09-24T19:44:58.404988+00:00
inaturalist:712522371,712522371,389014378,https://www.inaturalist.org/observations/389014378,2dea889e40d30bba22561d0c4adb1c4a975f17bf2cb98b38f64d3b74b775fff1,cc-by,https://creativecommons.org/licenses/by/4.0/,current_site_code_mapping_not_historical_photo_page_capture,"(c) unipon, some rights reserved (CC BY)","Bird detection annotation; resized, cropped, and augmented for model training",platform_terms_reply_pending,2026-09-24T19:44:58.404988+00:00
inaturalist:712676877,712676877,389094337,https://www.inaturalist.org/observations/389094337,4925f7aa371ae39642bcb4c3f5a45ebbfd4fce7733fd1a100a01fbae35d2b96b,cc-by,https://creativecommons.org/licenses/by/4.0/,current_site_code_mapping_not_historical_photo_page_capture,"(c) Ingvild Riska, some rights reserved (CC BY)","Bird detection annotation; resized, cropped, and augmented for model training",platform_terms_reply_pending,2026-09-24T19:44:58.404988+00:00
inaturalist:712723657,712723657,389118486,https://www.inaturalist.org/observations/389118486,991c635b0c1acb367533ffd47e6cdaca2009d4bd3395ca1862f31634ab490277,cc-by,https://creativecommons.org/licenses/by/4.0/,current_site_code_mapping_not_historical_photo_page_capture,"(c) Ingvild Riska, some rights reserved (CC BY)","Bird detection annotation; resized, cropped, and augmented for model training",platform_terms_reply_pending,2026-09-24T19:44:58.404988+00:00
inaturalist:712723780,712723780,389118580,https://www.inaturalist.org/observations/389118580,11d48a373742b0cf7e0c3db67158806a07ea54ca08cb745b84d6d41a4e7ef4db,cc-by,https://creativecommons.org/licenses/by/4.0/,current_site_code_mapping_not_historical_photo_page_capture,"(c) Ingvild Riska, some rights reserved (CC BY)","Bird detection annotation; resized, cropped, and augmented for model training",platform_terms_reply_pending,2026-09-24T19:44:58.404988+00:00
inaturalist:712724135,712724135,389118739,https://www.inaturalist.org/observations/389118739,df0274734e798630ed2a8ccc17c46b2a629f4dc4275e027eb9e7ce52057e0f20,cc-by,https://creativecommons.org/licenses/by/4.0/,current_site_code_mapping_not_historical_photo_page_capture,"(c) Ingvild Riska, some rights reserved (CC BY)","Bird detection annotation; resized, cropped, and augmented for model training",platform_terms_reply_pending,2026-09-24T19:44:58.404988+00:00
inaturalist:712770399,712770399,389142946,https://www.inaturalist.org/observations/389142946,0bcd54b3b965621f60f28ba5922d8d952f0945add951537982b9ee7f4a2d7c6c,cc-by,https://creativecommons.org/licenses/by/4.0/,current_site_code_mapping_not_historical_photo_page_capture,"(c) Ingvild Riska, some rights reserved (CC BY)","Bird detection annotation; resized, cropped, and augmented for model training",platform_terms_reply_pending,2026-09-24T19:44:58.404988+00:00
inaturalist:712781971,712781971,389148746,https://www.inaturalist.org/observations/389148746,2f96ab8f6856a1b058feb279c51c946fc8564a5c45ac5557497925a608872783,cc0,https://creativecommons.org/publicdomain/zero/1.0/,current_site_code_mapping_not_historical_photo_page_capture,no rights reserved,"Bird detection annotation; resized, cropped, and augmented for model training",platform_terms_reply_pending,2026-09-24T19:44:58.404988+00:00
inaturalist:713004320,713004320,389261318,https://www.inaturalist.org/observations/389261318,6c47b79fa56c59855659257066264c14741e1dd66d89b81e364141ac65d26703,cc-by,https://creativecommons.org/licenses/by/4.0/,current_site_code_mapping_not_historical_photo_page_capture,"(c) Martin Rady, some rights reserved (CC BY)","Bird detection annotation; resized, cropped, and augmented for model training",platform_terms_reply_pending,2026-09-24T19:44:58.404988+00:00
inaturalist:713004329,713004329,389261319,https://www.inaturalist.org/observations/389261319,fa509302e4f6a5ed37a933e7195ef78ec70c63877b21018c4a947e649dea0524,cc-by,https://creativecommons.org/licenses/by/4.0/,current_site_code_mapping_not_historical_photo_page_capture,"(c) Martin Rady, some rights reserved (CC BY)","Bird detection annotation; resized, cropped, and augmented for model training",platform_terms_reply_pending,2026-09-24T19:44:58.404988+00:00
inaturalist:713100165,713100165,389311122,https://www.inaturalist.org/observations/389311122,7316c0b75960620cf825444fed4c477958b24f4e7d7f1d0aca1a586308418b80,cc-by,https://creativecommons.org/licenses/by/4.0/,current_site_code_mapping_not_historical_photo_page_capture,"(c) Mathijs, some rights reserved (CC BY)","Bird detection annotation; resized, cropped, and augmented for model training",platform_terms_reply_pending,2026-09-24T19:44:58.404988+00:00
inaturalist:713155604,713155604,389340221,https://www.inaturalist.org/observations/389340221,ef39d63f96f085ad8a371bd0becffc21b4ac4c99d7787bf84448e04bb33c2f73,cc-by,https://creativecommons.org/licenses/by/4.0/,current_site_code_mapping_not_historical_photo_page_capture,"(c) Donna Belder, some rights reserved (CC BY)","Bird detection annotation; resized, cropped, and augmented for model training",platform_terms_reply_pending,2026-09-24T19:44:58.404988+00:00
inaturalist:713170671,713170671,389352349,https://www.inaturalist.org/observations/389352349,20fe562e5e872804f89c7c58c5783649fbb40aee246866535e698104ffe111dd,cc-by,https://creativecommons.org/licenses/by/4.0/,current_site_code_mapping_not_historical_photo_page_capture,"(c) Ian Ballam, some rights reserved (CC BY)","Bird detection annotation; resized, cropped, and augmented for model training",platform_terms_reply_pending,2026-09-24T19:44:58.404988+00:00
inaturalist:713232500,713232500,389380669,https://www.inaturalist.org/observations/389380669,c30d5383ddd61e563ed7153cc53e9a80659992e2fb976ede77a31b450934d932,cc-by,https://creativecommons.org/licenses/by/4.0/,current_site_code_mapping_not_historical_photo_page_capture,"(c) Anastasiia Samokhvalova, some rights reserved (CC BY)","Bird detection annotation; resized, cropped, and augmented for model training",platform_terms_reply_pending,2026-09-24T19:44:58.404988+00:00
inaturalist:713233999,713233999,389381512,https://www.inaturalist.org/observations/389381512,8e119ec3a6e2e7c381bed78d02335fd8179071fb9aaf474be4b1278d3f7c3822,cc-by,https://creativecommons.org/licenses/by/4.0/,current_site_code_mapping_not_historical_photo_page_capture,"(c) Anastasiia Samokhvalova, some rights reserved (CC BY)","Bird detection annotation; resized, cropped, and augmented for model training",platform_terms_reply_pending,2026-09-24T19:44:58.404988+00:00
inaturalist:713298415,713298415,389416414,https://www.inaturalist.org/observations/389416414,fc1b3a48019feaef3629b1ee06a8b2ab64587de1009e31126bef17f44d8798f8,cc0,https://creativecommons.org/publicdomain/zero/1.0/,current_site_code_mapping_not_historical_photo_page_capture,no rights reserved,"Bird detection annotation; resized, cropped, and augmented for model training",platform_terms_reply_pending,2026-09-24T19:44:58.404988+00:00
inaturalist:713525794,713525794,389531626,https://www.inaturalist.org/observations/389531626,eb38032ded1577e11167337e074bf22e1582e3781520b915e3bd23823680ac8f,cc-by,https://creativecommons.org/licenses/by/4.0/,current_site_code_mapping_not_historical_photo_page_capture,"(c) Martin Rady, some rights reserved (CC BY)","Bird detection annotation; resized, cropped, and augmented for model training",platform_terms_reply_pending,2026-09-24T19:44:58.404988+00:00
inaturalist:713602327,713602327,389570029,https://www.inaturalist.org/observations/389570029,dee6c1f01ad33c0fc1fff5cd13c369a4784fcc0140a7e4cca77c4e5e6069ba3a,cc-by,https://creativecommons.org/licenses/by/4.0/,current_site_code_mapping_not_historical_photo_page_capture,"(c) Ingvild Riska, some rights reserved (CC BY)","Bird detection annotation; resized, cropped, and augmented for model training",platform_terms_reply_pending,2026-09-24T19:44:58.404988+00:00
inaturalist:713750289,713750289,389652235,https://www.inaturalist.org/observations/389652235,3b021db9f29bf4dab1381b207ce8b39a3c2c0a3b2877d9941fb036aab12e37dd,cc-by,https://creativecommons.org/licenses/by/4.0/,current_site_code_mapping_not_historical_photo_page_capture,"(c) Tim, some rights reserved (CC BY)","Bird detection annotation; resized, cropped, and augmented for model training",platform_terms_reply_pending,2026-09-24T19:44:58.404988+00:00
inaturalist:714235584,714235584,389892752,https://www.inaturalist.org/observations/389892752,f342e1538d5fab27977677d2cd40facef981ab3006350393566b8fc6142c3d24,cc-by,https://creativecommons.org/licenses/by/4.0/,current_site_code_mapping_not_historical_photo_page_capture,"(c) Ingvild Riska, some rights reserved (CC BY)","Bird detection annotation; resized, cropped, and augmented for model training",platform_terms_reply_pending,2026-09-24T19:44:58.404988+00:00
inaturalist:714295516,714295516,389923285,https://www.inaturalist.org/observations/389923285,6bcdd5539f2566d4227bb927b16f9f259964a22ad279a746904794e17cfbab3a,cc-by,https://creativecommons.org/licenses/by/4.0/,current_site_code_mapping_not_historical_photo_page_capture,"(c) liam1294, some rights reserved (CC BY)","Bird detection annotation; resized, cropped, and augmented for model training",platform_terms_reply_pending,2026-09-24T19:44:58.404988+00:00
inaturalist:714392360,714392360,389972875,https://www.inaturalist.org/observations/389972875,ad43e225b6dc6135da11612dfb72b21a6057206765a85eb5e388b0dff36ca6d2,cc0,https://creativecommons.org/publicdomain/zero/1.0/,current_site_code_mapping_not_historical_photo_page_capture,no rights reserved,"Bird detection annotation; resized, cropped, and augmented for model training",platform_terms_reply_pending,2026-09-24T19:44:58.404988+00:00
inaturalist:714450961,714450961,390003388,https://www.inaturalist.org/observations/390003388,ef304b58e2cff89d809ac390b6c93646efc1ac7a676b5cd7147d2fac509cce4d,cc0,https://creativecommons.org/publicdomain/zero/1.0/,current_site_code_mapping_not_historical_photo_page_capture,no rights reserved,"Bird detection annotation; resized, cropped, and augmented for model training",platform_terms_reply_pending,2026-09-24T19:44:58.404988+00:00
inaturalist:714490776,714490776,390023606,https://www.inaturalist.org/observations/390023606,e5ec757200f00e7ba437064ee1408b92bbc9f5facf6eacdf866d6c5ad31f4897,cc-by,https://creativecommons.org/licenses/by/4.0/,current_site_code_mapping_not_historical_photo_page_capture,"(c) shadow_385, some rights reserved (CC BY)","Bird detection annotation; resized, cropped, and augmented for model training",platform_terms_reply_pending,2026-09-24T19:44:58.404988+00:00
inaturalist:714523186,714523186,390042257,https://www.inaturalist.org/observations/390042257,b48c19de6d7fcd1950f40ae232636f179bcd9d452303075b84aa9267197a1808,cc-by,https://creativecommons.org/licenses/by/4.0/,current_site_code_mapping_not_historical_photo_page_capture,"(c) SIA, some rights reserved (CC BY)","Bird detection annotation; resized, cropped, and augmented for model training",platform_terms_reply_pending,2026-09-24T19:44:58.404988+00:00
inaturalist:714884347,714884347,390224052,https://www.inaturalist.org/observations/390224052,ca3c0d7c35d1c905adb116e4748766755750831c25d2eaacd0a727382550fb0b,cc-by,https://creativecommons.org/licenses/by/4.0/,current_site_code_mapping_not_historical_photo_page_capture,"(c) Julia Palmer, some rights reserved (CC BY)","Bird detection annotation; resized, cropped, and augmented for model training",platform_terms_reply_pending,2026-09-24T19:44:58.404988+00:00
inaturalist:715332602,715332602,390450989,https://www.inaturalist.org/observations/390450989,fa349e6d26595807e7b34c8619dfeb492fcbd92148cf94e76a7f2a75c19fd358,cc-by,https://creativecommons.org/licenses/by/4.0/,current_site_code_mapping_not_historical_photo_page_capture,"(c) 雲一百香果, some rights reserved (CC BY)","Bird detection annotation; resized, cropped, and augmented for model training",platform_terms_reply_pending,2026-09-24T19:44:58.404988+00:00
inaturalist:715474247,715474247,390524257,https://www.inaturalist.org/observations/390524257,2697a4df01005f59171917bc0bef906c078217997ebd1365b144b3be682301e5,cc-by,https://creativecommons.org/licenses/by/4.0/,current_site_code_mapping_not_historical_photo_page_capture,"(c) MIMI, some rights reserved (CC BY)","Bird detection annotation; resized, cropped, and augmented for model training",platform_terms_reply_pending,2026-09-24T19:44:58.404988+00:00
inaturalist:715478293,715478293,390526437,https://www.inaturalist.org/observations/390526437,617972e9042655ed93ac184da8692340c9e68f2e473bbb33e538047f6a4e6150,cc-by,https://creativecommons.org/licenses/by/4.0/,current_site_code_mapping_not_historical_photo_page_capture,"(c) Aalbert Rebergen, some rights reserved (CC BY)","Bird detection annotation; resized, cropped, and augmented for model training",platform_terms_reply_pending,2026-09-24T19:44:58.404988+00:00
inaturalist:716100695,716100695,390848293,https://www.inaturalist.org/observations/390848293,8a8782173ee0796a34d82e7b22724f06df0facba32cbc06060321dec76ce8838,cc-by,https://creativecommons.org/licenses/by/4.0/,current_site_code_mapping_not_historical_photo_page_capture,"(c) Sabarni Sarker, some rights reserved (CC BY)","Bird detection annotation; resized, cropped, and augmented for model training",platform_terms_reply_pending,2026-09-24T19:44:58.404988+00:00
inaturalist:716108308,716108308,390859383,https://www.inaturalist.org/observations/390859383,c20566a7b4e564f323530f952bf3b8ba9f6e7a1c3c5be4b65988f56893bf06b8,cc-by,https://creativecommons.org/licenses/by/4.0/,current_site_code_mapping_not_historical_photo_page_capture,"(c) Clara Veiga-Rilo, some rights reserved (CC BY)","Bird detection annotation; resized, cropped, and augmented for model training",platform_terms_reply_pending,2026-09-24T19:44:58.404988+00:00
inaturalist:716269251,716269251,390936694,https://www.inaturalist.org/observations/390936694,330b3b25fc0bb4d597064c9c42413a53f5e1bb687ee45d652a9e2019a65c50dc,cc0,https://creativecommons.org/publicdomain/zero/1.0/,current_site_code_mapping_not_historical_photo_page_capture,no rights reserved,"Bird detection annotation; resized, cropped, and augmented for model training",platform_terms_reply_pending,2026-09-24T19:44:58.404988+00:00
inaturalist:716676195,716676195,391143054,https://www.inaturalist.org/observations/391143054,a9619cd7bddd605bb31f6ecdb7f549121acc721f6f02ba106326df1eec207821,cc-by,https://creativecommons.org/licenses/by/4.0/,current_site_code_mapping_not_historical_photo_page_capture,"(c) Max, some rights reserved (CC BY)","Bird detection annotation; resized, cropped, and augmented for model training",platform_terms_reply_pending,2026-09-24T19:44:58.404988+00:00
inaturalist:716676586,716676586,391143103,https://www.inaturalist.org/observations/391143103,455760099cdbb6c39233657e39477511a2daa9ea753f405e66c4d066744ff9a5,cc-by,https://creativecommons.org/licenses/by/4.0/,current_site_code_mapping_not_historical_photo_page_capture,"(c) Max, some rights reserved (CC BY)","Bird detection annotation; resized, cropped, and augmented for model training",platform_terms_reply_pending,2026-09-24T19:44:58.404988+00:00
inaturalist:716677081,716677081,391143374,https://www.inaturalist.org/observations/391143374,b6065181cdefb23875de5cef2a4a54806d3ab21120da761881d20f83bea589e5,cc-by,https://creativecommons.org/licenses/by/4.0/,current_site_code_mapping_not_historical_photo_page_capture,"(c) Max, some rights reserved (CC BY)","Bird detection annotation; resized, cropped, and augmented for model training",platform_terms_reply_pending,2026-09-24T19:44:58.404988+00:00
inaturalist:716697817,716697817,391154591,https://www.inaturalist.org/observations/391154591,e1c742b938c765f70286054182265e215e603fd8615c74c20e43fd02e74ef853,cc-by,https://creativecommons.org/licenses/by/4.0/,current_site_code_mapping_not_historical_photo_page_capture,"(c) Afsar Nayakkan, some rights reserved (CC BY)","Bird detection annotation; resized, cropped, and augmented for model training",platform_terms_reply_pending,2026-09-24T19:44:58.404988+00:00
inaturalist:716830920,716830920,391223580,https://www.inaturalist.org/observations/391223580,df5215f0c588a455edbc08f0a38b242ad8f9e344f196957c8a74bf9519ad94c3,cc0,https://creativecommons.org/publicdomain/zero/1.0/,current_site_code_mapping_not_historical_photo_page_capture,no rights reserved,"Bird detection annotation; resized, cropped, and augmented for model training",platform_terms_reply_pending,2026-09-24T19:44:58.404988+00:00
inaturalist:717080471,717080471,391350224,https://www.inaturalist.org/observations/391350224,aba6fb436684cf7815fed6d4aa7eb854fa7308002a6c33cc435687c7611e13da,cc-by,https://creativecommons.org/licenses/by/4.0/,current_site_code_mapping_not_historical_photo_page_capture,"(c) Rejoice Gassah, some rights reserved (CC BY)","Bird detection annotation; resized, cropped, and augmented for model training",platform_terms_reply_pending,2026-09-24T19:44:58.404988+00:00
inaturalist:717219325,717219325,391440739,https://www.inaturalist.org/observations/391440739,4242c41fde1adf52c7cbd743864559a6675e46e177fe2882298203a0b41491c5,cc-by,https://creativecommons.org/licenses/by/4.0/,current_site_code_mapping_not_historical_photo_page_capture,"(c) Claude Kolwelter, some rights reserved (CC BY)","Bird detection annotation; resized, cropped, and augmented for model training",platform_terms_reply_pending,2026-09-24T19:44:58.404988+00:00
inaturalist:717317425,717317425,391472368,https://www.inaturalist.org/observations/391472368,419373f6c7ee21a5cc2b54bb8c987a856449e3e0a635999507d838f6bbd36980,cc-by,https://creativecommons.org/licenses/by/4.0/,current_site_code_mapping_not_historical_photo_page_capture,"(c) Ingvild Riska, some rights reserved (CC BY)","Bird detection annotation; resized, cropped, and augmented for model training",platform_terms_reply_pending,2026-09-24T19:44:58.404988+00:00
inaturalist:717317575,717317575,391472414,https://www.inaturalist.org/observations/391472414,2baaed13729ef2e09a61be2b24ced69bd2a5f2f4be590dd05c926ad39c3b2f8f,cc-by,https://creativecommons.org/licenses/by/4.0/,current_site_code_mapping_not_historical_photo_page_capture,"(c) Ingvild Riska, some rights reserved (CC BY)","Bird detection annotation; resized, cropped, and augmented for model training",platform_terms_reply_pending,2026-09-24T19:44:58.404988+00:00
inaturalist:717321779,717321779,391474511,https://www.inaturalist.org/observations/391474511,eb5df10e22d03d649305dedba98f3299e28bae47c3e1831b804af51d4246b3d7,cc0,https://creativecommons.org/publicdomain/zero/1.0/,current_site_code_mapping_not_historical_photo_page_capture,no rights reserved,"Bird detection annotation; resized, cropped, and augmented for model training",platform_terms_reply_pending,2026-09-24T19:44:58.404988+00:00
inaturalist:717405008,717405008,391520948,https://www.inaturalist.org/observations/391520948,2594d4213ca6914bcac94666d68c4ffefeba0a6709a5971f594f8d1e93bdb603,cc-by,https://creativecommons.org/licenses/by/4.0/,current_site_code_mapping_not_historical_photo_page_capture,"(c) dhfischer, some rights reserved (CC BY)","Bird detection annotation; resized, cropped, and augmented for model training",platform_terms_reply_pending,2026-09-24T19:44:58.404988+00:00
inaturalist:717674109,717674109,391653508,https://www.inaturalist.org/observations/391653508,a72c97bc2ff81632386aac9c2cf88aba400d3d7b39264a7ff29ea659277ac4d3,cc0,https://creativecommons.org/publicdomain/zero/1.0/,current_site_code_mapping_not_historical_photo_page_capture,no rights reserved,"Bird detection annotation; resized, cropped, and augmented for model training",platform_terms_reply_pending,2026-09-24T19:44:58.404988+00:00
inaturalist:717674349,717674349,391653596,https://www.inaturalist.org/observations/391653596,1fc751bf8da3c1211c9b74514eb85901d212c4df6a6ccd81575c319da90380ef,cc0,https://creativecommons.org/publicdomain/zero/1.0/,current_site_code_mapping_not_historical_photo_page_capture,no rights reserved,"Bird detection annotation; resized, cropped, and augmented for model training",platform_terms_reply_pending,2026-09-24T19:44:58.404988+00:00
inaturalist:717674382,717674382,391653612,https://www.inaturalist.org/observations/391653612,300fc936dfd0ee251d3dfc2c60a9ec0927b14c1d134e77b3d45a27b984485d3e,cc0,https://creativecommons.org/publicdomain/zero/1.0/,current_site_code_mapping_not_historical_photo_page_capture,no rights reserved,"Bird detection annotation; resized, cropped, and augmented for model training",platform_terms_reply_pending,2026-09-24T19:44:58.404988+00:00
inaturalist:717694483,717694483,391663529,https://www.inaturalist.org/observations/391663529,4ca8667b432398080965e4922dfcfa8fa575c5617dde3c0358fe3312ecd51b08,cc-by,https://creativecommons.org/licenses/by/4.0/,current_site_code_mapping_not_historical_photo_page_capture,"(c) 祐, some rights reserved (CC BY)","Bird detection annotation; resized, cropped, and augmented for model training",platform_terms_reply_pending,2026-09-24T19:44:58.404988+00:00
inaturalist:717745313,717745313,391689752,https://www.inaturalist.org/observations/391689752,c46245e0e27b456e8b6352e1118a73bd9a851889064804ae4ae96d62162b39d0,cc-by,https://creativecommons.org/licenses/by/4.0/,current_site_code_mapping_not_historical_photo_page_capture,"(c) shadow_385, some rights reserved (CC BY)","Bird detection annotation; resized, cropped, and augmented for model training",platform_terms_reply_pending,2026-09-24T19:44:58.404988+00:00
inaturalist:717773424,717773424,391704784,https://www.inaturalist.org/observations/391704784,2b74d6b1654a6451c1d05e783084f4ce5b13510cca1ed71cf4661b9f93f0ecc4,cc-by,https://creativecommons.org/licenses/by/4.0/,current_site_code_mapping_not_historical_photo_page_capture,"(c) Шухободская Ольга Владимировна, some rights reserved (CC BY)","Bird detection annotation; resized, cropped, and augmented for model training",platform_terms_reply_pending,2026-09-24T19:44:58.404988+00:00
inaturalist:717791302,717791302,391713714,https://www.inaturalist.org/observations/391713714,2ac753c1ceca66287910b9e1ec11a1868f154954c67deac18a1f24ba449040f9,cc0,https://creativecommons.org/publicdomain/zero/1.0/,current_site_code_mapping_not_historical_photo_page_capture,no rights reserved,"Bird detection annotation; resized, cropped, and augmented for model training",platform_terms_reply_pending,2026-09-24T19:44:58.404988+00:00
inaturalist:718136434,718136434,391898479,https://www.inaturalist.org/observations/391898479,7df3d6a9ad4d7fde2f017dcb8f147f4fc29c3d3e0e720b2950b1366a16015995,cc-by,https://creativecommons.org/licenses/by/4.0/,current_site_code_mapping_not_historical_photo_page_capture,"(c) Cenaida, some rights reserved (CC BY)","Bird detection annotation; resized, cropped, and augmented for model training",platform_terms_reply_pending,2026-09-24T19:44:58.404988+00:00
inaturalist:718138875,718138875,391902508,https://www.inaturalist.org/observations/391902508,8cf04ce1af28ca08b2c39b194884031dee42c861754d37c1285ac44a8d6bb0e2,cc-by,https://creativecommons.org/licenses/by/4.0/,current_site_code_mapping_not_historical_photo_page_capture,"(c) Cenaida, some rights reserved (CC BY)","Bird detection annotation; resized, cropped, and augmented for model training",platform_terms_reply_pending,2026-09-24T19:44:58.404988+00:00
inaturalist:718305715,718305715,391992198,https://www.inaturalist.org/observations/391992198,0658706400c9555800f5496687571c021fc5a5b38af0c0630ebfae907befa7d6,cc-by,https://creativecommons.org/licenses/by/4.0/,current_site_code_mapping_not_historical_photo_page_capture,"(c) velodrome, some rights reserved (CC BY)","Bird detection annotation; resized, cropped, and augmented for model training",platform_terms_reply_pending,2026-09-24T19:44:58.404988+00:00
inaturalist:718306083,718306083,391992221,https://www.inaturalist.org/observations/391992221,9aa80cf9b4048306076a70426059349707a61b8e60c6a03c3b2d7690c3e010e1,cc-by,https://creativecommons.org/licenses/by/4.0/,current_site_code_mapping_not_historical_photo_page_capture,"(c) velodrome, some rights reserved (CC BY)","Bird detection annotation; resized, cropped, and augmented for model training",platform_terms_reply_pending,2026-09-24T19:44:58.404988+00:00
inaturalist:718410361,718410361,392039595,https://www.inaturalist.org/observations/392039595,602d16013b7aac596296321b1f5d33d1c176f01921076f2c2de7f81cb72e04d0,cc-by,https://creativecommons.org/licenses/by/4.0/,current_site_code_mapping_not_historical_photo_page_capture,"(c) Rejoice Gassah, some rights reserved (CC BY)","Bird detection annotation; resized, cropped, and augmented for model training",platform_terms_reply_pending,2026-09-24T19:44:58.404988+00:00
inaturalist:718422229,718422229,392044944,https://www.inaturalist.org/observations/392044944,a98357e06cc5acdcdad8e81680dc3d019075647bf902b6843807875ae17dcfc9,cc-by,https://creativecommons.org/licenses/by/4.0/,current_site_code_mapping_not_historical_photo_page_capture,"(c) Константин Селивёрстов, some rights reserved (CC BY)","Bird detection annotation; resized, cropped, and augmented for model training",platform_terms_reply_pending,2026-09-24T19:44:58.404988+00:00
inaturalist:718572721,718572721,392122834,https://www.inaturalist.org/observations/392122834,6f7909fa010976016b58885fcf7c986ce1dfda7f85d3d1503c655a0eac9385e9,cc-by,https://creativecommons.org/licenses/by/4.0/,current_site_code_mapping_not_historical_photo_page_capture,"(c) Полина Полежанкина, some rights reserved (CC BY)","Bird detection annotation; resized, cropped, and augmented for model training",platform_terms_reply_pending,2026-09-24T19:44:58.404988+00:00
inaturalist:718605225,718605225,392139858,https://www.inaturalist.org/observations/392139858,e4c793f74d77bada61b044ffa74c71a65165aad4e5b6865ded5d05bbb2030bfa,cc-by,https://creativecommons.org/licenses/by/4.0/,current_site_code_mapping_not_historical_photo_page_capture,"(c) Carrie Seltzer, some rights reserved (CC BY)","Bird detection annotation; resized, cropped, and augmented for model training",platform_terms_reply_pending,2026-09-24T19:44:58.404988+00:00
inaturalist:718858674,718858674,392267573,https://www.inaturalist.org/observations/392267573,07fdb6005a6a1ff192a560faa2a740c34455d17c1ecf0da483ec55e688d5bc7e,cc0,https://creativecommons.org/publicdomain/zero/1.0/,current_site_code_mapping_not_historical_photo_page_capture,no rights reserved,"Bird detection annotation; resized, cropped, and augmented for model training",platform_terms_reply_pending,2026-09-24T19:44:58.404988+00:00
inaturalist:718952046,718952046,392314438,https://www.inaturalist.org/observations/392314438,db4c910a4f8dce1129980116f47ab3936b796229979a079577ced1d66381f2b2,cc0,https://creativecommons.org/publicdomain/zero/1.0/,current_site_code_mapping_not_historical_photo_page_capture,no rights reserved,"Bird detection annotation; resized, cropped, and augmented for model training",platform_terms_reply_pending,2026-09-24T19:44:58.404988+00:00
inaturalist:718952073,718952073,392314456,https://www.inaturalist.org/observations/392314456,211a6fd20886e2b782c3a1f3ad6f4da84c3eef6cf40d99de86914c3e705d2495,cc0,https://creativecommons.org/publicdomain/zero/1.0/,current_site_code_mapping_not_historical_photo_page_capture,no rights reserved,"Bird detection annotation; resized, cropped, and augmented for model training",platform_terms_reply_pending,2026-09-24T19:44:58.404988+00:00
inaturalist:718952221,718952221,392314469,https://www.inaturalist.org/observations/392314469,5ca2546f4e7ff8c08ee596ce2cdfeddaa88ce753992e6115268ca1ba503e4436,cc0,https://creativecommons.org/publicdomain/zero/1.0/,current_site_code_mapping_not_historical_photo_page_capture,no rights reserved,"Bird detection annotation; resized, cropped, and augmented for model training",platform_terms_reply_pending,2026-09-24T19:44:58.404988+00:00
inaturalist:718952593,718952593,392314721,https://www.inaturalist.org/observations/392314721,df6cdf357976a7ed6393c3840da509df2a146c1fdbe1514e47ae46996c54a8de,cc0,https://creativecommons.org/publicdomain/zero/1.0/,current_site_code_mapping_not_historical_photo_page_capture,no rights reserved,"Bird detection annotation; resized, cropped, and augmented for model training",platform_terms_reply_pending,2026-09-24T19:44:58.404988+00:00
inaturalist:718952617,718952617,392314736,https://www.inaturalist.org/observations/392314736,1913ead279cb5a810b739accf9a1956a8cb1613369f6d14ab9b169db8f9acaa1,cc0,https://creativecommons.org/publicdomain/zero/1.0/,current_site_code_mapping_not_historical_photo_page_capture,no rights reserved,"Bird detection annotation; resized, cropped, and augmented for model training",platform_terms_reply_pending,2026-09-24T19:44:58.404988+00:00
inaturalist:718952723,718952723,392314806,https://www.inaturalist.org/observations/392314806,68b4b8c3e6320d65515d444acfbac3c29de4f455d3fe2ba9a43199cc70d8cd8a,cc0,https://creativecommons.org/publicdomain/zero/1.0/,current_site_code_mapping_not_historical_photo_page_capture,no rights reserved,"Bird detection annotation; resized, cropped, and augmented for model training",platform_terms_reply_pending,2026-09-24T19:44:58.404988+00:00
inaturalist:718953493,718953493,392314946,https://www.inaturalist.org/observations/392314946,b40daed656c1966e45306b60599dbd21a34c5e0ec54e7e436efd51da21f8996d,cc0,https://creativecommons.org/publicdomain/zero/1.0/,current_site_code_mapping_not_historical_photo_page_capture,no rights reserved,"Bird detection annotation; resized, cropped, and augmented for model training",platform_terms_reply_pending,2026-09-24T19:44:58.404988+00:00
inaturalist:719279274,719279274,392486034,https://www.inaturalist.org/observations/392486034,115ba25a4ff03f10806214db6d9c77f2f9b7ff0f2d7f25838ce22fc60206e2d4,cc-by,https://creativecommons.org/licenses/by/4.0/,current_site_code_mapping_not_historical_photo_page_capture,"(c) Fionn Ó Marcaigh, some rights reserved (CC BY)","Bird detection annotation; resized, cropped, and augmented for model training",platform_terms_reply_pending,2026-09-24T19:44:58.404988+00:00
inaturalist:719281851,719281851,392486033,https://www.inaturalist.org/observations/392486033,427182bcca83105b079fa150e23c2186279907a9b9ba68efc6b57d30d3132e47,cc-by,https://creativecommons.org/licenses/by/4.0/,current_site_code_mapping_not_historical_photo_page_capture,"(c) Fionn Ó Marcaigh, some rights reserved (CC BY)","Bird detection annotation; resized, cropped, and augmented for model training",platform_terms_reply_pending,2026-09-24T19:44:58.404988+00:00
inaturalist:719393423,719393423,392555929,https://www.inaturalist.org/observations/392555929,d6742c1187555f8a59a439cfcfafddbb485b7ffca5c80946bd36bae6b8234747,cc-by,https://creativecommons.org/licenses/by/4.0/,current_site_code_mapping_not_historical_photo_page_capture,"(c) Johnathan Campbell, some rights reserved (CC BY)","Bird detection annotation; resized, cropped, and augmented for model training",platform_terms_reply_pending,2026-09-24T19:44:58.404988+00:00
inaturalist:719479165,719479165,392584290,https://www.inaturalist.org/observations/392584290,97b4f9be7e0eb864b82c59008336c3499f0991465e139191d35bfe7fb4889d4a,cc-by,https://creativecommons.org/licenses/by/4.0/,current_site_code_mapping_not_historical_photo_page_capture,"(c) Rejoice Gassah, some rights reserved (CC BY)","Bird detection annotation; resized, cropped, and augmented for model training",platform_terms_reply_pending,2026-09-24T19:44:58.404988+00:00
inaturalist:719495607,719495607,392590726,https://www.inaturalist.org/observations/392590726,68775141ea9e7e706aa672aaee97e09cc4cf1201ec3ef7f0505b0564d2e7aedf,cc-by,https://creativecommons.org/licenses/by/4.0/,current_site_code_mapping_not_historical_photo_page_capture,"(c) Валерия Ковалева, some rights reserved (CC BY)","Bird detection annotation; resized, cropped, and augmented for model training",platform_terms_reply_pending,2026-09-24T19:44:58.404988+00:00
inaturalist:719536906,719536906,392611916,https://www.inaturalist.org/observations/392611916,2f193b20ceacb9d060abc23412c42ddeca8a12d99c7b21f6c5b11af509f98513,cc-by,https://creativecommons.org/licenses/by/4.0/,current_site_code_mapping_not_historical_photo_page_capture,"(c) Alexandr Stanislavschi, some rights reserved (CC BY)","Bird detection annotation; resized, cropped, and augmented for model training",platform_terms_reply_pending,2026-09-24T19:44:58.404988+00:00
inaturalist:719576043,719576043,392627615,https://www.inaturalist.org/observations/392627615,175803d6b1d8354dfad1926b9df70167226f1b9e01d0dbd4c749edd3e0a8af85,cc-by,https://creativecommons.org/licenses/by/4.0/,current_site_code_mapping_not_historical_photo_page_capture,"(c) shadow_385, some rights reserved (CC BY)","Bird detection annotation; resized, cropped, and augmented for model training",platform_terms_reply_pending,2026-09-24T19:44:58.404988+00:00
inaturalist:719914159,719914159,392807520,https://www.inaturalist.org/observations/392807520,384c0ee847f646f51f726b26c62e9ae5890f2f66c8884690603e630aeb1463f1,cc-by,https://creativecommons.org/licenses/by/4.0/,current_site_code_mapping_not_historical_photo_page_capture,"(c) Liren Varghese, some rights reserved (CC BY)","Bird detection annotation; resized, cropped, and augmented for model training",platform_terms_reply_pending,2026-09-24T19:44:58.404988+00:00
inaturalist:720028450,720028450,392867701,https://www.inaturalist.org/observations/392867701,9115e841d224f8d44d4976d5efa851707523175bb6d691591791fa362b75bedd,cc-by,https://creativecommons.org/licenses/by/4.0/,current_site_code_mapping_not_historical_photo_page_capture,"(c) Ahirbudhnyan M, some rights reserved (CC BY)","Bird detection annotation; resized, cropped, and augmented for model training",platform_terms_reply_pending,2026-09-24T19:44:58.404988+00:00
inaturalist:720028577,720028577,392867705,https://www.inaturalist.org/observations/392867705,504b956696a3982031115f628adea8686272024642a355efec2b006c4d8cdc09,cc-by,https://creativecommons.org/licenses/by/4.0/,current_site_code_mapping_not_historical_photo_page_capture,"(c) Ahirbudhnyan M, some rights reserved (CC BY)","Bird detection annotation; resized, cropped, and augmented for model training",platform_terms_reply_pending,2026-09-24T19:44:58.404988+00:00
inaturalist:720033046,720033046,392867419,https://www.inaturalist.org/observations/392867419,0252de1b6594f647eac03d74b70d6a217a0e9c808249a5f0172be7217aee67ee,cc-by,https://creativecommons.org/licenses/by/4.0/,current_site_code_mapping_not_historical_photo_page_capture,"(c) rajesh rocky, some rights reserved (CC BY)","Bird detection annotation; resized, cropped, and augmented for model training",platform_terms_reply_pending,2026-09-24T19:44:58.404988+00:00
inaturalist:720034956,720034956,392868300,https://www.inaturalist.org/observations/392868300,9ed8fe6e65de54d9d1704cbc8bbf5bae68f9b1430fcd44e38e0c1419e6ab37a2,cc-by,https://creativecommons.org/licenses/by/4.0/,current_site_code_mapping_not_historical_photo_page_capture,"(c) rajesh rocky, some rights reserved (CC BY)","Bird detection annotation; resized, cropped, and augmented for model training",platform_terms_reply_pending,2026-09-24T19:44:58.404988+00:00
inaturalist:720076848,720076848,392890208,https://www.inaturalist.org/observations/392890208,1fa5c8fb868ad81fce33fb8323d7b8ec6538917366ccb6da820b18948bbd652b,cc-by,https://creativecommons.org/licenses/by/4.0/,current_site_code_mapping_not_historical_photo_page_capture,"(c) Elias, some rights reserved (CC BY)","Bird detection annotation; resized, cropped, and augmented for model training",platform_terms_reply_pending,2026-09-24T19:44:58.404988+00:00
inaturalist:720136852,720136852,392920676,https://www.inaturalist.org/observations/392920676,7dbed878d999c8ea212f1eaaaff767851e745a4ec243411092f199050123ea91,cc-by,https://creativecommons.org/licenses/by/4.0/,current_site_code_mapping_not_historical_photo_page_capture,"(c) Lukas Zangl, some rights reserved (CC BY)","Bird detection annotation; resized, cropped, and augmented for model training",platform_terms_reply_pending,2026-09-24T19:44:58.404988+00:00
inaturalist:720158508,720158508,392933193,https://www.inaturalist.org/observations/392933193,dace26aa47d830131985f0818eee146cb49864fc479096d66cb2cad645dd228e,cc-by,https://creativecommons.org/licenses/by/4.0/,current_site_code_mapping_not_historical_photo_page_capture,"(c) Elias, some rights reserved (CC BY)","Bird detection annotation; resized, cropped, and augmented for model training",platform_terms_reply_pending,2026-09-24T19:44:58.404988+00:00
inaturalist:720220819,720220819,392965510,https://www.inaturalist.org/observations/392965510,4597ebce798631d9d1ae2ac799945a63639c0d25d3d9c33f6af88906843110bd,cc-by,https://creativecommons.org/licenses/by/4.0/,current_site_code_mapping_not_historical_photo_page_capture,"(c) euqirneto, some rights reserved (CC BY)","Bird detection annotation; resized, cropped, and augmented for model training",platform_terms_reply_pending,2026-09-24T19:44:58.404988+00:00
inaturalist:720486876,720486876,393099448,https://www.inaturalist.org/observations/393099448,880097f86d32c5d8171fa350ba6e2095a7dfc27c2f892d059f79e6ad1fbf6113,cc-by,https://creativecommons.org/licenses/by/4.0/,current_site_code_mapping_not_historical_photo_page_capture,"(c) Ingvild Riska, some rights reserved (CC BY)","Bird detection annotation; resized, cropped, and augmented for model training",platform_terms_reply_pending,2026-09-24T19:44:58.404988+00:00
inaturalist:720528894,720528894,393120849,https://www.inaturalist.org/observations/393120849,1205facba8236bd1db8bf08e1704d1d66fad93059a3a555f74aaf8fa7faa5eeb,cc-by,https://creativecommons.org/licenses/by/4.0/,current_site_code_mapping_not_historical_photo_page_capture,"(c) Rejoice Gassah, some rights reserved (CC BY)","Bird detection annotation; resized, cropped, and augmented for model training",platform_terms_reply_pending,2026-09-24T19:44:58.404988+00:00
inaturalist:720666995,720666995,393195859,https://www.inaturalist.org/observations/393195859,d03528beee3cd6b6dba6ed0d042d09dd415398e5c4ab688e8d837703eab72dc4,cc0,https://creativecommons.org/publicdomain/zero/1.0/,current_site_code_mapping_not_historical_photo_page_capture,no rights reserved,"Bird detection annotation; resized, cropped, and augmented for model training",platform_terms_reply_pending,2026-09-24T19:44:58.404988+00:00
inaturalist:720730066,720730066,393227066,https://www.inaturalist.org/observations/393227066,6f3bca10a84910cba2dcbcd3d92027888cd8e78ced0093edefb20f499ec44dc1,cc-by,https://creativecommons.org/licenses/by/4.0/,current_site_code_mapping_not_historical_photo_page_capture,"(c) Aryan K, some rights reserved (CC BY)","Bird detection annotation; resized, cropped, and augmented for model training",platform_terms_reply_pending,2026-09-24T19:44:58.404988+00:00
inaturalist:721134310,721134310,393432238,https://www.inaturalist.org/observations/393432238,dd728a612511665468e4d568f47ce4edce3f2df388a970e987c7cb53cb690973,cc-by,https://creativecommons.org/licenses/by/4.0/,current_site_code_mapping_not_historical_photo_page_capture,"(c) Giacomo Navari, some rights reserved (CC BY)","Bird detection annotation; resized, cropped, and augmented for model training",platform_terms_reply_pending,2026-09-24T19:44:58.404988+00:00
inaturalist:721137356,721137356,393431140,https://www.inaturalist.org/observations/393431140,1e693a03bfca1d117b2fcafd5f6546e67f3ae513a06947520cf4423a6c5fab6c,cc0,https://creativecommons.org/publicdomain/zero/1.0/,current_site_code_mapping_not_historical_photo_page_capture,no rights reserved,"Bird detection annotation; resized, cropped, and augmented for model training",platform_terms_reply_pending,2026-09-24T19:44:58.404988+00:00
inaturalist:721163655,721163655,393444628,https://www.inaturalist.org/observations/393444628,84f60b2ddb7947ca77f734c94fec8978eef5f213c351723662e0203a44267655,cc-by,https://creativecommons.org/licenses/by/4.0/,current_site_code_mapping_not_historical_photo_page_capture,"(c) rajesh rocky, some rights reserved (CC BY)","Bird detection annotation; resized, cropped, and augmented for model training",platform_terms_reply_pending,2026-09-24T19:44:58.404988+00:00
inaturalist:721191981,721191981,393461310,https://www.inaturalist.org/observations/393461310,d67d3eae19bf1b9f9871a3de983b62c15238cc954e9c10756ab82822d69f5fa9,cc-by,https://creativecommons.org/licenses/by/4.0/,current_site_code_mapping_not_historical_photo_page_capture,"(c) Jan Ebr &amp; Ivana Ebrová, some rights reserved (CC BY)","Bird detection annotation; resized, cropped, and augmented for model training",platform_terms_reply_pending,2026-09-24T19:44:58.404988+00:00
inaturalist:721441867,721441867,393591384,https://www.inaturalist.org/observations/393591384,983ede6a55d1992f9c9d897c6062591fbcd5f26b0ab9270aa7df49591defa928,cc-by,https://creativecommons.org/licenses/by/4.0/,current_site_code_mapping_not_historical_photo_page_capture,"(c) Jesenia K., some rights reserved (CC BY)","Bird detection annotation; resized, cropped, and augmented for model training",platform_terms_reply_pending,2026-09-24T19:44:58.404988+00:00
inaturalist:721442092,721442092,393591533,https://www.inaturalist.org/observations/393591533,712f46467e00d274f34d86786fd27e2bb3eb035b794102c54faae81117851527,cc-by,https://creativecommons.org/licenses/by/4.0/,current_site_code_mapping_not_historical_photo_page_capture,"(c) Jesenia K., some rights reserved (CC BY)","Bird detection annotation; resized, cropped, and augmented for model training",platform_terms_reply_pending,2026-09-24T19:44:58.404988+00:00
inaturalist:721445638,721445638,393593395,https://www.inaturalist.org/observations/393593395,35013f5223ab0cf1b0704390e0c3a9a14e7b2120f69232d1972ad6d9fcf3b9f1,cc-by,https://creativecommons.org/licenses/by/4.0/,current_site_code_mapping_not_historical_photo_page_capture,"(c) Jesenia K., some rights reserved (CC BY)","Bird detection annotation; resized, cropped, and augmented for model training",platform_terms_reply_pending,2026-09-24T19:44:58.404988+00:00
inaturalist:721599374,721599374,393669253,https://www.inaturalist.org/observations/393669253,e2e4ab79522ca570ce1933f3956e71f921e1c4a263fea5cad8d7402b01bb1a80,cc-by,https://creativecommons.org/licenses/by/4.0/,current_site_code_mapping_not_historical_photo_page_capture,"(c) Liem Malarney, some rights reserved (CC BY)","Bird detection annotation; resized, cropped, and augmented for model training",platform_terms_reply_pending,2026-09-24T19:44:58.404988+00:00
inaturalist:721899807,721899807,393822565,https://www.inaturalist.org/observations/393822565,f6abc3c4c0615aa7b718bd1136fdf50b1b653dd23e383afdb47616119adbfdad,cc-by,https://creativecommons.org/licenses/by/4.0/,current_site_code_mapping_not_historical_photo_page_capture,"(c) Pedro Eça, some rights reserved (CC BY)","Bird detection annotation; resized, cropped, and augmented for model training",platform_terms_reply_pending,2026-09-24T19:44:58.404988+00:00
inaturalist:722198692,722198692,393973217,https://www.inaturalist.org/observations/393973217,bb8f0c8a0ab1563bd2ccb72520392d790c6d79157679eef98de37b67a649df66,cc-by,https://creativecommons.org/licenses/by/4.0/,current_site_code_mapping_not_historical_photo_page_capture,"(c) Валерия Ковалева, some rights reserved (CC BY)","Bird detection annotation; resized, cropped, and augmented for model training",platform_terms_reply_pending,2026-09-24T19:44:58.404988+00:00
inaturalist:722199325,722199325,393973488,https://www.inaturalist.org/observations/393973488,a3987d5fae07c8857104f816a91b9cad76c1ee1a1e8531f7bd43696d1eb7977a,cc-by,https://creativecommons.org/licenses/by/4.0/,current_site_code_mapping_not_historical_photo_page_capture,"(c) Валерия Ковалева, some rights reserved (CC BY)","Bird detection annotation; resized, cropped, and augmented for model training",platform_terms_reply_pending,2026-09-24T19:44:58.404988+00:00
inaturalist:722233208,722233208,393991098,https://www.inaturalist.org/observations/393991098,e5f6a2e3e3cb3d6f6b9c8e7593cced2a447e140436e7d2caf5f3c17ea732df77,cc-by,https://creativecommons.org/licenses/by/4.0/,current_site_code_mapping_not_historical_photo_page_capture,"(c) Ingvild Riska, some rights reserved (CC BY)","Bird detection annotation; resized, cropped, and augmented for model training",platform_terms_reply_pending,2026-09-24T19:44:58.404988+00:00
inaturalist:722361808,722361808,394055776,https://www.inaturalist.org/observations/394055776,06c4786513fbe7057d1b5638d195bbf0c85259aeba96f9309309bb9c0787c8f1,cc-by,https://creativecommons.org/licenses/by/4.0/,current_site_code_mapping_not_historical_photo_page_capture,"(c) Jesenia K., some rights reserved (CC BY)","Bird detection annotation; resized, cropped, and augmented for model training",platform_terms_reply_pending,2026-09-24T19:44:58.404988+00:00
inaturalist:722364463,722364463,394057867,https://www.inaturalist.org/observations/394057867,7e49da5a1c18ed5af2ad55664f5f1c3750d19ed99bdd18a7bb62f434675a2dd8,cc-by,https://creativecommons.org/licenses/by/4.0/,current_site_code_mapping_not_historical_photo_page_capture,"(c) Navaneeth Sini George, some rights reserved (CC BY)","Bird detection annotation; resized, cropped, and augmented for model training",platform_terms_reply_pending,2026-09-24T19:44:58.404988+00:00
inaturalist:722370985,722370985,394060502,https://www.inaturalist.org/observations/394060502,85fa40fb88ae389b486693b82d7b7029bb1121235a968ff0576c519fd9a4918c,cc-by,https://creativecommons.org/licenses/by/4.0/,current_site_code_mapping_not_historical_photo_page_capture,"(c) Jesenia K., some rights reserved (CC BY)","Bird detection annotation; resized, cropped, and augmented for model training",platform_terms_reply_pending,2026-09-24T19:44:58.404988+00:00
inaturalist:722431004,722431004,394091452,https://www.inaturalist.org/observations/394091452,22a7b34f7923e8be202152c78972e3fbb777e314325cc47ceade602249b7cd26,cc0,https://creativecommons.org/publicdomain/zero/1.0/,current_site_code_mapping_not_historical_photo_page_capture,no rights reserved,"Bird detection annotation; resized, cropped, and augmented for model training",platform_terms_reply_pending,2026-09-24T19:44:58.404988+00:00
inaturalist:722580455,722580455,394168317,https://www.inaturalist.org/observations/394168317,3e36dbc59f33ed701792982457966369df6fbe487a9d532bfe34b13d0d2cc6e0,cc-by,https://creativecommons.org/licenses/by/4.0/,current_site_code_mapping_not_historical_photo_page_capture,"(c) Mateo Sanchez, some rights reserved (CC BY)","Bird detection annotation; resized, cropped, and augmented for model training",platform_terms_reply_pending,2026-09-24T19:44:58.404988+00:00
inaturalist:722676313,722676313,394215724,https://www.inaturalist.org/observations/394215724,4317c7ff5ba60b5f6bd65f2f757f3fc9ba2b6210219819ecbd7b8bbfb277de5b,cc-by,https://creativecommons.org/licenses/by/4.0/,current_site_code_mapping_not_historical_photo_page_capture,"(c) Lukas Zangl, some rights reserved (CC BY)","Bird detection annotation; resized, cropped, and augmented for model training",platform_terms_reply_pending,2026-09-24T19:44:58.404988+00:00
inaturalist:722912295,722912295,394334214,https://www.inaturalist.org/observations/394334214,4436a1ecdcb990734e56afafbfa3daaca7fe111070eab47c828cfd09849fbe75,cc-by,https://creativecommons.org/licenses/by/4.0/,current_site_code_mapping_not_historical_photo_page_capture,"(c) Rejoice Gassah, some rights reserved (CC BY)","Bird detection annotation; resized, cropped, and augmented for model training",platform_terms_reply_pending,2026-09-24T19:44:58.404988+00:00
inaturalist:722914355,722914355,394335605,https://www.inaturalist.org/observations/394335605,19afb0b44e65b8f00a159db4750d910f55cac4e7245872bb9e54ea6f38ad01c8,cc-by,https://creativecommons.org/licenses/by/4.0/,current_site_code_mapping_not_historical_photo_page_capture,"(c) Rejoice Gassah, some rights reserved (CC BY)","Bird detection annotation; resized, cropped, and augmented for model training",platform_terms_reply_pending,2026-09-24T19:44:58.404988+00:00
inaturalist:722917906,722917906,394336825,https://www.inaturalist.org/observations/394336825,ecdd1278d8a609fafa47d84c13a65baf93fa482b36b9e6b5979c72c9fe481c79,cc0,https://creativecommons.org/publicdomain/zero/1.0/,current_site_code_mapping_not_historical_photo_page_capture,no rights reserved,"Bird detection annotation; resized, cropped, and augmented for model training",platform_terms_reply_pending,2026-09-24T19:44:58.404988+00:00
inaturalist:723019064,723019064,394388075,https://www.inaturalist.org/observations/394388075,0faa8e9d4dfea653314a4a410d96ea56a193bc9843524db62cef29c688f7fb47,cc-by,https://creativecommons.org/licenses/by/4.0/,current_site_code_mapping_not_historical_photo_page_capture,"(c) Chiara, some rights reserved (CC BY)","Bird detection annotation; resized, cropped, and augmented for model training",platform_terms_reply_pending,2026-09-24T19:44:58.404988+00:00
inaturalist:723086264,723086264,394423870,https://www.inaturalist.org/observations/394423870,c030da98a69335894598c675e587e73dec4f8ebb771a8114ce68a4db8f5723c3,cc-by,https://creativecommons.org/licenses/by/4.0/,current_site_code_mapping_not_historical_photo_page_capture,"(c) ahabo, some rights reserved (CC BY)","Bird detection annotation; resized, cropped, and augmented for model training",platform_terms_reply_pending,2026-09-24T19:44:58.404988+00:00
inaturalist:723503592,723503592,394640040,https://www.inaturalist.org/observations/394640040,bcb8e8f29faed95ba2423903c923dc864b641ce37aaba034fcf7bee2a416d315,cc-by,https://creativecommons.org/licenses/by/4.0/,current_site_code_mapping_not_historical_photo_page_capture,"(c) Fionn Ó Marcaigh, some rights reserved (CC BY)","Bird detection annotation; resized, cropped, and augmented for model training",platform_terms_reply_pending,2026-09-24T19:44:58.404988+00:00
inaturalist:723706511,723706511,394745899,https://www.inaturalist.org/observations/394745899,ca9031422cad696c2768d2078ce93d088723b09c7b9a5fc01d9f11aafadfa846,cc-by,https://creativecommons.org/licenses/by/4.0/,current_site_code_mapping_not_historical_photo_page_capture,"(c) Aryan K, some rights reserved (CC BY)","Bird detection annotation; resized, cropped, and augmented for model training",platform_terms_reply_pending,2026-09-24T19:44:58.404988+00:00
inaturalist:724052845,724052845,394921570,https://www.inaturalist.org/observations/394921570,7bc63d670be30f939438ef769cd7d144b7cd72ad4739bd6898d03df0a91269ea,cc-by,https://creativecommons.org/licenses/by/4.0/,current_site_code_mapping_not_historical_photo_page_capture,"(c) R Clarke, some rights reserved (CC BY)","Bird detection annotation; resized, cropped, and augmented for model training",platform_terms_reply_pending,2026-09-24T19:44:58.404988+00:00
inaturalist:724325507,724325507,395055688,https://www.inaturalist.org/observations/395055688,b0c3f5b16fd236943a726892ea805c18320b1896716c0355b5269585331d64a2,cc-by,https://creativecommons.org/licenses/by/4.0/,current_site_code_mapping_not_historical_photo_page_capture,"(c) Francesco Baboni, some rights reserved (CC BY)","Bird detection annotation; resized, cropped, and augmented for model training",platform_terms_reply_pending,2026-09-24T19:44:58.404988+00:00
inaturalist:724328060,724328060,395057663,https://www.inaturalist.org/observations/395057663,a00582718f5b4d790a58693de4b847a44d523da18572d9ddb2898643bd8960a6,cc-by,https://creativecommons.org/licenses/by/4.0/,current_site_code_mapping_not_historical_photo_page_capture,"(c) Mourad Harzallah, some rights reserved (CC BY)","Bird detection annotation; resized, cropped, and augmented for model training",platform_terms_reply_pending,2026-09-24T19:44:58.404988+00:00
inaturalist:724471214,724471214,395128474,https://www.inaturalist.org/observations/395128474,8a07ac73e34fce76913f62206782b89ffd481adff3c0ca8d006a15620155a5d5,cc0,https://creativecommons.org/publicdomain/zero/1.0/,current_site_code_mapping_not_historical_photo_page_capture,no rights reserved,"Bird detection annotation; resized, cropped, and augmented for model training",platform_terms_reply_pending,2026-09-24T19:44:58.404988+00:00
inaturalist:724486975,724486975,395136494,https://www.inaturalist.org/observations/395136494,73adf8295f798c2ce66f51a45e6588915dd490ac8e350b3a4b341fde9e110055,cc-by,https://creativecommons.org/licenses/by/4.0/,current_site_code_mapping_not_historical_photo_page_capture,"(c) Yu-Huang Wang, some rights reserved (CC BY)","Bird detection annotation; resized, cropped, and augmented for model training",platform_terms_reply_pending,2026-09-24T19:44:58.404988+00:00
inaturalist:724495257,724495257,395140432,https://www.inaturalist.org/observations/395140432,d06ad044869d246b40328b4c6a2710e7d7e99b48c172cdadff51aa00ffb4ec5e,cc-by,https://creativecommons.org/licenses/by/4.0/,current_site_code_mapping_not_historical_photo_page_capture,"(c) relew, some rights reserved (CC BY)","Bird detection annotation; resized, cropped, and augmented for model training",platform_terms_reply_pending,2026-09-24T19:44:58.404988+00:00
inaturalist:724502094,724502094,395144433,https://www.inaturalist.org/observations/395144433,3fe0dbee37821d24c6016da50d97475ea18e09674abfb0b2a74ee0d7214b1a8b,cc-by,https://creativecommons.org/licenses/by/4.0/,current_site_code_mapping_not_historical_photo_page_capture,"(c) Paulmathi Vinod, some rights reserved (CC BY)","Bird detection annotation; resized, cropped, and augmented for model training",platform_terms_reply_pending,2026-09-24T19:44:58.404988+00:00
inaturalist:724513072,724513072,395148762,https://www.inaturalist.org/observations/395148762,3a06a57bb4a8b26471e139cf49b59b992619105d76ef3185148f9b69d8db2077,cc0,https://creativecommons.org/publicdomain/zero/1.0/,current_site_code_mapping_not_historical_photo_page_capture,no rights reserved,"Bird detection annotation; resized, cropped, and augmented for model training",platform_terms_reply_pending,2026-09-24T19:44:58.404988+00:00
inaturalist:724532545,724532545,395163055,https://www.inaturalist.org/observations/395163055,8e06f18397f1ad2b3f80b07ee28550a50bbc35b27ece8517ecd3528c819f9440,cc-by,https://creativecommons.org/licenses/by/4.0/,current_site_code_mapping_not_historical_photo_page_capture,"(c) Paulmathi Vinod, some rights reserved (CC BY)","Bird detection annotation; resized, cropped, and augmented for model training",platform_terms_reply_pending,2026-09-24T19:44:58.404988+00:00
inaturalist:724546164,724546164,395166396,https://www.inaturalist.org/observations/395166396,e92b2659af9fb23381583151954a60b9975b47e436f5d1adac125c4dca19abd8,cc-by,https://creativecommons.org/licenses/by/4.0/,current_site_code_mapping_not_historical_photo_page_capture,"(c) Richard Littauer, some rights reserved (CC BY)","Bird detection annotation; resized, cropped, and augmented for model training",platform_terms_reply_pending,2026-09-24T19:44:58.404988+00:00
inaturalist:724547640,724547640,395169676,https://www.inaturalist.org/observations/395169676,bc57819db6194988d154fb552bb91f991ef291b80ca846dc90063918269cfb44,cc-by,https://creativecommons.org/licenses/by/4.0/,current_site_code_mapping_not_historical_photo_page_capture,"(c) spacegecko, some rights reserved (CC BY)","Bird detection annotation; resized, cropped, and augmented for model training",platform_terms_reply_pending,2026-09-24T19:44:58.404988+00:00
inaturalist:724609541,724609541,395198579,https://www.inaturalist.org/observations/395198579,f45f80a0d4ad386766af933c8f296b6dea7875d7347a342f93ed46fd7644452d,cc-by,https://creativecommons.org/licenses/by/4.0/,current_site_code_mapping_not_historical_photo_page_capture,"(c) Christoph Moning, some rights reserved (CC BY)","Bird detection annotation; resized, cropped, and augmented for model training",platform_terms_reply_pending,2026-09-24T19:44:58.404988+00:00
inaturalist:724647427,724647427,395218613,https://www.inaturalist.org/observations/395218613,3b328e6660fc53d366ae0062141dffefcbb6c32219757bcf2df0b2e7ce286b22,cc-by,https://creativecommons.org/licenses/by/4.0/,current_site_code_mapping_not_historical_photo_page_capture,"(c) Katrin Simon, some rights reserved (CC BY)","Bird detection annotation; resized, cropped, and augmented for model training",platform_terms_reply_pending,2026-09-24T19:44:58.404988+00:00
inaturalist:724671414,724671414,395232231,https://www.inaturalist.org/observations/395232231,9ea293e0b61f300046fe3c3f871452eba0acd88d3744f58def1646a149dd85ff,cc-by,https://creativecommons.org/licenses/by/4.0/,current_site_code_mapping_not_historical_photo_page_capture,"(c) smeckert, some rights reserved (CC BY)","Bird detection annotation; resized, cropped, and augmented for model training",platform_terms_reply_pending,2026-09-24T19:44:58.404988+00:00
inaturalist:724702919,724702919,395265025,https://www.inaturalist.org/observations/395265025,4d6127eabf9ef6551fe2fd56d33275a437d08fb99390a9b75af59a2ec12e6b2b,cc-by,https://creativecommons.org/licenses/by/4.0/,current_site_code_mapping_not_historical_photo_page_capture,"(c) EstebanMH, some rights reserved (CC BY)","Bird detection annotation; resized, cropped, and augmented for model training",platform_terms_reply_pending,2026-09-24T19:44:58.404988+00:00
inaturalist:724773471,724773471,395285001,https://www.inaturalist.org/observations/395285001,61968d59cc1ee24add2ee1a40495aa98ce10dfcebbbe1a6281399b230b59a032,cc-by,https://creativecommons.org/licenses/by/4.0/,current_site_code_mapping_not_historical_photo_page_capture,"(c) Lukas Zangl, some rights reserved (CC BY)","Bird detection annotation; resized, cropped, and augmented for model training",platform_terms_reply_pending,2026-09-24T19:44:58.404988+00:00
inaturalist:725023687,725023687,395408405,https://www.inaturalist.org/observations/395408405,2f47ab6ae5dbb568ec7080fc9a552d54577d2523d963d8ec5f4ec83ba03a16c3,cc-by,https://creativecommons.org/licenses/by/4.0/,current_site_code_mapping_not_historical_photo_page_capture,"(c) Hilary Rose Dawson, some rights reserved (CC BY)","Bird detection annotation; resized, cropped, and augmented for model training",platform_terms_reply_pending,2026-09-24T19:44:58.404988+00:00
inaturalist:725041390,725041390,395424034,https://www.inaturalist.org/observations/395424034,9efe968035dd22154721345187f667008e994a865b4a715d7a6c0baa13b56287,cc-by,https://creativecommons.org/licenses/by/4.0/,current_site_code_mapping_not_historical_photo_page_capture,"(c) Rainer Breitling, some rights reserved (CC BY)","Bird detection annotation; resized, cropped, and augmented for model training",platform_terms_reply_pending,2026-09-24T19:44:58.404988+00:00
inaturalist:725066583,725066583,395430775,https://www.inaturalist.org/observations/395430775,4930b5683069b367727f75a698cf595cb44c658e6b27d1bbd569bafa268de60c,cc0,https://creativecommons.org/publicdomain/zero/1.0/,current_site_code_mapping_not_historical_photo_page_capture,no rights reserved,"Bird detection annotation; resized, cropped, and augmented for model training",platform_terms_reply_pending,2026-09-24T19:44:58.404988+00:00
inaturalist:725084729,725084729,395442903,https://www.inaturalist.org/observations/395442903,80e398dd2244c93a2b8cca4357f1a0bc6ee3d588a849b6b1bb44a7c9f6c87c46,cc-by,https://creativecommons.org/licenses/by/4.0/,current_site_code_mapping_not_historical_photo_page_capture,"(c) Jonas Kraft, some rights reserved (CC BY)","Bird detection annotation; resized, cropped, and augmented for model training",platform_terms_reply_pending,2026-09-24T19:44:58.404988+00:00
inaturalist:725084983,725084983,395442637,https://www.inaturalist.org/observations/395442637,7c47ba15d0de75513c4afd11ce858a7cddacbcea8974b66957c1a8ec3c1ea23c,cc-by,https://creativecommons.org/licenses/by/4.0/,current_site_code_mapping_not_historical_photo_page_capture,"(c) Mourad Harzallah, some rights reserved (CC BY)","Bird detection annotation; resized, cropped, and augmented for model training",platform_terms_reply_pending,2026-09-24T19:44:58.404988+00:00
inaturalist:725085346,725085346,395442837,https://www.inaturalist.org/observations/395442837,ad8d5c86e697d0ec1433c004840fa70a3fc83896a8b6cb2cab15b31dc4bb25a5,cc-by,https://creativecommons.org/licenses/by/4.0/,current_site_code_mapping_not_historical_photo_page_capture,"(c) Mourad Harzallah, some rights reserved (CC BY)","Bird detection annotation; resized, cropped, and augmented for model training",platform_terms_reply_pending,2026-09-24T19:44:58.404988+00:00
inaturalist:725085352,725085352,395442824,https://www.inaturalist.org/observations/395442824,2dd73696273b2ff31f725c7003bca05c0cc013041b9f0fc05e7d2fa4ee9100dc,cc-by,https://creativecommons.org/licenses/by/4.0/,current_site_code_mapping_not_historical_photo_page_capture,"(c) Mourad Harzallah, some rights reserved (CC BY)","Bird detection annotation; resized, cropped, and augmented for model training",platform_terms_reply_pending,2026-09-24T19:44:58.404988+00:00
inaturalist:725085358,725085358,395442859,https://www.inaturalist.org/observations/395442859,aa82ab1141bff876490ba07a9acd0a886672070beb2b5685939f4e65f0887f49,cc-by,https://creativecommons.org/licenses/by/4.0/,current_site_code_mapping_not_historical_photo_page_capture,"(c) Mourad Harzallah, some rights reserved (CC BY)","Bird detection annotation; resized, cropped, and augmented for model training",platform_terms_reply_pending,2026-09-24T19:44:58.404988+00:00
inaturalist:725085359,725085359,395442872,https://www.inaturalist.org/observations/395442872,e665ca9811833e2ea74ea58ffa4e11d69c957a6c38d68e9f6382c8015f87d108,cc-by,https://creativecommons.org/licenses/by/4.0/,current_site_code_mapping_not_historical_photo_page_capture,"(c) Mourad Harzallah, some rights reserved (CC BY)","Bird detection annotation; resized, cropped, and augmented for model training",platform_terms_reply_pending,2026-09-24T19:44:58.404988+00:00
inaturalist:725085367,725085367,395442905,https://www.inaturalist.org/observations/395442905,0ecfd8b5e1079f462fc9d657a6d4e448adb4f0732f042d5c01026eaa337c6538,cc-by,https://creativecommons.org/licenses/by/4.0/,current_site_code_mapping_not_historical_photo_page_capture,"(c) Mourad Harzallah, some rights reserved (CC BY)","Bird detection annotation; resized, cropped, and augmented for model training",platform_terms_reply_pending,2026-09-24T19:44:58.404988+00:00
inaturalist:725085376,725085376,395442953,https://www.inaturalist.org/observations/395442953,7586c11fa1237b773f6c828b5bb6f0aeec1a425539091c610a0f9b9711357270,cc-by,https://creativecommons.org/licenses/by/4.0/,current_site_code_mapping_not_historical_photo_page_capture,"(c) Mourad Harzallah, some rights reserved (CC BY)","Bird detection annotation; resized, cropped, and augmented for model training",platform_terms_reply_pending,2026-09-24T19:44:58.404988+00:00
inaturalist:725085397,725085397,395442972,https://www.inaturalist.org/observations/395442972,1399950937d0f3b6086a08159e6b641aab5a376b4d27eb14df92c6a7eb400130,cc-by,https://creativecommons.org/licenses/by/4.0/,current_site_code_mapping_not_historical_photo_page_capture,"(c) Mourad Harzallah, some rights reserved (CC BY)","Bird detection annotation; resized, cropped, and augmented for model training",platform_terms_reply_pending,2026-09-24T19:44:58.404988+00:00
inaturalist:725095471,725095471,395446011,https://www.inaturalist.org/observations/395446011,5cd94025dc6baf5a0cf9392e5ba3bda774fe87d43ba980dfb83bc6b48389d3cf,cc-by,https://creativecommons.org/licenses/by/4.0/,current_site_code_mapping_not_historical_photo_page_capture,"(c) Aryan K, some rights reserved (CC BY)","Bird detection annotation; resized, cropped, and augmented for model training",platform_terms_reply_pending,2026-09-24T19:44:58.404988+00:00
inaturalist:725274707,725274707,395539354,https://www.inaturalist.org/observations/395539354,a056fa76af4ab19d63fc0c25868eeed7e091af887d1b0fb10642c99fa3f236cf,cc-by,https://creativecommons.org/licenses/by/4.0/,current_site_code_mapping_not_historical_photo_page_capture,"(c) Martiño Cabana Otero, some rights reserved (CC BY)","Bird detection annotation; resized, cropped, and augmented for model training",platform_terms_reply_pending,2026-09-24T19:44:58.404988+00:00
inaturalist:725529206,725529206,395676696,https://www.inaturalist.org/observations/395676696,badf4e3ebcbbc7b81d5934857e099e57435683578e220a8248f8c23bd456f0e9,cc-by,https://creativecommons.org/licenses/by/4.0/,current_site_code_mapping_not_historical_photo_page_capture,"(c) Timur Kalininsky, some rights reserved (CC BY)","Bird detection annotation; resized, cropped, and augmented for model training",platform_terms_reply_pending,2026-09-24T19:44:58.404988+00:00
inaturalist:725707141,725707141,395769984,https://www.inaturalist.org/observations/395769984,f4a99bd153ea5ba2d48f681626f17fba219afccae543573acbda88c0466d32d6,cc-by,https://creativecommons.org/licenses/by/4.0/,current_site_code_mapping_not_historical_photo_page_capture,"(c) Igor Balashov, some rights reserved (CC BY)","Bird detection annotation; resized, cropped, and augmented for model training",platform_terms_reply_pending,2026-09-24T19:44:58.404988+00:00
inaturalist:725728508,725728508,395776824,https://www.inaturalist.org/observations/395776824,d0e1001042b2294e16326078c3e2a2e85c5384ff63b6d3b83b7bde4829d6b2fd,cc-by,https://creativecommons.org/licenses/by/4.0/,current_site_code_mapping_not_historical_photo_page_capture,"(c) Allan T. Souza, some rights reserved (CC BY)","Bird detection annotation; resized, cropped, and augmented for model training",platform_terms_reply_pending,2026-09-24T19:44:58.404988+00:00
inaturalist:726124998,726124998,395978984,https://www.inaturalist.org/observations/395978984,0acd74b144c0deb53d8b0d0650bf811730e5bdd5027292ba0cc067de115c9783,cc-by,https://creativecommons.org/licenses/by/4.0/,current_site_code_mapping_not_historical_photo_page_capture,"(c) Nathan Nguyen, some rights reserved (CC BY)","Bird detection annotation; resized, cropped, and augmented for model training",platform_terms_reply_pending,2026-09-24T19:44:58.404988+00:00
inaturalist:726223116,726223116,396026872,https://www.inaturalist.org/observations/396026872,8b8f38a8118898bd5d27fa16998fc5bedc40feece9a9ef09ae18cc449d48d48e,cc-by,https://creativecommons.org/licenses/by/4.0/,current_site_code_mapping_not_historical_photo_page_capture,"(c) Reizo Knapp, some rights reserved (CC BY)","Bird detection annotation; resized, cropped, and augmented for model training",platform_terms_reply_pending,2026-09-24T19:44:58.404988+00:00
inaturalist:726265555,726265555,396045732,https://www.inaturalist.org/observations/396045732,671b7916ffa8c5a2feb4444780d2f407399fb992446d159843df86d3ba8ac1cb,cc-by,https://creativecommons.org/licenses/by/4.0/,current_site_code_mapping_not_historical_photo_page_capture,"(c) Miha Jurić, some rights reserved (CC BY)","Bird detection annotation; resized, cropped, and augmented for model training",platform_terms_reply_pending,2026-09-24T19:44:58.404988+00:00
inaturalist:726329041,726329041,396079462,https://www.inaturalist.org/observations/396079462,ad26bc439da830b6f4e2bac263c9bafedfb81079c960ebbed850301414c88138,cc-by,https://creativecommons.org/licenses/by/4.0/,current_site_code_mapping_not_historical_photo_page_capture,"(c) Darío Calvente Viera, some rights reserved (CC BY)","Bird detection annotation; resized, cropped, and augmented for model training",platform_terms_reply_pending,2026-09-24T19:44:58.404988+00:00
inaturalist:726330134,726330134,396080003,https://www.inaturalist.org/observations/396080003,ccb9fb6c13ef83fa4d0ee66ea59a5a33b2f4c6fcd8944844658e6651e31b828c,cc-by,https://creativecommons.org/licenses/by/4.0/,current_site_code_mapping_not_historical_photo_page_capture,"(c) relew, some rights reserved (CC BY)","Bird detection annotation; resized, cropped, and augmented for model training",platform_terms_reply_pending,2026-09-24T19:44:58.404988+00:00
inaturalist:726434979,726434979,396135211,https://www.inaturalist.org/observations/396135211,b6be39fb67f4f44502bf0e5d8d6bf94da58c7335955a19dffc7317b2424c6df3,cc-by,https://creativecommons.org/licenses/by/4.0/,current_site_code_mapping_not_historical_photo_page_capture,"(c) gwynmwilliams, some rights reserved (CC BY)","Bird detection annotation; resized, cropped, and augmented for model training",platform_terms_reply_pending,2026-09-24T19:44:58.404988+00:00
inaturalist:726440786,726440786,396138901,https://www.inaturalist.org/observations/396138901,1437f3de26959b7c2be79066ce510c9d3dbfea671b7ba2055baa9a39504fdd0e,cc-by,https://creativecommons.org/licenses/by/4.0/,current_site_code_mapping_not_historical_photo_page_capture,"(c) gwynmwilliams, some rights reserved (CC BY)","Bird detection annotation; resized, cropped, and augmented for model training",platform_terms_reply_pending,2026-09-24T19:44:58.404988+00:00
inaturalist:726473531,726473531,396155939,https://www.inaturalist.org/observations/396155939,6ae6f17b3e5020c9afd9919c9220a3fa16daca4f226b7956ea5aaac0dca69ccc,cc-by,https://creativecommons.org/licenses/by/4.0/,current_site_code_mapping_not_historical_photo_page_capture,"(c) Марина Тарасова, some rights reserved (CC BY)","Bird detection annotation; resized, cropped, and augmented for model training",platform_terms_reply_pending,2026-09-24T19:44:58.404988+00:00
inaturalist:726473694,726473694,396155961,https://www.inaturalist.org/observations/396155961,c60089312b857317c0e82f5ca48466c9e056bd0ac117ca8060d2e0c701e1e6dd,cc-by,https://creativecommons.org/licenses/by/4.0/,current_site_code_mapping_not_historical_photo_page_capture,"(c) Марина Тарасова, some rights reserved (CC BY)","Bird detection annotation; resized, cropped, and augmented for model training",platform_terms_reply_pending,2026-09-24T19:44:58.404988+00:00
inaturalist:726485409,726485409,396160460,https://www.inaturalist.org/observations/396160460,0ec3d6ab18b5c846548cab155b98b096f06f0e2c674a7ec48a37437965de5872,cc-by,https://creativecommons.org/licenses/by/4.0/,current_site_code_mapping_not_historical_photo_page_capture,"(c) Thomas Barrès, some rights reserved (CC BY)","Bird detection annotation; resized, cropped, and augmented for model training",platform_terms_reply_pending,2026-09-24T19:44:58.404988+00:00
inaturalist:726493489,726493489,396164992,https://www.inaturalist.org/observations/396164992,8574edcb5079dd8c7f5f21fac6f7d34d92f9b8977e10d6752dc10552312b5aa9,cc-by,https://creativecommons.org/licenses/by/4.0/,current_site_code_mapping_not_historical_photo_page_capture,"(c) Xosé Veiras, some rights reserved (CC BY)","Bird detection annotation; resized, cropped, and augmented for model training",platform_terms_reply_pending,2026-09-24T19:44:58.404988+00:00
inaturalist:726569689,726569689,396203342,https://www.inaturalist.org/observations/396203342,f607de889bacd09541a1446f6b7fc020dc6ce43147021662163b64c5f49aced1,cc-by,https://creativecommons.org/licenses/by/4.0/,current_site_code_mapping_not_historical_photo_page_capture,"(c) Jody Shugart, some rights reserved (CC BY)","Bird detection annotation; resized, cropped, and augmented for model training",platform_terms_reply_pending,2026-09-24T19:44:58.404988+00:00
inaturalist:726588272,726588272,396213279,https://www.inaturalist.org/observations/396213279,18bbe26373152d8db3b1f68da7e3a1c33e19e11705fd3e50557e7f595c56b4aa,cc-by,https://creativecommons.org/licenses/by/4.0/,current_site_code_mapping_not_historical_photo_page_capture,"(c) Mike Brady, some rights reserved (CC BY)","Bird detection annotation; resized, cropped, and augmented for model training",platform_terms_reply_pending,2026-09-24T19:44:58.404988+00:00
inaturalist:726588864,726588864,396212879,https://www.inaturalist.org/observations/396212879,b742bd33fcb5fff73887a08bd884916481c25a274bd7c704ed6531e55a0c1e12,cc0,https://creativecommons.org/publicdomain/zero/1.0/,current_site_code_mapping_not_historical_photo_page_capture,no rights reserved,"Bird detection annotation; resized, cropped, and augmented for model training",platform_terms_reply_pending,2026-09-24T19:44:58.404988+00:00
inaturalist:726683534,726683534,396258778,https://www.inaturalist.org/observations/396258778,ccf19564052a37192c2e7e090826a7ea4362665faa27f3f03e2985e6b9032f9a,cc-by,https://creativecommons.org/licenses/by/4.0/,current_site_code_mapping_not_historical_photo_page_capture,"(c) Olivier Morel, some rights reserved (CC BY)","Bird detection annotation; resized, cropped, and augmented for model training",platform_terms_reply_pending,2026-09-24T19:44:58.404988+00:00
inaturalist:726739649,726739649,396287120,https://www.inaturalist.org/observations/396287120,22ac3d6c3789917db29b684ec95b79ea57445c04d20b044c4e2573dffea73070,cc-by,https://creativecommons.org/licenses/by/4.0/,current_site_code_mapping_not_historical_photo_page_capture,"(c) River Ahlquist, some rights reserved (CC BY)","Bird detection annotation; resized, cropped, and augmented for model training",platform_terms_reply_pending,2026-09-24T19:44:58.404988+00:00
inaturalist:726788104,726788104,396310948,https://www.inaturalist.org/observations/396310948,1cb47fef063cde90a1fad8321f1e8d5b317f439e9e1d447e2a36b196a3418731,cc-by,https://creativecommons.org/licenses/by/4.0/,current_site_code_mapping_not_historical_photo_page_capture,"(c) Gerard Chartier, some rights reserved (CC BY)","Bird detection annotation; resized, cropped, and augmented for model training",platform_terms_reply_pending,2026-09-24T19:44:58.404988+00:00
inaturalist:726810587,726810587,396323177,https://www.inaturalist.org/observations/396323177,95edbd6fb9bb63c59de69f26c9a370cd327863b6cc88f9db54ce266bfbb8466c,cc0,https://creativecommons.org/publicdomain/zero/1.0/,current_site_code_mapping_not_historical_photo_page_capture,no rights reserved,"Bird detection annotation; resized, cropped, and augmented for model training",platform_terms_reply_pending,2026-09-24T19:44:58.404988+00:00
inaturalist:726827713,726827713,396330793,https://www.inaturalist.org/observations/396330793,f3484799717c2fb1b59efdfb8448dd65260135af467e8a7e99c4754d2bb60195,cc-by,https://creativecommons.org/licenses/by/4.0/,current_site_code_mapping_not_historical_photo_page_capture,"(c) Nikhil R R, some rights reserved (CC BY)","Bird detection annotation; resized, cropped, and augmented for model training",platform_terms_reply_pending,2026-09-24T19:44:58.404988+00:00
inaturalist:726838055,726838055,396335733,https://www.inaturalist.org/observations/396335733,e0aec742c7363d29e0c05bd8515871ad50d52e1ba7419080b0ec9ee22a077270,cc-by,https://creativecommons.org/licenses/by/4.0/,current_site_code_mapping_not_historical_photo_page_capture,"(c) Liem Malarney, some rights reserved (CC BY)","Bird detection annotation; resized, cropped, and augmented for model training",platform_terms_reply_pending,2026-09-24T19:44:58.404988+00:00
inaturalist:726841808,726841808,396337388,https://www.inaturalist.org/observations/396337388,2b767969f6e2e25debd9e8b567f7ba7e56d06603197ae052958f801c51d1ddfd,cc-by,https://creativecommons.org/licenses/by/4.0/,current_site_code_mapping_not_historical_photo_page_capture,"(c) Liem Malarney, some rights reserved (CC BY)","Bird detection annotation; resized, cropped, and augmented for model training",platform_terms_reply_pending,2026-09-24T19:44:58.404988+00:00
inaturalist:726906557,726906557,396372054,https://www.inaturalist.org/observations/396372054,979bb1c6690c33fef03d4d73f05d25a67353498c538c399c75f9ee3f922fb5be,cc-by,https://creativecommons.org/licenses/by/4.0/,current_site_code_mapping_not_historical_photo_page_capture,"(c) apoorva sr, some rights reserved (CC BY)","Bird detection annotation; resized, cropped, and augmented for model training",platform_terms_reply_pending,2026-09-24T19:44:58.404988+00:00
inaturalist:726945627,726945627,396393271,https://www.inaturalist.org/observations/396393271,3e25442f22c507a5f26a38ae498a37bee7f8f4c517bb2bc457f987bd2243e38b,cc-by,https://creativecommons.org/licenses/by/4.0/,current_site_code_mapping_not_historical_photo_page_capture,"(c) Mourad Harzallah, some rights reserved (CC BY)","Bird detection annotation; resized, cropped, and augmented for model training",platform_terms_reply_pending,2026-09-24T19:44:58.404988+00:00
inaturalist:727286177,727286177,396583826,https://www.inaturalist.org/observations/396583826,6d21db088f8f2109ea5256b5d221c7ad7a79bf32812cc38766b652e0b95d7a2a,cc-by,https://creativecommons.org/licenses/by/4.0/,current_site_code_mapping_not_historical_photo_page_capture,"(c) 張家瑜, some rights reserved (CC BY)","Bird detection annotation; resized, cropped, and augmented for model training",platform_terms_reply_pending,2026-09-24T19:44:58.404988+00:00
inaturalist:727391105,727391105,396641659,https://www.inaturalist.org/observations/396641659,9e7f334cfa8be5f2956db9350a3dfadda3cd1e1e302de9ef544f0272776385fa,cc-by,https://creativecommons.org/licenses/by/4.0/,current_site_code_mapping_not_historical_photo_page_capture,"(c) sunnyjosef, some rights reserved (CC BY)","Bird detection annotation; resized, cropped, and augmented for model training",platform_terms_reply_pending,2026-09-24T19:44:58.404988+00:00
inaturalist:727503085,727503085,396701008,https://www.inaturalist.org/observations/396701008,02b685f3e0404e13eb98354d5c324a531f3d8c4ba7d072d14ded8dfc7ecfca75,cc-by,https://creativecommons.org/licenses/by/4.0/,current_site_code_mapping_not_historical_photo_page_capture,"(c) Justin Ponder, some rights reserved (CC BY)","Bird detection annotation; resized, cropped, and augmented for model training",platform_terms_reply_pending,2026-09-24T19:44:58.404988+00:00
inaturalist:727555937,727555937,396735985,https://www.inaturalist.org/observations/396735985,dabfd3b8e3b8280c96ad21f1f8b0ae434fc8df5b4661fb42f4646f1b64760500,cc-by,https://creativecommons.org/licenses/by/4.0/,current_site_code_mapping_not_historical_photo_page_capture,"(c) Andrejus Gaidamavičius, some rights reserved (CC BY)","Bird detection annotation; resized, cropped, and augmented for model training",platform_terms_reply_pending,2026-09-24T19:44:58.404988+00:00
inaturalist:727574873,727574873,396740758,https://www.inaturalist.org/observations/396740758,68e816349a115badb57a7bb230f2972400d810a9d0a3e66d53a47617004642e8,cc-by,https://creativecommons.org/licenses/by/4.0/,current_site_code_mapping_not_historical_photo_page_capture,"(c) Сергей Неклюдов, some rights reserved (CC BY)","Bird detection annotation; resized, cropped, and augmented for model training",platform_terms_reply_pending,2026-09-24T19:44:58.404988+00:00
inaturalist:727722009,727722009,396811206,https://www.inaturalist.org/observations/396811206,63d2bcf2a1a9bf5942cd6f70e4a1470e2aeb4801486fe57c7861343645954826,cc-by,https://creativecommons.org/licenses/by/4.0/,current_site_code_mapping_not_historical_photo_page_capture,"(c) Sandra Keller, some rights reserved (CC BY)","Bird detection annotation; resized, cropped, and augmented for model training",platform_terms_reply_pending,2026-09-24T19:44:58.404988+00:00
inaturalist:727815607,727815607,396858092,https://www.inaturalist.org/observations/396858092,6487581288e99f8f80e6d54fbf0f29094089c59615cd904dea0e9e8e5bda99bb,cc-by,https://creativecommons.org/licenses/by/4.0/,current_site_code_mapping_not_historical_photo_page_capture,"(c) Lukas Zangl, some rights reserved (CC BY)","Bird detection annotation; resized, cropped, and augmented for model training",platform_terms_reply_pending,2026-09-24T19:44:58.404988+00:00
inaturalist:727815874,727815874,396859096,https://www.inaturalist.org/observations/396859096,a8a4f6449b5bc38cd7424fef9156088f7055709e23f53e0dfc4a082cdff91ffc,cc0,https://creativecommons.org/publicdomain/zero/1.0/,current_site_code_mapping_not_historical_photo_page_capture,no rights reserved,"Bird detection annotation; resized, cropped, and augmented for model training",platform_terms_reply_pending,2026-09-24T19:44:58.404988+00:00
inaturalist:727837544,727837544,396869109,https://www.inaturalist.org/observations/396869109,89d37951376230f691aa9ec673fcd815b64f333990252ddf958e479341cfb4e8,cc-by,https://creativecommons.org/licenses/by/4.0/,current_site_code_mapping_not_historical_photo_page_capture,"(c) ikelman, some rights reserved (CC BY)","Bird detection annotation; resized, cropped, and augmented for model training",platform_terms_reply_pending,2026-09-24T19:44:58.404988+00:00
inaturalist:727870188,727870188,396887405,https://www.inaturalist.org/observations/396887405,d5967d7d701e6f5ed7b5b5e1f2776657f6a31859c2940ff7f770eeb5f85b8a2a,cc-by,https://creativecommons.org/licenses/by/4.0/,current_site_code_mapping_not_historical_photo_page_capture,"(c) Mourad Harzallah, some rights reserved (CC BY)","Bird detection annotation; resized, cropped, and augmented for model training",platform_terms_reply_pending,2026-09-24T19:44:58.404988+00:00
inaturalist:727870500,727870500,396887450,https://www.inaturalist.org/observations/396887450,3cd78d3a701da4723a87dbde747f21d13cd24919c5db93a08549f20a692bea94,cc-by,https://creativecommons.org/licenses/by/4.0/,current_site_code_mapping_not_historical_photo_page_capture,"(c) Mourad Harzallah, some rights reserved (CC BY)","Bird detection annotation; resized, cropped, and augmented for model training",platform_terms_reply_pending,2026-09-24T19:44:58.404988+00:00
inaturalist:727908829,727908829,396908482,https://www.inaturalist.org/observations/396908482,46bca507c57c04225a5901e42a061510455021eb3b833e4481351bdf81d3232e,cc-by,https://creativecommons.org/licenses/by/4.0/,current_site_code_mapping_not_historical_photo_page_capture,"(c) Donald Davesne, some rights reserved (CC BY)","Bird detection annotation; resized, cropped, and augmented for model training",platform_terms_reply_pending,2026-09-24T19:44:58.404988+00:00
inaturalist:728256675,728256675,397084362,https://www.inaturalist.org/observations/397084362,abc793c3df02074bc719b8def7006b9d0857c73e8d3eeb451e2fb7f508851922,cc-by,https://creativecommons.org/licenses/by/4.0/,current_site_code_mapping_not_historical_photo_page_capture,"(c) River Ahlquist, some rights reserved (CC BY)","Bird detection annotation; resized, cropped, and augmented for model training",platform_terms_reply_pending,2026-09-24T19:44:58.404988+00:00
inaturalist:728309298,728309298,397109829,https://www.inaturalist.org/observations/397109829,ecf17bf941a5dfaab104c4e55d7a42c4b18b6a15dcd6b829dc411c55853ea48a,cc-by,https://creativecommons.org/licenses/by/4.0/,current_site_code_mapping_not_historical_photo_page_capture,"(c) carnifex, some rights reserved (CC BY)","Bird detection annotation; resized, cropped, and augmented for model training",platform_terms_reply_pending,2026-09-24T19:44:58.404988+00:00
inaturalist:728320599,728320599,397115282,https://www.inaturalist.org/observations/397115282,abd5220c19d1595c1077c53d39ac4cc011b0edc8ced5299ae73403e077a28d53,cc-by,https://creativecommons.org/licenses/by/4.0/,current_site_code_mapping_not_historical_photo_page_capture,"(c) Pam Hardy, some rights reserved (CC BY)","Bird detection annotation; resized, cropped, and augmented for model training",platform_terms_reply_pending,2026-09-24T19:44:58.404988+00:00
inaturalist:728342978,728342978,397126785,https://www.inaturalist.org/observations/397126785,268e87019a1e416da22e300e4bef74fd744af0c540fbcb702ff14f60520918e1,cc-by,https://creativecommons.org/licenses/by/4.0/,current_site_code_mapping_not_historical_photo_page_capture,"(c) relew, some rights reserved (CC BY)","Bird detection annotation; resized, cropped, and augmented for model training",platform_terms_reply_pending,2026-09-24T19:44:58.404988+00:00
inaturalist:728350213,728350213,397130548,https://www.inaturalist.org/observations/397130548,6e2839586c91f16d53f36835fdb6e9279ba3627c500be2dfda7ed51d60f729b1,cc-by,https://creativecommons.org/licenses/by/4.0/,current_site_code_mapping_not_historical_photo_page_capture,"(c) Vasco Henrique Oliveira Fonseca, some rights reserved (CC BY)","Bird detection annotation; resized, cropped, and augmented for model training",platform_terms_reply_pending,2026-09-24T19:44:58.404988+00:00
inaturalist:728361371,728361371,397136123,https://www.inaturalist.org/observations/397136123,8e18826ff794ca584ee6e05ef5c321361eb0ed2e6d60471f2278112a340f3241,cc-by,https://creativecommons.org/licenses/by/4.0/,current_site_code_mapping_not_historical_photo_page_capture,"(c) Mourad Harzallah, some rights reserved (CC BY)","Bird detection annotation; resized, cropped, and augmented for model training",platform_terms_reply_pending,2026-09-24T19:44:58.404988+00:00
inaturalist:728361521,728361521,397136124,https://www.inaturalist.org/observations/397136124,2f4631fe351a5020d694f2166432888b46e362266d202f9742760ea2638c22fd,cc-by,https://creativecommons.org/licenses/by/4.0/,current_site_code_mapping_not_historical_photo_page_capture,"(c) Mourad Harzallah, some rights reserved (CC BY)","Bird detection annotation; resized, cropped, and augmented for model training",platform_terms_reply_pending,2026-09-24T19:44:58.404988+00:00
inaturalist:728363846,728363846,397137650,https://www.inaturalist.org/observations/397137650,dd09be25307e14f38c1a08e0b9d39b25b1a1100a1ada6e253a8cc6ca0f3ca93a,cc-by,https://creativecommons.org/licenses/by/4.0/,current_site_code_mapping_not_historical_photo_page_capture,"(c) Mourad Harzallah, some rights reserved (CC BY)","Bird detection annotation; resized, cropped, and augmented for model training",platform_terms_reply_pending,2026-09-24T19:44:58.404988+00:00
inaturalist:728363854,728363854,397137653,https://www.inaturalist.org/observations/397137653,c7c45d46fb43c1ff58eb5e869d86468977e363da69661265f903162d5c5ff059,cc-by,https://creativecommons.org/licenses/by/4.0/,current_site_code_mapping_not_historical_photo_page_capture,"(c) Mourad Harzallah, some rights reserved (CC BY)","Bird detection annotation; resized, cropped, and augmented for model training",platform_terms_reply_pending,2026-09-24T19:44:58.404988+00:00
inaturalist:728382493,728382493,397147058,https://www.inaturalist.org/observations/397147058,29aff3a5477e32bb7e8bc55282f53191d495f595f2e63a17de7c241650373951,cc-by,https://creativecommons.org/licenses/by/4.0/,current_site_code_mapping_not_historical_photo_page_capture,"(c) Константин Селивёрстов, some rights reserved (CC BY)","Bird detection annotation; resized, cropped, and augmented for model training",platform_terms_reply_pending,2026-09-24T19:44:58.404988+00:00
inaturalist:728437925,728437925,397178041,https://www.inaturalist.org/observations/397178041,fac1e9dfbb16ddf250e6d24f06296e630a153dc8355e31d45bd795c1c99315dc,cc-by,https://creativecommons.org/licenses/by/4.0/,current_site_code_mapping_not_historical_photo_page_capture,"(c) Demian Hiß, some rights reserved (CC BY)","Bird detection annotation; resized, cropped, and augmented for model training",platform_terms_reply_pending,2026-09-24T19:44:58.404988+00:00
inaturalist:728439486,728439486,397178057,https://www.inaturalist.org/observations/397178057,9bcb9a3dd9634ae3f852a6f3344795c7e40b142fa9c625cb6a869568a9c0d3e0,cc-by,https://creativecommons.org/licenses/by/4.0/,current_site_code_mapping_not_historical_photo_page_capture,"(c) Demian Hiß, some rights reserved (CC BY)","Bird detection annotation; resized, cropped, and augmented for model training",platform_terms_reply_pending,2026-09-24T19:44:58.404988+00:00
inaturalist:728589435,728589435,397255744,https://www.inaturalist.org/observations/397255744,a209554f7127d7132034679368118dfa03bd8e3661ed68efcce352ff8c3f5f55,cc-by,https://creativecommons.org/licenses/by/4.0/,current_site_code_mapping_not_historical_photo_page_capture,"(c) Георгий Виноградов (Georgy Vinogradov), some rights reserved (CC BY)","Bird detection annotation; resized, cropped, and augmented for model training",platform_terms_reply_pending,2026-09-24T19:44:58.404988+00:00
inaturalist:728707739,728707739,397313974,https://www.inaturalist.org/observations/397313974,0daa6251182047b2513f1c2c2f8fae75d73cfb966c00c53cc63a0a93c94c4883,cc-by,https://creativecommons.org/licenses/by/4.0/,current_site_code_mapping_not_historical_photo_page_capture,"(c) Paulmathi Vinod, some rights reserved (CC BY)","Bird detection annotation; resized, cropped, and augmented for model training",platform_terms_reply_pending,2026-09-24T19:44:58.404988+00:00
inaturalist:728724022,728724022,397322472,https://www.inaturalist.org/observations/397322472,27d63c217ca4d6e2dfc240feecb1128f827008ec6b1d9c6b77adc97a47cfd6af,cc-by,https://creativecommons.org/licenses/by/4.0/,current_site_code_mapping_not_historical_photo_page_capture,"(c) Rohit Naniwadekar, some rights reserved (CC BY)","Bird detection annotation; resized, cropped, and augmented for model training",platform_terms_reply_pending,2026-09-24T19:44:58.404988+00:00
inaturalist:728910404,728910404,397419849,https://www.inaturalist.org/observations/397419849,86e37809f31afe656c9ca967da58054cc7835008d99ecf0f2d8d447e3b3667be,cc-by,https://creativecommons.org/licenses/by/4.0/,current_site_code_mapping_not_historical_photo_page_capture,"(c) Aparna, some rights reserved (CC BY)","Bird detection annotation; resized, cropped, and augmented for model training",platform_terms_reply_pending,2026-09-24T19:44:58.404988+00:00
inaturalist:728917029,728917029,397429745,https://www.inaturalist.org/observations/397429745,5cb8c80ccd010672571e95a4dba58ef501434a9220d94ea7dfc3853f99763485,cc-by,https://creativecommons.org/licenses/by/4.0/,current_site_code_mapping_not_historical_photo_page_capture,"(c) Aparna, some rights reserved (CC BY)","Bird detection annotation; resized, cropped, and augmented for model training",platform_terms_reply_pending,2026-09-24T19:44:58.404988+00:00
inaturalist:728917322,728917322,397429752,https://www.inaturalist.org/observations/397429752,8eaa0fcb72386f90e3deeb613d4cb08d546f35ceea1e1268d66c67fc7b374855,cc-by,https://creativecommons.org/licenses/by/4.0/,current_site_code_mapping_not_historical_photo_page_capture,"(c) Aparna, some rights reserved (CC BY)","Bird detection annotation; resized, cropped, and augmented for model training",platform_terms_reply_pending,2026-09-24T19:44:58.404988+00:00
inaturalist:728985183,728985183,397461290,https://www.inaturalist.org/observations/397461290,763af3b8a1752c82fca0c842bfa7632f28846da2fd831c78d9639be275cd872d,cc0,https://creativecommons.org/publicdomain/zero/1.0/,current_site_code_mapping_not_historical_photo_page_capture,no rights reserved,"Bird detection annotation; resized, cropped, and augmented for model training",platform_terms_reply_pending,2026-09-24T19:44:58.404988+00:00
inaturalist:729322583,729322583,397629784,https://www.inaturalist.org/observations/397629784,36bf3a347558932ca56f931093777bb6d6cb9656ff69b7d45832b3b993cc0672,cc-by,https://creativecommons.org/licenses/by/4.0/,current_site_code_mapping_not_historical_photo_page_capture,"(c) Oleg Kosterin, some rights reserved (CC BY)","Bird detection annotation; resized, cropped, and augmented for model training",platform_terms_reply_pending,2026-09-24T19:44:58.404988+00:00
inaturalist:729449995,729449995,397692788,https://www.inaturalist.org/observations/397692788,d9a7c4b6127390626b5c1cf356212f00febb4e7e9652c72f55c6c7b4897e0664,cc-by,https://creativecommons.org/licenses/by/4.0/,current_site_code_mapping_not_historical_photo_page_capture,"(c) Stella Fish, some rights reserved (CC BY)","Bird detection annotation; resized, cropped, and augmented for model training",platform_terms_reply_pending,2026-09-24T19:44:58.404988+00:00
inaturalist:729452239,729452239,397693087,https://www.inaturalist.org/observations/397693087,ec3f9ca07707ed1fa4cc7dbcded85bc6187d2d45df7c7a731f7204e1ffe95d40,cc-by,https://creativecommons.org/licenses/by/4.0/,current_site_code_mapping_not_historical_photo_page_capture,"(c) euqirneto, some rights reserved (CC BY)","Bird detection annotation; resized, cropped, and augmented for model training",platform_terms_reply_pending,2026-09-24T19:44:58.404988+00:00
inaturalist:729459026,729459026,397696840,https://www.inaturalist.org/observations/397696840,a0be5077629b2c2c09030e8097a259968b7838ab2767ed2c24a4354b9d2748df,cc-by,https://creativecommons.org/licenses/by/4.0/,current_site_code_mapping_not_historical_photo_page_capture,"(c) Георгий Виноградов (Georgy Vinogradov), some rights reserved (CC BY)","Bird detection annotation; resized, cropped, and augmented for model training",platform_terms_reply_pending,2026-09-24T19:44:58.404988+00:00
inaturalist:729487101,729487101,397710031,https://www.inaturalist.org/observations/397710031,2dff02d5137f8387f2f2e404a0d5b6258e62b25fae68cdf253c784bc8cc6c864,cc-by,https://creativecommons.org/licenses/by/4.0/,current_site_code_mapping_not_historical_photo_page_capture,"(c) Jordi Casanovas, some rights reserved (CC BY)","Bird detection annotation; resized, cropped, and augmented for model training",platform_terms_reply_pending,2026-09-24T19:44:58.404988+00:00
inaturalist:729518038,729518038,397737197,https://www.inaturalist.org/observations/397737197,8e44a05ecc7f220d2dd0908fc7aada3c76ee5c0a02243f0f85f886dc967b6078,cc0,https://creativecommons.org/publicdomain/zero/1.0/,current_site_code_mapping_not_historical_photo_page_capture,no rights reserved,"Bird detection annotation; resized, cropped, and augmented for model training",platform_terms_reply_pending,2026-09-24T19:44:58.404988+00:00
inaturalist:729587483,729587483,397767654,https://www.inaturalist.org/observations/397767654,1469f56a7ec20c7cc5f244a0f1e3bd94bbbbb4ac0b80400d2946ee84f4d7062f,cc0,https://creativecommons.org/publicdomain/zero/1.0/,current_site_code_mapping_not_historical_photo_page_capture,no rights reserved,"Bird detection annotation; resized, cropped, and augmented for model training",platform_terms_reply_pending,2026-09-24T19:44:58.404988+00:00
inaturalist:729778424,729778424,397873264,https://www.inaturalist.org/observations/397873264,491cb021bf87e6b7e53677a0199402ea15d6b397e0b99c1f430dcba21348b451,cc-by,https://creativecommons.org/licenses/by/4.0/,current_site_code_mapping_not_historical_photo_page_capture,"(c) Nik, some rights reserved (CC BY)","Bird detection annotation; resized, cropped, and augmented for model training",platform_terms_reply_pending,2026-09-24T19:44:58.404988+00:00
inaturalist:729790533,729790533,397873742,https://www.inaturalist.org/observations/397873742,1d35e66418cdda1abb45eb651e4b7616406e546a0e65942a085dcca5dec31764,cc-by,https://creativecommons.org/licenses/by/4.0/,current_site_code_mapping_not_historical_photo_page_capture,"(c) Олег Ковалик, some rights reserved (CC BY)","Bird detection annotation; resized, cropped, and augmented for model training",platform_terms_reply_pending,2026-09-24T19:44:58.404988+00:00
inaturalist:729836190,729836190,397895496,https://www.inaturalist.org/observations/397895496,652dea6f49f63fde35fd3167ab504d0263c5d1044560b1d45d7f049221118b4f,cc-by,https://creativecommons.org/licenses/by/4.0/,current_site_code_mapping_not_historical_photo_page_capture,"(c) Jessica Utrup, some rights reserved (CC BY)","Bird detection annotation; resized, cropped, and augmented for model training",platform_terms_reply_pending,2026-09-24T19:44:58.404988+00:00
inaturalist:730129039,730129039,398039377,https://www.inaturalist.org/observations/398039377,8d6e418aaccf504059bc600714827c20feb90bfb98753b7419f1b5fa665e22ea,cc-by,https://creativecommons.org/licenses/by/4.0/,current_site_code_mapping_not_historical_photo_page_capture,"(c) MIMI, some rights reserved (CC BY)","Bird detection annotation; resized, cropped, and augmented for model training",platform_terms_reply_pending,2026-09-24T19:44:58.404988+00:00
inaturalist:730134794,730134794,398043978,https://www.inaturalist.org/observations/398043978,b860d0e5b0ea67748fb15d051ea4ccdadcfae30466e46a5d169ed1926c8abdf7,cc-by,https://creativecommons.org/licenses/by/4.0/,current_site_code_mapping_not_historical_photo_page_capture,"(c) Константин Селивёрстов, some rights reserved (CC BY)","Bird detection annotation; resized, cropped, and augmented for model training",platform_terms_reply_pending,2026-09-24T19:44:58.404988+00:00
inaturalist:730144668,730144668,398047700,https://www.inaturalist.org/observations/398047700,095859e2ca1d97d2b0ac2afab98949a2ac0b80b8f1d3410a70084a74e46e627a,cc-by,https://creativecommons.org/licenses/by/4.0/,current_site_code_mapping_not_historical_photo_page_capture,"(c) Helium Luo, some rights reserved (CC BY)","Bird detection annotation; resized, cropped, and augmented for model training",platform_terms_reply_pending,2026-09-24T19:44:58.404988+00:00
inaturalist:730162582,730162582,398057947,https://www.inaturalist.org/observations/398057947,ab8e38e566e3b3129919e85ee2670ca227acd57021d95e64e4e49b98edc2ee32,cc-by,https://creativecommons.org/licenses/by/4.0/,current_site_code_mapping_not_historical_photo_page_capture,"(c) Frank Sengpiel, some rights reserved (CC BY)","Bird detection annotation; resized, cropped, and augmented for model training",platform_terms_reply_pending,2026-09-24T19:44:58.404988+00:00
inaturalist:730170575,730170575,398063329,https://www.inaturalist.org/observations/398063329,022a77ff54367b86f51680c2889806fa94b86bb7084db2dfca806a330d1f2525,cc-by,https://creativecommons.org/licenses/by/4.0/,current_site_code_mapping_not_historical_photo_page_capture,"(c) Patrick Connolly, some rights reserved (CC BY)","Bird detection annotation; resized, cropped, and augmented for model training",platform_terms_reply_pending,2026-09-24T19:44:58.404988+00:00
inaturalist:730197556,730197556,398075565,https://www.inaturalist.org/observations/398075565,b94d21d0935ac89a24aab187d5e89113e0e2c7039a085e3faad452008f8a900c,cc-by,https://creativecommons.org/licenses/by/4.0/,current_site_code_mapping_not_historical_photo_page_capture,"(c) Galina, some rights reserved (CC BY)","Bird detection annotation; resized, cropped, and augmented for model training",platform_terms_reply_pending,2026-09-24T19:44:58.404988+00:00
inaturalist:730225923,730225923,398091840,https://www.inaturalist.org/observations/398091840,824f79d7684891446fbc392104f29ca974c71a5fa8c35e816f6eb8bb6baabe1d,cc-by,https://creativecommons.org/licenses/by/4.0/,current_site_code_mapping_not_historical_photo_page_capture,"(c) Mourad Harzallah, some rights reserved (CC BY)","Bird detection annotation; resized, cropped, and augmented for model training",platform_terms_reply_pending,2026-09-24T19:44:58.404988+00:00
inaturalist:730225984,730225984,398091852,https://www.inaturalist.org/observations/398091852,cb4f919015a5a9b7b71c289efb6f73530488af23709b2b0e7855d499b6fb9507,cc-by,https://creativecommons.org/licenses/by/4.0/,current_site_code_mapping_not_historical_photo_page_capture,"(c) Mourad Harzallah, some rights reserved (CC BY)","Bird detection annotation; resized, cropped, and augmented for model training",platform_terms_reply_pending,2026-09-24T19:44:58.404988+00:00
inaturalist:730225991,730225991,398091850,https://www.inaturalist.org/observations/398091850,d72cf888b202bf8da8eb614db5810e6f5f000048bd27de28da4d0bdb1b93cf19,cc-by,https://creativecommons.org/licenses/by/4.0/,current_site_code_mapping_not_historical_photo_page_capture,"(c) Mourad Harzallah, some rights reserved (CC BY)","Bird detection annotation; resized, cropped, and augmented for model training",platform_terms_reply_pending,2026-09-24T19:44:58.404988+00:00
inaturalist:730231084,730231084,398094305,https://www.inaturalist.org/observations/398094305,531a75815d4e61aab282e6f3f1807b9bed4a03fbee76d523b040fdfe5d67d5d7,cc-by,https://creativecommons.org/licenses/by/4.0/,current_site_code_mapping_not_historical_photo_page_capture,"(c) Mourad Harzallah, some rights reserved (CC BY)","Bird detection annotation; resized, cropped, and augmented for model training",platform_terms_reply_pending,2026-09-24T19:44:58.404988+00:00
inaturalist:730231109,730231109,398094306,https://www.inaturalist.org/observations/398094306,c0717a203ef4f9e65c0366cde328ba2a320ff15198f7afd4b990f789cd61c1b8,cc-by,https://creativecommons.org/licenses/by/4.0/,current_site_code_mapping_not_historical_photo_page_capture,"(c) Mourad Harzallah, some rights reserved (CC BY)","Bird detection annotation; resized, cropped, and augmented for model training",platform_terms_reply_pending,2026-09-24T19:44:58.404988+00:00
inaturalist:730231129,730231129,398094313,https://www.inaturalist.org/observations/398094313,91d50f6de3273dc186047dc3fc832bb18a948db45c6afabc4f7812822f8fa2b4,cc-by,https://creativecommons.org/licenses/by/4.0/,current_site_code_mapping_not_historical_photo_page_capture,"(c) Mourad Harzallah, some rights reserved (CC BY)","Bird detection annotation; resized, cropped, and augmented for model training",platform_terms_reply_pending,2026-09-24T19:44:58.404988+00:00
inaturalist:730231179,730231179,398094323,https://www.inaturalist.org/observations/398094323,7e128fdf91ffc5a7b87e94b30821e0a45be23dbdbfca7b0ef4f3e30d5e22e27b,cc-by,https://creativecommons.org/licenses/by/4.0/,current_site_code_mapping_not_historical_photo_page_capture,"(c) Mourad Harzallah, some rights reserved (CC BY)","Bird detection annotation; resized, cropped, and augmented for model training",platform_terms_reply_pending,2026-09-24T19:44:58.404988+00:00
inaturalist:730231929,730231929,398094468,https://www.inaturalist.org/observations/398094468,b2c4fa8b0ced0b31659661a69466afa730386f0343786425b52541c7b47427fd,cc-by,https://creativecommons.org/licenses/by/4.0/,current_site_code_mapping_not_historical_photo_page_capture,"(c) Mourad Harzallah, some rights reserved (CC BY)","Bird detection annotation; resized, cropped, and augmented for model training",platform_terms_reply_pending,2026-09-24T19:44:58.404988+00:00
inaturalist:730235104,730235104,398099310,https://www.inaturalist.org/observations/398099310,274c3272c98fb56dbc1f5be9a826a0833324b5a0fd6c8762478cc3b3eb0fe069,cc-by,https://creativecommons.org/licenses/by/4.0/,current_site_code_mapping_not_historical_photo_page_capture,"(c) Mourad Harzallah, some rights reserved (CC BY)","Bird detection annotation; resized, cropped, and augmented for model training",platform_terms_reply_pending,2026-09-24T19:44:58.404988+00:00
inaturalist:730235290,730235290,398099316,https://www.inaturalist.org/observations/398099316,e99653aa599ee887d1292ac12abfb243b960754b3be18caaea0a4b4b470d68be,cc-by,https://creativecommons.org/licenses/by/4.0/,current_site_code_mapping_not_historical_photo_page_capture,"(c) Mourad Harzallah, some rights reserved (CC BY)","Bird detection annotation; resized, cropped, and augmented for model training",platform_terms_reply_pending,2026-09-24T19:44:58.404988+00:00
inaturalist:730236832,730236832,398099620,https://www.inaturalist.org/observations/398099620,4047d89c969f8f9a8cccdf4d3ba67104b74d4a27469ff410f9ab5f3261a9c965,cc-by,https://creativecommons.org/licenses/by/4.0/,current_site_code_mapping_not_historical_photo_page_capture,"(c) Mourad Harzallah, some rights reserved (CC BY)","Bird detection annotation; resized, cropped, and augmented for model training",platform_terms_reply_pending,2026-09-24T19:44:58.404988+00:00
inaturalist:730236914,730236914,398099635,https://www.inaturalist.org/observations/398099635,44dbda53895ba5cbe9029b84c79a7ccc35e74ce5d5e3b8e7b3a04e41ab9b88ce,cc-by,https://creativecommons.org/licenses/by/4.0/,current_site_code_mapping_not_historical_photo_page_capture,"(c) Mourad Harzallah, some rights reserved (CC BY)","Bird detection annotation; resized, cropped, and augmented for model training",platform_terms_reply_pending,2026-09-24T19:44:58.404988+00:00
inaturalist:730236945,730236945,398099627,https://www.inaturalist.org/observations/398099627,f324608ca28b3b05fc0c1dd889314dbf17bbdaac2a24d5e78a6d4a16a01097ed,cc-by,https://creativecommons.org/licenses/by/4.0/,current_site_code_mapping_not_historical_photo_page_capture,"(c) Mourad Harzallah, some rights reserved (CC BY)","Bird detection annotation; resized, cropped, and augmented for model training",platform_terms_reply_pending,2026-09-24T19:44:58.404988+00:00
inaturalist:730237074,730237074,398099637,https://www.inaturalist.org/observations/398099637,b174347a02d4f4caa2141eb37a6dc6b3888b467d840135f825ec883104ca2756,cc-by,https://creativecommons.org/licenses/by/4.0/,current_site_code_mapping_not_historical_photo_page_capture,"(c) Mourad Harzallah, some rights reserved (CC BY)","Bird detection annotation; resized, cropped, and augmented for model training",platform_terms_reply_pending,2026-09-24T19:44:58.404988+00:00
inaturalist:730237086,730237086,398099645,https://www.inaturalist.org/observations/398099645,9ebbe4a4e202ce83a56e6e42cc17ed29df54531586e9e43bcc27e7751a0c2285,cc-by,https://creativecommons.org/licenses/by/4.0/,current_site_code_mapping_not_historical_photo_page_capture,"(c) Mourad Harzallah, some rights reserved (CC BY)","Bird detection annotation; resized, cropped, and augmented for model training",platform_terms_reply_pending,2026-09-24T19:44:58.404988+00:00
inaturalist:730238278,730238278,398099790,https://www.inaturalist.org/observations/398099790,2c19abf4b5dd6bc9e4bab52acd5546165708299eba1a8336ce64d3c42369dd9b,cc-by,https://creativecommons.org/licenses/by/4.0/,current_site_code_mapping_not_historical_photo_page_capture,"(c) Mourad Harzallah, some rights reserved (CC BY)","Bird detection annotation; resized, cropped, and augmented for model training",platform_terms_reply_pending,2026-09-24T19:44:58.404988+00:00
inaturalist:730280518,730280518,398121920,https://www.inaturalist.org/observations/398121920,de42fec0c22eb98b9fc5578f6c54e1e77597c06a861e33c4d56974959fdc808f,cc-by,https://creativecommons.org/licenses/by/4.0/,current_site_code_mapping_not_historical_photo_page_capture,"(c) Sara Navarro, some rights reserved (CC BY)","Bird detection annotation; resized, cropped, and augmented for model training",platform_terms_reply_pending,2026-09-24T19:44:58.404988+00:00
inaturalist:730443954,730443954,398204641,https://www.inaturalist.org/observations/398204641,921a71b16deb7c19ec5fcb18277c4612da7ffc032ede65bfb060a1f8d195fd1a,cc0,https://creativecommons.org/publicdomain/zero/1.0/,current_site_code_mapping_not_historical_photo_page_capture,no rights reserved,"Bird detection annotation; resized, cropped, and augmented for model training",platform_terms_reply_pending,2026-09-24T19:44:58.404988+00:00
inaturalist:730451030,730451030,398214857,https://www.inaturalist.org/observations/398214857,4389eb55bf9566204abaa1729187ada6644cade3b6acc8bcbc1b32d757e4ffcd,cc-by,https://creativecommons.org/licenses/by/4.0/,current_site_code_mapping_not_historical_photo_page_capture,"(c) Susan Marley, some rights reserved (CC BY)","Bird detection annotation; resized, cropped, and augmented for model training",platform_terms_reply_pending,2026-09-24T19:44:58.404988+00:00
inaturalist:730590341,730590341,398279050,https://www.inaturalist.org/observations/398279050,a4364c28c99509116fd3abbf4305dae75054bd919a88171e315852821c2e64ad,cc-by,https://creativecommons.org/licenses/by/4.0/,current_site_code_mapping_not_historical_photo_page_capture,"(c) Thomaz de Carvalho Callado, some rights reserved (CC BY)","Bird detection annotation; resized, cropped, and augmented for model training",platform_terms_reply_pending,2026-09-24T19:44:58.404988+00:00
inaturalist:730750444,730750444,398355582,https://www.inaturalist.org/observations/398355582,1f1aeddf0111641e03065bce1853618c19d210364cfda1cfc1cbc91f1ae1161b,cc-by,https://creativecommons.org/licenses/by/4.0/,current_site_code_mapping_not_historical_photo_page_capture,"(c) Nico Hernandez, some rights reserved (CC BY)","Bird detection annotation; resized, cropped, and augmented for model training",platform_terms_reply_pending,2026-09-24T19:44:58.404988+00:00
inaturalist:730760897,730760897,398361954,https://www.inaturalist.org/observations/398361954,944bb18712c217265805474469d9b193cf0edd23d6da4888b348769c92b216d1,cc-by,https://creativecommons.org/licenses/by/4.0/,current_site_code_mapping_not_historical_photo_page_capture,"(c) Manuel Schwarz, some rights reserved (CC BY)","Bird detection annotation; resized, cropped, and augmented for model training",platform_terms_reply_pending,2026-09-24T19:44:58.404988+00:00
inaturalist:730779445,730779445,398369948,https://www.inaturalist.org/observations/398369948,27f3a90c0070894223b76a9acc452e251a74a3b05bf8cbaa97d47b90d3af8a85,cc-by,https://creativecommons.org/licenses/by/4.0/,current_site_code_mapping_not_historical_photo_page_capture,"(c) Полина Полежанкина, some rights reserved (CC BY)","Bird detection annotation; resized, cropped, and augmented for model training",platform_terms_reply_pending,2026-09-24T19:44:58.404988+00:00
inaturalist:730779661,730779661,398370186,https://www.inaturalist.org/observations/398370186,e3764bf0c43b6a0e44fa68155bdc9bda3cd018bb918b24acf454c8fcce7ae20a,cc-by,https://creativecommons.org/licenses/by/4.0/,current_site_code_mapping_not_historical_photo_page_capture,"(c) Полина Полежанкина, some rights reserved (CC BY)","Bird detection annotation; resized, cropped, and augmented for model training",platform_terms_reply_pending,2026-09-24T19:44:58.404988+00:00
inaturalist:730780334,730780334,398370709,https://www.inaturalist.org/observations/398370709,5ef6f6cf9bdc8177c0258f2d1256068189c6917fdb8684e7278b97e834e0aca4,cc-by,https://creativecommons.org/licenses/by/4.0/,current_site_code_mapping_not_historical_photo_page_capture,"(c) Полина Полежанкина, some rights reserved (CC BY)","Bird detection annotation; resized, cropped, and augmented for model training",platform_terms_reply_pending,2026-09-24T19:44:58.404988+00:00
inaturalist:730818238,730818238,398393421,https://www.inaturalist.org/observations/398393421,0d8e9013bd5dbeb2a98cc9eebcde20c43d357b5b5f897cf8dead24f4e851c614,cc-by,https://creativecommons.org/licenses/by/4.0/,current_site_code_mapping_not_historical_photo_page_capture,"(c) R Clarke, some rights reserved (CC BY)","Bird detection annotation; resized, cropped, and augmented for model training",platform_terms_reply_pending,2026-09-24T19:44:58.404988+00:00
inaturalist:730823765,730823765,398398520,https://www.inaturalist.org/observations/398398520,f45d92ea56c496870d4b747c39c26bc36a6976d7029e1cd390010176add2c9cf,cc-by,https://creativecommons.org/licenses/by/4.0/,current_site_code_mapping_not_historical_photo_page_capture,"(c) Mattis, some rights reserved (CC BY)","Bird detection annotation; resized, cropped, and augmented for model training",platform_terms_reply_pending,2026-09-24T19:44:58.404988+00:00
inaturalist:730829394,730829394,398398619,https://www.inaturalist.org/observations/398398619,8fb00b4ff1fa3f1b88f2e2addf52dba13135e04ed7df3e3eef28bd658e5c08ed,cc-by,https://creativecommons.org/licenses/by/4.0/,current_site_code_mapping_not_historical_photo_page_capture,"(c) Mattis, some rights reserved (CC BY)","Bird detection annotation; resized, cropped, and augmented for model training",platform_terms_reply_pending,2026-09-24T19:44:58.404988+00:00
inaturalist:730835716,730835716,398400040,https://www.inaturalist.org/observations/398400040,41e7a3cfb68bfa81418d0c25ed73c8dbcf65d45c56c67e5436c78c659f9dad74,cc-by,https://creativecommons.org/licenses/by/4.0/,current_site_code_mapping_not_historical_photo_page_capture,"(c) Jess Hughes, some rights reserved (CC BY)","Bird detection annotation; resized, cropped, and augmented for model training",platform_terms_reply_pending,2026-09-24T19:44:58.404988+00:00
inaturalist:730839344,730839344,398404369,https://www.inaturalist.org/observations/398404369,f8787f539cdd3669a51116357653d35a0d9bdb364b1f47ab9519a3d19a870841,cc-by,https://creativecommons.org/licenses/by/4.0/,current_site_code_mapping_not_historical_photo_page_capture,"(c) andygpos, some rights reserved (CC BY)","Bird detection annotation; resized, cropped, and augmented for model training",platform_terms_reply_pending,2026-09-24T19:44:58.404988+00:00
inaturalist:730839494,730839494,398404430,https://www.inaturalist.org/observations/398404430,f8800c0debc28981ce6552d440a58913693302b9d3a776f98c1142948f28da8e,cc-by,https://creativecommons.org/licenses/by/4.0/,current_site_code_mapping_not_historical_photo_page_capture,"(c) andygpos, some rights reserved (CC BY)","Bird detection annotation; resized, cropped, and augmented for model training",platform_terms_reply_pending,2026-09-24T19:44:58.404988+00:00
inaturalist:730881208,730881208,398424388,https://www.inaturalist.org/observations/398424388,79432962beb12307b76f8b5286c66ec8a6a3356722146c8fb0732f098d57d427,cc0,https://creativecommons.org/publicdomain/zero/1.0/,current_site_code_mapping_not_historical_photo_page_capture,no rights reserved,"Bird detection annotation; resized, cropped, and augmented for model training",platform_terms_reply_pending,2026-09-24T19:44:58.404988+00:00
inaturalist:730966715,730966715,398480953,https://www.inaturalist.org/observations/398480953,b0454c1a50b2006672276b9c64b83ce7647a95f321d7e75dabd5460ac639272b,cc-by,https://creativecommons.org/licenses/by/4.0/,current_site_code_mapping_not_historical_photo_page_capture,"(c) James Cunningham, some rights reserved (CC BY)","Bird detection annotation; resized, cropped, and augmented for model training",platform_terms_reply_pending,2026-09-24T19:44:58.404988+00:00
inaturalist:730968061,730968061,398481056,https://www.inaturalist.org/observations/398481056,0797543fb198e84caba34e2c77371db4b5e7212bfa8bac007e1705c976dadb44,cc-by,https://creativecommons.org/licenses/by/4.0/,current_site_code_mapping_not_historical_photo_page_capture,"(c) James Cunningham, some rights reserved (CC BY)","Bird detection annotation; resized, cropped, and augmented for model training",platform_terms_reply_pending,2026-09-24T19:44:58.404988+00:00
inaturalist:730987131,730987131,398481744,https://www.inaturalist.org/observations/398481744,623c0f987164701800dec71b2a5b41971027c3982c93bf9e11c1aef782af7a33,cc-by,https://creativecommons.org/licenses/by/4.0/,current_site_code_mapping_not_historical_photo_page_capture,"(c) Paolo Zucca, some rights reserved (CC BY)","Bird detection annotation; resized, cropped, and augmented for model training",platform_terms_reply_pending,2026-09-24T19:44:58.404988+00:00
inaturalist:730989827,730989827,398478891,https://www.inaturalist.org/observations/398478891,6ffee431900382aed818373ef38bf16bbe8cad31e565115e2268ac7912d19279,cc-by,https://creativecommons.org/licenses/by/4.0/,current_site_code_mapping_not_historical_photo_page_capture,"(c) Igor Balashov, some rights reserved (CC BY)","Bird detection annotation; resized, cropped, and augmented for model training",platform_terms_reply_pending,2026-09-24T19:44:58.404988+00:00
inaturalist:730992974,730992974,398486966,https://www.inaturalist.org/observations/398486966,7cb2c34b473e4c9ac877f6786be5c9bfc3a69436513419028b28ad44b586464e,cc-by,https://creativecommons.org/licenses/by/4.0/,current_site_code_mapping_not_historical_photo_page_capture,"(c) Mourad Harzallah, some rights reserved (CC BY)","Bird detection annotation; resized, cropped, and augmented for model training",platform_terms_reply_pending,2026-09-24T19:44:58.404988+00:00
inaturalist:730992975,730992975,398486926,https://www.inaturalist.org/observations/398486926,9eafa194a5302a94b806cb26e3e249627d0a391db07b12bb484233d643c76bf9,cc-by,https://creativecommons.org/licenses/by/4.0/,current_site_code_mapping_not_historical_photo_page_capture,"(c) Mourad Harzallah, some rights reserved (CC BY)","Bird detection annotation; resized, cropped, and augmented for model training",platform_terms_reply_pending,2026-09-24T19:44:58.404988+00:00
inaturalist:730992991,730992991,398486993,https://www.inaturalist.org/observations/398486993,93c62f879177cd4742e327bd5459a14c9883d713fde1d7efa1ccd679df3312ff,cc-by,https://creativecommons.org/licenses/by/4.0/,current_site_code_mapping_not_historical_photo_page_capture,"(c) Mourad Harzallah, some rights reserved (CC BY)","Bird detection annotation; resized, cropped, and augmented for model training",platform_terms_reply_pending,2026-09-24T19:44:58.404988+00:00
inaturalist:731050752,731050752,398515177,https://www.inaturalist.org/observations/398515177,381906369392e94e070625f4b6721897f4d9a634110577f870d06cfb8c9b74fc,cc-by,https://creativecommons.org/licenses/by/4.0/,current_site_code_mapping_not_historical_photo_page_capture,"(c) Tom and T Herman, some rights reserved (CC BY)","Bird detection annotation; resized, cropped, and augmented for model training",platform_terms_reply_pending,2026-09-24T19:44:58.404988+00:00
inaturalist:731055292,731055292,398517654,https://www.inaturalist.org/observations/398517654,1796f426b6aedaabd4a2fcec47a8b6b481d3b300bcb7b0976a0ea77eb27f5f66,cc-by,https://creativecommons.org/licenses/by/4.0/,current_site_code_mapping_not_historical_photo_page_capture,"(c) Jiao Sun (孙娇), some rights reserved (CC BY)","Bird detection annotation; resized, cropped, and augmented for model training",platform_terms_reply_pending,2026-09-24T19:44:58.404988+00:00
inaturalist:731055422,731055422,398517738,https://www.inaturalist.org/observations/398517738,cb6626c4dd3f2be5ed1bafe9784329be0b97983ffc6ca826862ed6910b17f737,cc-by,https://creativecommons.org/licenses/by/4.0/,current_site_code_mapping_not_historical_photo_page_capture,"(c) Jiao Sun (孙娇), some rights reserved (CC BY)","Bird detection annotation; resized, cropped, and augmented for model training",platform_terms_reply_pending,2026-09-24T19:44:58.404988+00:00
inaturalist:731134885,731134885,398558047,https://www.inaturalist.org/observations/398558047,8ed83e1e6ef658e5faec753e65fdc33095184f4462efe733d0365e2404af3d16,cc-by,https://creativecommons.org/licenses/by/4.0/,current_site_code_mapping_not_historical_photo_page_capture,"(c) Frank Ashwood, some rights reserved (CC BY)","Bird detection annotation; resized, cropped, and augmented for model training",platform_terms_reply_pending,2026-09-24T19:44:58.404988+00:00
inaturalist:731279207,731279207,398628201,https://www.inaturalist.org/observations/398628201,1ec86d8e432be8c55aa04311caa170315fbdc0090b3da80164d47795755f5aeb,cc-by,https://creativecommons.org/licenses/by/4.0/,current_site_code_mapping_not_historical_photo_page_capture,"(c) Vladimír Nemček, some rights reserved (CC BY)","Bird detection annotation; resized, cropped, and augmented for model training",platform_terms_reply_pending,2026-09-24T19:44:58.404988+00:00
inaturalist:731416555,731416555,398699606,https://www.inaturalist.org/observations/398699606,7e2e58a9decf7b8c09e047daaa29fe43926fe3d884c8d4662455e21626824b0a,cc-by,https://creativecommons.org/licenses/by/4.0/,current_site_code_mapping_not_historical_photo_page_capture,"(c) Albert Rainbow, some rights reserved (CC BY)","Bird detection annotation; resized, cropped, and augmented for model training",platform_terms_reply_pending,2026-09-24T19:44:58.404988+00:00
inaturalist:76842660,76842660,48427860,https://www.inaturalist.org/observations/48427860,e4543cdbb558fb6a587bd7cc72c46cbc10addece2bb20949c67af8d72461dd2e,cc-by,https://creativecommons.org/licenses/by/4.0/,current_site_code_mapping_not_historical_photo_page_capture,"(c) Pramod CL, some rights reserved (CC BY)","Bird detection annotation; resized, cropped, and augmented for model training",platform_terms_reply_pending,2026-09-24T19:44:58.404988+00:00
inaturalist:86885478,86885478,54599884,https://www.inaturalist.org/observations/54599884,9ffa4aa41eae63d6e214d6dcd31130a020d06e276b5a83df36f4f022f189201e,cc-by,https://creativecommons.org/licenses/by/4.0/,current_site_code_mapping_not_historical_photo_page_capture,"(c) Ian Dugdale, some rights reserved (CC BY)","Bird detection annotation; resized, cropped, and augmented for model training",platform_terms_reply_pending,2026-09-24T19:44:58.404988+00:00
inaturalist:91079075,91079075,57116152,https://www.inaturalist.org/observations/57116152,125912dedbfc9cddb883d2d6309d909dc54f34d2c07422da49250e40f355e675,cc0,https://creativecommons.org/publicdomain/zero/1.0/,current_site_code_mapping_not_historical_photo_page_capture,no rights reserved,"Bird detection annotation; resized, cropped, and augmented for model training",platform_terms_reply_pending,2026-09-24T19:44:58.404988+00:00
inaturalist:94292789,94292789,59033941,https://www.inaturalist.org/observations/59033941,0a1c8150fd772d948f19a04fbf864f694846f63f7d300fbce1c577177050f8a2,cc-by,https://creativecommons.org/licenses/by/4.0/,current_site_code_mapping_not_historical_photo_page_capture,"(c) Christoph Moning, some rights reserved (CC BY)","Bird detection annotation; resized, cropped, and augmented for model training",platform_terms_reply_pending,2026-09-24T19:44:58.404988+00:00
inaturalist:94293769,94293769,59033944,https://www.inaturalist.org/observations/59033944,bf1350eea63da5cc99c7071ef44ae96d9d8b511fb6a8e744201e48b0f0ad220c,cc-by,https://creativecommons.org/licenses/by/4.0/,current_site_code_mapping_not_historical_photo_page_capture,"(c) Christoph Moning, some rights reserved (CC BY)","Bird detection annotation; resized, cropped, and augmented for model training",platform_terms_reply_pending,2026-09-24T19:44:58.404988+00:00
inaturalist:94294944,94294944,59034701,https://www.inaturalist.org/observations/59034701,7d5dfa549fd735818b707b144f3e6b17d64560684f1c5efda10b7e18a050cce1,cc-by,https://creativecommons.org/licenses/by/4.0/,current_site_code_mapping_not_historical_photo_page_capture,"(c) Christoph Moning, some rights reserved (CC BY)","Bird detection annotation; resized, cropped, and augmented for model training",platform_terms_reply_pending,2026-09-24T19:44:58.404988+00:00
inaturalist:94295569,94295569,59035181,https://www.inaturalist.org/observations/59035181,c57a336779f3e592ce4dfe5dd82257ab4a42656480f936b2ad29f3f242a3f089,cc-by,https://creativecommons.org/licenses/by/4.0/,current_site_code_mapping_not_historical_photo_page_capture,"(c) Christoph Moning, some rights reserved (CC BY)","Bird detection annotation; resized, cropped, and augmented for model training",platform_terms_reply_pending,2026-09-24T19:44:58.404988+00:00
inaturalist:94296333,94296333,59035699,https://www.inaturalist.org/observations/59035699,9ec58aa07290352cf3a4d49459de645391ca9bf11ba9345d0f15bebfa9eb33c3,cc-by,https://creativecommons.org/licenses/by/4.0/,current_site_code_mapping_not_historical_photo_page_capture,"(c) Christoph Moning, some rights reserved (CC BY)","Bird detection annotation; resized, cropped, and augmented for model training",platform_terms_reply_pending,2026-09-24T19:44:58.404988+00:00
inaturalist:94296371,94296371,59035700,https://www.inaturalist.org/observations/59035700,1560a1b26edec287167e3e7e9ee914c650000051e7f2b8da65122ab7cdc9448c,cc-by,https://creativecommons.org/licenses/by/4.0/,current_site_code_mapping_not_historical_photo_page_capture,"(c) Christoph Moning, some rights reserved (CC BY)","Bird detection annotation; resized, cropped, and augmented for model training",platform_terms_reply_pending,2026-09-24T19:44:58.404988+00:00
inaturalist:94296456,94296456,59035702,https://www.inaturalist.org/observations/59035702,dabbe781c7759b244a7a9b58d4c8f017eac6231f8d26660935e5b7558986d24b,cc-by,https://creativecommons.org/licenses/by/4.0/,current_site_code_mapping_not_historical_photo_page_capture,"(c) Christoph Moning, some rights reserved (CC BY)","Bird detection annotation; resized, cropped, and augmented for model training",platform_terms_reply_pending,2026-09-24T19:44:58.404988+00:00
inaturalist:94298919,94298919,59037289,https://www.inaturalist.org/observations/59037289,2faf61eb7fbe93b446142b254185ecb81af67cd8fe86881f16478fee09b24d97,cc-by,https://creativecommons.org/licenses/by/4.0/,current_site_code_mapping_not_historical_photo_page_capture,"(c) Christoph Moning, some rights reserved (CC BY)","Bird detection annotation; resized, cropped, and augmented for model training",platform_terms_reply_pending,2026-09-24T19:44:58.404988+00:00
inaturalist:94308553,94308553,59042577,https://www.inaturalist.org/observations/59042577,062a1e299b6a3ffc9f1d75534c1b6bd2f4eab52e00640020026b42cc3815a0b8,cc-by,https://creativecommons.org/licenses/by/4.0/,current_site_code_mapping_not_historical_photo_page_capture,"(c) Christoph Moning, some rights reserved (CC BY)","Bird detection annotation; resized, cropped, and augmented for model training",platform_terms_reply_pending,2026-09-24T19:44:58.404988+00:00
inaturalist:94309246,94309246,59043173,https://www.inaturalist.org/observations/59043173,e2bc3ac39d64c1260c3ec354dcc31a35ad1d8595ef4f81f45c642654df6e22ca,cc-by,https://creativecommons.org/licenses/by/4.0/,current_site_code_mapping_not_historical_photo_page_capture,"(c) Christoph Moning, some rights reserved (CC BY)","Bird detection annotation; resized, cropped, and augmented for model training",platform_terms_reply_pending,2026-09-24T19:44:58.404988+00:00
inaturalist:94309954,94309954,59043183,https://www.inaturalist.org/observations/59043183,753f9078798e50c36241061092343179ab577507e1b64c14cc62d5fc3f991f41,cc-by,https://creativecommons.org/licenses/by/4.0/,current_site_code_mapping_not_historical_photo_page_capture,"(c) Christoph Moning, some rights reserved (CC BY)","Bird detection annotation; resized, cropped, and augmented for model training",platform_terms_reply_pending,2026-09-24T19:44:58.404988+00:00
inaturalist:94311434,94311434,59045499,https://www.inaturalist.org/observations/59045499,3e2f92e9eeabc6d1c43adb383ed75340cc071e139064f995e1bf57b62161decb,cc-by,https://creativecommons.org/licenses/by/4.0/,current_site_code_mapping_not_historical_photo_page_capture,"(c) Christoph Moning, some rights reserved (CC BY)","Bird detection annotation; resized, cropped, and augmented for model training",platform_terms_reply_pending,2026-09-24T19:44:58.404988+00:00
inaturalist:94311443,94311443,59045500,https://www.inaturalist.org/observations/59045500,5151c1e216c4d3d9419452c313712efd47708d0ca238aa33d3c388a5305a4570,cc-by,https://creativecommons.org/licenses/by/4.0/,current_site_code_mapping_not_historical_photo_page_capture,"(c) Christoph Moning, some rights reserved (CC BY)","Bird detection annotation; resized, cropped, and augmented for model training",platform_terms_reply_pending,2026-09-24T19:44:58.404988+00:00
inaturalist:94311649,94311649,59045505,https://www.inaturalist.org/observations/59045505,263bbaef0c7a26c0b55ad312d02b9a82013d8caea326fc35fd58cf4d19508b0b,cc-by,https://creativecommons.org/licenses/by/4.0/,current_site_code_mapping_not_historical_photo_page_capture,"(c) Christoph Moning, some rights reserved (CC BY)","Bird detection annotation; resized, cropped, and augmented for model training",platform_terms_reply_pending,2026-09-24T19:44:58.404988+00:00
inaturalist:94312044,94312044,59045519,https://www.inaturalist.org/observations/59045519,180d5154c5b04ed2dbc5fdbe01053470b595eb5a42c0680a689ada3a57684d1c,cc-by,https://creativecommons.org/licenses/by/4.0/,current_site_code_mapping_not_historical_photo_page_capture,"(c) Christoph Moning, some rights reserved (CC BY)","Bird detection annotation; resized, cropped, and augmented for model training",platform_terms_reply_pending,2026-09-24T19:44:58.404988+00:00
inaturalist:94312565,94312565,59045525,https://www.inaturalist.org/observations/59045525,1952c2ca631f56ac0ac587a6bd22fc45051d4e144323c449c52e7124e1425277,cc-by,https://creativecommons.org/licenses/by/4.0/,current_site_code_mapping_not_historical_photo_page_capture,"(c) Christoph Moning, some rights reserved (CC BY)","Bird detection annotation; resized, cropped, and augmented for model training",platform_terms_reply_pending,2026-09-24T19:44:58.404988+00:00
